Workbook

Sheet Nómina
A1: Tipo | B1: Región Educativa | C1: Código Distrito DGCyE | D1: Nombre de Distrito - Partido | E1: CUE | F1: Anexo | G1: Clave Provincial | H1: Dependencia | I1: Tipo de Organización | J1: Sede Anexo Extensión | K1: Escuela Sede | L1: Nombre del Establecimiento | M1: Nombre del Establecimiento_fines | N1: Ámbito Geográfico | O1: Matrícula Estimada | P1: Modalidad | Q1: Nivel | R1: Matricula Total | S1: Secciones | T1: Universo | U1: Universo_Excl. | V1: Estrato_Oferta | W1: Estrato_GEO | X1: Estrato | Y1: IVSE_T (ficticio) | Z1: IVSE_T (punto) (real)
A2: Un.Serv. | B2: 01 | C2: 113 | D2: Berisso | E2: 602838 | F2: 2 | G2: 0113DC0708 | H2: Oficial | I2: CENTRO DE EDUCACIÓN PRIMARIA DE ADULTOS | J2: EXTENSION | K2: 0113DE0703 | L2: CENTRO DE ADULTOS Nº708/03 "DARDO ROCHA" | N2: Urbano | O2: No | P2: Educación de Jóvenes y Adultos | Q2: Nivel Primario | R2: 24 | S2: 2 | T2: 0 | U2: Prim. NO EPA | W2: =+IF(V2="","",IF(V2="FINES",CONCATENATE("R",IF(OR(B2="16",B2="21",B2="22",B2="23"),"16212223",IF(OR(B2="15",B2="17",B2="24",B2="25"),"15172425",B2))),IF(V2="CEBAS","UNICO",IF(VALUE(B2)<=11,"AMBA","INTERIOR")))) | X2: =+IF(V2="","-",CONCATENATE(V2,"_",W2)) -> - | Y2: 0 | Z2: =IFERROR(IFERROR(VLOOKUP(G2,'IVSET-Escuelas'!A:F,4,FALSE),VLOOKUP(M2,'IVSET-Fines'!F:L,7,FALSE)),"-") -> 0.57156479
A3: Un.Serv. | B3: 04 | C3: 032 | D3: Florencio Varela | E3: 608473 | F3: 1 | G3: 0032DC0717 | H3: Oficial | I3: CENTRO DE EDUCACIÓN PRIMARIA DE ADULTOS | J3: EXTENSION | K3: 0032DE0721 | L3: CENTRO DE ADULTOS Nº717/21 | N3: Urbano | O3: No | P3: Educación de Jóvenes y Adultos | Q3: Nivel Primario | R3: 55 | S3: 4 | T3: 0 | U3: Prim. NO EPA | W3: =+IF(V3="","",IF(V3="FINES",CONCATENATE("R",IF(OR(B3="16",B3="21",B3="22",B3="23"),"16212223",IF(OR(B3="15",B3="17",B3="24",B3="25"),"15172425",B3))),IF(V3="CEBAS","UNICO",IF(VALUE(B3)<=11,"AMBA","INTERIOR")))) | X3: =+IF(V3="","-",CONCATENATE(V3,"_",W3)) -> - | Y3: 0 | Z3: =IFERROR(IFERROR(VLOOKUP(G3,'IVSET-Escuelas'!A:F,4,FALSE),VLOOKUP(M3,'IVSET-Fines'!F:L,7,FALSE)),"-") -> 0.58211553
A4: Un.Serv. | B4: 20 | C4: 060 | D4: Lobería | E4: 600691 | F4: 0 | G4: 0060DC0703 | H4: Oficial | I4: CENTRO DE EDUCACIÓN PRIMARIA DE ADULTOS | J4: SEDE | L4: CENTRO DE ADULTOS Nº703 "VILLA ERCILIA" | N4: Urbano | O4: No | P4: Educación de Jóvenes y Adultos | Q4: Nivel Primario | R4: 11 | S4: 1 | T4: 0 | U4: Prim. NO EPA | W4: =+IF(V4="","",IF(V4="FINES",CONCATENATE("R",IF(OR(B4="16",B4="21",B4="22",B4="23"),"16212223",IF(OR(B4="15",B4="17",B4="24",B4="25"),"15172425",B4))),IF(V4="CEBAS","UNICO",IF(VALUE(B4)<=11,"AMBA","INTERIOR")))) | X4: =+IF(V4="","-",CONCATENATE(V4,"_",W4)) -> - | Y4: 0.001 | Z4: =IFERROR(IFERROR(VLOOKUP(G4,'IVSET-Escuelas'!A:F,4,FALSE),VLOOKUP(M4,'IVSET-Fines'!F:L,7,FALSE)),"-") -> 0.60423279
A5: Un.Serv. | B5: 02 | C5: 111 | D5: Lanús | E5: 608243 | F5: 1 | G5: 0111DC0727 | H5: Oficial | I5: CENTRO DE EDUCACIÓN PRIMARIA DE ADULTOS | J5: EXTENSION | K5: 0111DE0712 | L5: CENTRO DE ADULTOS Nº727/12 | N5: Urbano | O5: No | P5: Educación de Jóvenes y Adultos | Q5: Nivel Primario | R5: 46 | S5: 3 | T5: 0 | U5: Prim. NO EPA | W5: =+IF(V5="","",IF(V5="FINES",CONCATENATE("R",IF(OR(B5="16",B5="21",B5="22",B5="23"),"16212223",IF(OR(B5="15",B5="17",B5="24",B5="25"),"15172425",B5))),IF(V5="CEBAS","UNICO",IF(VALUE(B5)<=11,"AMBA","INTERIOR")))) | X5: =+IF(V5="","-",CONCATENATE(V5,"_",W5)) -> - | Y5: 0.001 | Z5: =IFERROR(IFERROR(VLOOKUP(G5,'IVSET-Escuelas'!A:F,4,FALSE),VLOOKUP(M5,'IVSET-Fines'!F:L,7,FALSE)),"-") -> 0.57851213
A6: Un.Serv. | B6: 19 | C6: 043 | D6: General Pueyrredón | E6: 613572 | F6: 1 | G6: 0043DC0739 | H6: Oficial | I6: CENTRO DE EDUCACIÓN PRIMARIA DE ADULTOS | J6: EXTENSION | K6: 0043DE0743 | L6: CENTRO DE ADULTOS Nº739/06 | N6: Urbano | O6: No | P6: Educación de Jóvenes y Adultos | Q6: Nivel Primario | R6: 36 | S6: 3 | T6: 0 | U6: Prim. NO EPA | W6: =+IF(V6="","",IF(V6="FINES",CONCATENATE("R",IF(OR(B6="16",B6="21",B6="22",B6="23"),"16212223",IF(OR(B6="15",B6="17",B6="24",B6="25"),"15172425",B6))),IF(V6="CEBAS","UNICO",IF(VALUE(B6)<=11,"AMBA","INTERIOR")))) | X6: =+IF(V6="","-",CONCATENATE(V6,"_",W6)) -> - | Y6: 0.002 | Z6: =IFERROR(IFERROR(VLOOKUP(G6,'IVSET-Escuelas'!A:F,4,FALSE),VLOOKUP(M6,'IVSET-Fines'!F:L,7,FALSE)),"-") -> 0.5861389
A7: Un.Serv. | B7: 08 | C7: 071 | D7: Merlo | E7: 609955 | F7: 4 | G7: 0071DC0714 | H7: Oficial | I7: CENTRO DE EDUCACIÓN PRIMARIA DE ADULTOS | J7: EXTENSION | K7: 0071DE0703 | L7: CENTRO DE ADULTOS Nº714/03 | N7: Urbano | O7: No | P7: Educación de Jóvenes y Adultos | Q7: Nivel Primario | R7: 40 | S7: 3 | T7: 0 | U7: Prim. NO EPA | W7: =+IF(V7="","",IF(V7="FINES",CONCATENATE("R",IF(OR(B7="16",B7="21",B7="22",B7="23"),"16212223",IF(OR(B7="15",B7="17",B7="24",B7="25"),"15172425",B7))),IF(V7="CEBAS","UNICO",IF(VALUE(B7)<=11,"AMBA","INTERIOR")))) | X7: =+IF(V7="","-",CONCATENATE(V7,"_",W7)) -> - | Y7: 0.004 | Z7: =IFERROR(IFERROR(VLOOKUP(G7,'IVSET-Escuelas'!A:F,4,FALSE),VLOOKUP(M7,'IVSET-Fines'!F:L,7,FALSE)),"-") -> 0.67768568
A8: Un.Serv. | B8: 04 | C8: 032 | D8: Florencio Varela | E8: 608473 | F8: 2 | G8: 0032DC0718 | H8: Oficial | I8: CENTRO DE EDUCACIÓN PRIMARIA DE ADULTOS | J8: EXTENSION | K8: 0032DE0721 | L8: CENTRO DE ADULTOS Nº718/21 | N8: Urbano | O8: No | P8: Educación de Jóvenes y Adultos | Q8: Nivel Primario | R8: 38 | S8: 3 | T8: 0 | U8: Prim. NO EPA | W8: =+IF(V8="","",IF(V8="FINES",CONCATENATE("R",IF(OR(B8="16",B8="21",B8="22",B8="23"),"16212223",IF(OR(B8="15",B8="17",B8="24",B8="25"),"15172425",B8))),IF(V8="CEBAS","UNICO",IF(VALUE(B8)<=11,"AMBA","INTERIOR")))) | X8: =+IF(V8="","-",CONCATENATE(V8,"_",W8)) -> - | Y8: 0.004 | Z8: =IFERROR(IFERROR(VLOOKUP(G8,'IVSET-Escuelas'!A:F,4,FALSE),VLOOKUP(M8,'IVSET-Fines'!F:L,7,FALSE)),"-") -> 0.57331204
A9: Un.Serv. | B9: 11 | C9: 047 | D9: Zárate | E9: 605769 | F9: 1 | G9: 0047DC0708 | H9: Oficial | I9: CENTRO DE EDUCACIÓN PRIMARIA DE ADULTOS | J9: EXTENSION | K9: 0047DE0703 | L9: CENTRO DE ADULTOS Nº708/03 | N9: Urbano | O9: No | P9: Educación de Jóvenes y Adultos | Q9: Nivel Primario | R9: 32 | S9: 2 | T9: 0 | U9: Prim. NO EPA | W9: =+IF(V9="","",IF(V9="FINES",CONCATENATE("R",IF(OR(B9="16",B9="21",B9="22",B9="23"),"16212223",IF(OR(B9="15",B9="17",B9="24",B9="25"),"15172425",B9))),IF(V9="CEBAS","UNICO",IF(VALUE(B9)<=11,"AMBA","INTERIOR")))) | X9: =+IF(V9="","-",CONCATENATE(V9,"_",W9)) -> - | Y9: 0.006 | Z9: =IFERROR(IFERROR(VLOOKUP(G9,'IVSET-Escuelas'!A:F,4,FALSE),VLOOKUP(M9,'IVSET-Fines'!F:L,7,FALSE)),"-") -> 0.22091849
A10: Un.Serv. | B10: 07 | C10: 135 | D10: Hurlingham | E10: 600021 | F10: 1 | G10: 0135DC0707 | H10: Oficial | I10: CENTRO DE EDUCACIÓN PRIMARIA DE ADULTOS | J10: EXTENSION | K10: 0135DE0701 | L10: CENTRO DE ADULTOS Nº707/01 | N10: Urbano | O10: No | P10: Educación de Jóvenes y Adultos | Q10: Nivel Primario | R10: 30 | S10: 2 | T10: 0 | U10: Prim. NO EPA | W10: =+IF(V10="","",IF(V10="FINES",CONCATENATE("R",IF(OR(B10="16",B10="21",B10="22",B10="23"),"16212223",IF(OR(B10="15",B10="17",B10="24",B10="25"),"15172425",B10))),IF(V10="CEBAS","UNICO",IF(VALUE(B10)<=11,"AMBA","INTERIOR")))) | X10: =+IF(V10="","-",CONCATENATE(V10,"_",W10)) -> - | Y10: 0.007 | Z10: =IFERROR(IFERROR(VLOOKUP(G10,'IVSET-Escuelas'!A:F,4,FALSE),VLOOKUP(M10,'IVSET-Fines'!F:L,7,FALSE)),"-") -> 0.41915533
A11: Un.Serv. | B11: 22 | C11: 078 | D11: Patagones | E11: 603157 | F11: 3 | G11: 0078DC0704 | H11: Oficial | I11: CENTRO DE EDUCACIÓN PRIMARIA DE ADULTOS | J11: EXTENSION | K11: 0078DE0701 | L11: CENTRO DE ADULTOS Nº704/01 | N11: Urbano | O11: No | P11: Educación de Jóvenes y Adultos | Q11: Nivel Primario | R11: 36 | S11: 3 | T11: 0 | U11: Prim. NO EPA | W11: =+IF(V11="","",IF(V11="FINES",CONCATENATE("R",IF(OR(B11="16",B11="21",B11="22",B11="23"),"16212223",IF(OR(B11="15",B11="17",B11="24",B11="25"),"15172425",B11))),IF(V11="CEBAS","UNICO",IF(VALUE(B11)<=11,"AMBA","INTERIOR")))) | X11: =+IF(V11="","-",CONCATENATE(V11,"_",W11)) -> - | Y11: 0.009 | Z11: =IFERROR(IFERROR(VLOOKUP(G11,'IVSET-Escuelas'!A:F,4,FALSE),VLOOKUP(M11,'IVSET-Fines'!F:L,7,FALSE)),"-") -> 0.38167584
A12: Un.Serv. | B12: 18 | C12: 125 | D12: Villa Gesell | E12: 613151 | F12: 1 | G12: 0125DC0702 | H12: Oficial | I12: CENTRO DE EDUCACIÓN PRIMARIA DE ADULTOS | J12: EXTENSION | K12: 0125DE0701 | L12: CENTRO DE ADULTOS Nº702/01 | N12: Urbano | O12: No | P12: Educación de Jóvenes y Adultos | Q12: Nivel Primario | R12: 38 | S12: 3 | T12: 0 | U12: Prim. NO EPA | W12: =+IF(V12="","",IF(V12="FINES",CONCATENATE("R",IF(OR(B12="16",B12="21",B12="22",B12="23"),"16212223",IF(OR(B12="15",B12="17",B12="24",B12="25"),"15172425",B12))),IF(V12="CEBAS","UNICO",IF(VALUE(B12)<=11,"AMBA","INTERIOR")))) | X12: =+IF(V12="","-",CONCATENATE(V12,"_",W12)) -> - | Y12: 0.013 | Z12: =IFERROR(IFERROR(VLOOKUP(G12,'IVSET-Escuelas'!A:F,4,FALSE),VLOOKUP(M12,'IVSET-Fines'!F:L,7,FALSE)),"-") -> 0.40243295
A13: Un.Serv. | B13: 03 | C13: 069 | D13: La Matanza | E13: 602154 | F13: 1 | G13: 0069DC0715 | H13: Oficial | I13: CENTRO DE EDUCACIÓN PRIMARIA DE ADULTOS | J13: EXTENSION | K13: 0069DE0716 | L13: CENTRO DE ADULTOS Nº715/16 | N13: Urbano | O13: No | P13: Educación de Jóvenes y Adultos | Q13: Nivel Primario | R13: 21 | S13: 2 | T13: 0 | U13: Prim. NO EPA | W13: =+IF(V13="","",IF(V13="FINES",CONCATENATE("R",IF(OR(B13="16",B13="21",B13="22",B13="23"),"16212223",IF(OR(B13="15",B13="17",B13="24",B13="25"),"15172425",B13))),IF(V13="CEBAS","UNICO",IF(VALUE(B13)<=11,"AMBA","INTERIOR")))) | X13: =+IF(V13="","-",CONCATENATE(V13,"_",W13)) -> - | Y13: 0.016 | Z13: =IFERROR(IFERROR(VLOOKUP(G13,'IVSET-Escuelas'!A:F,4,FALSE),VLOOKUP(M13,'IVSET-Fines'!F:L,7,FALSE)),"-") -> 0.46857023
A14: Un.Serv. | B14: 05 | C14: 004 | D14: Almirante Brown | E14: 613277 | F14: 3 | G14: 0004DC0738 | H14: Oficial | I14: CENTRO DE EDUCACIÓN PRIMARIA DE ADULTOS | J14: EXTENSION | K14: 0004DE0701 | L14: CENTRO DE ADULTOS Nº738/01 | N14: Urbano | O14: No | P14: Educación de Jóvenes y Adultos | Q14: Nivel Primario | R14: 32 | S14: 2 | T14: 0 | U14: Prim. NO EPA | W14: =+IF(V14="","",IF(V14="FINES",CONCATENATE("R",IF(OR(B14="16",B14="21",B14="22",B14="23"),"16212223",IF(OR(B14="15",B14="17",B14="24",B14="25"),"15172425",B14))),IF(V14="CEBAS","UNICO",IF(VALUE(B14)<=11,"AMBA","INTERIOR")))) | X14: =+IF(V14="","-",CONCATENATE(V14,"_",W14)) -> - | Y14: 0.017 | Z14: =IFERROR(IFERROR(VLOOKUP(G14,'IVSET-Escuelas'!A:F,4,FALSE),VLOOKUP(M14,'IVSET-Fines'!F:L,7,FALSE)),"-") -> 0.49061516
A15: Un.Serv. | B15: 02 | C15: 005 | D15: Avellaneda | E15: 624498 | F15: 0 | G15: 2005DM9000 | H15: Nacional | I15: CENTRO EDUCATIVO DE NIVEL SECUNDARIO (C.E.N.S.) | J15: SEDE | L15: ESCUELA SECUNDARIA DE JÓVENES Y ADULTOS DE LA UNIVERSIDAD NACIONAL DE AVELLANEDA | N15: Urbano | O15: Sí | P15: Educación de Jóvenes y Adultos | Q15: Nivel Secundario | R15: 36 | S15: 2 | T15: 0 | U15: No Oficial | W15: =+IF(V15="","",IF(V15="FINES",CONCATENATE("R",IF(OR(B15="16",B15="21",B15="22",B15="23"),"16212223",IF(OR(B15="15",B15="17",B15="24",B15="25"),"15172425",B15))),IF(V15="CEBAS","UNICO",IF(VALUE(B15)<=11,"AMBA","INTERIOR")))) | X15: =+IF(V15="","-",CONCATENATE(V15,"_",W15)) -> - | Y15: 0.017 | Z15: =IFERROR(IFERROR(VLOOKUP(G15,'IVSET-Escuelas'!A:F,4,FALSE),VLOOKUP(M15,'IVSET-Fines'!F:L,7,FALSE)),"-") -> 0.089544587
A16: Un.Serv. | B16: 11 | C16: 015 | D16: Campana | E16: 605809 | F16: 1 | G16: 0015DC0703 | H16: Oficial | I16: CENTRO DE EDUCACIÓN PRIMARIA DE ADULTOS | J16: EXTENSION | K16: 0015DE0701 | L16: CENTRO DE ADULTOS Nº703/01 "RAFAEL OBLIGADO" | N16: Urbano | O16: No | P16: Educación de Jóvenes y Adultos | Q16: Nivel Primario | R16: 60 | S16: 4 | T16: 0 | U16: Prim. NO EPA | W16: =+IF(V16="","",IF(V16="FINES",CONCATENATE("R",IF(OR(B16="16",B16="21",B16="22",B16="23"),"16212223",IF(OR(B16="15",B16="17",B16="24",B16="25"),"15172425",B16))),IF(V16="CEBAS","UNICO",IF(VALUE(B16)<=11,"AMBA","INTERIOR")))) | X16: =+IF(V16="","-",CONCATENATE(V16,"_",W16)) -> - | Y16: 0.018 | Z16: =IFERROR(IFERROR(VLOOKUP(G16,'IVSET-Escuelas'!A:F,4,FALSE),VLOOKUP(M16,'IVSET-Fines'!F:L,7,FALSE)),"-") -> 0.42958769
A17: Un.Serv. | B17: 08 | C17: 071 | D17: Merlo | E17: 614527 | F17: 0 | G17: 0071DA0099 | H17: Oficial | I17: CENTRO DE ALFABETIZACIÓN | J17: SEDE | L17: CENTRO DE ALFABETIZACION Nº799/99 | N17: Urbano | O17: No | P17: Educación de Jóvenes y Adultos | Q17: Nivel Primario | R17: 10 | S17: 1 | T17: 0 | U17: Prim. NO EPA | W17: =+IF(V17="","",IF(V17="FINES",CONCATENATE("R",IF(OR(B17="16",B17="21",B17="22",B17="23"),"16212223",IF(OR(B17="15",B17="17",B17="24",B17="25"),"15172425",B17))),IF(V17="CEBAS","UNICO",IF(VALUE(B17)<=11,"AMBA","INTERIOR")))) | X17: =+IF(V17="","-",CONCATENATE(V17,"_",W17)) -> - | Y17: 0.019 | Z17: =IFERROR(IFERROR(VLOOKUP(G17,'IVSET-Escuelas'!A:F,4,FALSE),VLOOKUP(M17,'IVSET-Fines'!F:L,7,FALSE)),"-") -> 0.62854052
A18: Un.Serv. | B18: 05 | C18: 030 | D18: Esteban Echeverría | E18: 609164 | F18: 2 | G18: 0030DC0707 | H18: Oficial | I18: CENTRO DE EDUCACIÓN PRIMARIA DE ADULTOS | J18: EXTENSION | K18: 0030DE0701 | L18: CENTRO DE ADULTOS Nº707/01 | N18: Urbano | O18: No | P18: Educación de Jóvenes y Adultos | Q18: Nivel Primario | R18: 42 | S18: 3 | T18: 0 | U18: Prim. NO EPA | W18: =+IF(V18="","",IF(V18="FINES",CONCATENATE("R",IF(OR(B18="16",B18="21",B18="22",B18="23"),"16212223",IF(OR(B18="15",B18="17",B18="24",B18="25"),"15172425",B18))),IF(V18="CEBAS","UNICO",IF(VALUE(B18)<=11,"AMBA","INTERIOR")))) | X18: =+IF(V18="","-",CONCATENATE(V18,"_",W18)) -> - | Y18: 0.021 | Z18: =IFERROR(IFERROR(VLOOKUP(G18,'IVSET-Escuelas'!A:F,4,FALSE),VLOOKUP(M18,'IVSET-Fines'!F:L,7,FALSE)),"-") -> 0.62222159
A19: Un.Serv. | B19: 01 | C19: 001 | D19: La Plata | E19: 609115 | F19: 2 | G19: 0001DC0720 | H19: Oficial | I19: CENTRO DE EDUCACIÓN PRIMARIA DE ADULTOS | J19: EXTENSION | K19: 0001DE0713 | L19: CENTRO DE ADULTOS Nº720/13 | N19: Urbano | O19: No | P19: Educación de Jóvenes y Adultos | Q19: Nivel Primario | R19: 28 | S19: 2 | T19: 0 | U19: Prim. NO EPA | W19: =+IF(V19="","",IF(V19="FINES",CONCATENATE("R",IF(OR(B19="16",B19="21",B19="22",B19="23"),"16212223",IF(OR(B19="15",B19="17",B19="24",B19="25"),"15172425",B19))),IF(V19="CEBAS","UNICO",IF(VALUE(B19)<=11,"AMBA","INTERIOR")))) | X19: =+IF(V19="","-",CONCATENATE(V19,"_",W19)) -> - | Y19: 0.021 | Z19: =IFERROR(IFERROR(VLOOKUP(G19,'IVSET-Escuelas'!A:F,4,FALSE),VLOOKUP(M19,'IVSET-Fines'!F:L,7,FALSE)),"-") -> 0.31114101
A20: Un.Serv. | B20: 12 | C20: 098 | D20: San Pedro | E20: 613674 | F20: 0 | G20: 0098DC0702 | H20: Oficial | I20: CENTRO DE EDUCACIÓN PRIMARIA DE ADULTOS | J20: SEDE | L20: CENTRO DE ADULTOS Nº702 | N20: Urbano | O20: No | P20: Educación de Jóvenes y Adultos | Q20: Nivel Primario | R20: 21 | S20: 2 | T20: 0 | U20: Prim. NO EPA | W20: =+IF(V20="","",IF(V20="FINES",CONCATENATE("R",IF(OR(B20="16",B20="21",B20="22",B20="23"),"16212223",IF(OR(B20="15",B20="17",B20="24",B20="25"),"15172425",B20))),IF(V20="CEBAS","UNICO",IF(VALUE(B20)<=11,"AMBA","INTERIOR")))) | X20: =+IF(V20="","-",CONCATENATE(V20,"_",W20)) -> - | Y20: 0.022 | Z20: =IFERROR(IFERROR(VLOOKUP(G20,'IVSET-Escuelas'!A:F,4,FALSE),VLOOKUP(M20,'IVSET-Fines'!F:L,7,FALSE)),"-") -> 0.4542442
A21: Un.Serv. | B21: 02 | C21: 111 | D21: Lanús | E21: 608243 | F21: 4 | G21: 0111DC0715 | H21: Oficial | I21: CENTRO DE EDUCACIÓN PRIMARIA DE ADULTOS | J21: EXTENSION | K21: 0111DE0712 | L21: CENTRO DE ADULTOS Nº715/12 | N21: Urbano | O21: No | P21: Educación de Jóvenes y Adultos | Q21: Nivel Primario | R21: 31 | S21: 2 | T21: 0 | U21: Prim. NO EPA | W21: =+IF(V21="","",IF(V21="FINES",CONCATENATE("R",IF(OR(B21="16",B21="21",B21="22",B21="23"),"16212223",IF(OR(B21="15",B21="17",B21="24",B21="25"),"15172425",B21))),IF(V21="CEBAS","UNICO",IF(VALUE(B21)<=11,"AMBA","INTERIOR")))) | X21: =+IF(V21="","-",CONCATENATE(V21,"_",W21)) -> - | Y21: 0.023 | Z21: =IFERROR(IFERROR(VLOOKUP(G21,'IVSET-Escuelas'!A:F,4,FALSE),VLOOKUP(M21,'IVSET-Fines'!F:L,7,FALSE)),"-") -> 0.49882898
A22: Un.Serv. | B22: 12 | C22: 097 | D22: San Nicolás | E22: 600849 | F22: 1 | G22: 0097DC0711 | H22: Oficial | I22: CENTRO DE EDUCACIÓN PRIMARIA DE ADULTOS | J22: EXTENSION | K22: 0097DE0704 | L22: CENTRO DE ADULTOS Nº711/04 | N22: Urbano | O22: No | P22: Educación de Jóvenes y Adultos | Q22: Nivel Primario | R22: 23 | S22: 2 | T22: 0 | U22: Prim. NO EPA | W22: =+IF(V22="","",IF(V22="FINES",CONCATENATE("R",IF(OR(B22="16",B22="21",B22="22",B22="23"),"16212223",IF(OR(B22="15",B22="17",B22="24",B22="25"),"15172425",B22))),IF(V22="CEBAS","UNICO",IF(VALUE(B22)<=11,"AMBA","INTERIOR")))) | X22: =+IF(V22="","-",CONCATENATE(V22,"_",W22)) -> - | Y22: 0.027 | Z22: =IFERROR(IFERROR(VLOOKUP(G22,'IVSET-Escuelas'!A:F,4,FALSE),VLOOKUP(M22,'IVSET-Fines'!F:L,7,FALSE)),"-") -> 0.22675502
A23: Un.Serv. | B23: 03 | C23: 069 | D23: La Matanza | E23: 608696 | F23: 1 | G23: 0069DC0751 | H23: Oficial | I23: CENTRO DE EDUCACIÓN PRIMARIA DE ADULTOS | J23: EXTENSION | K23: 0069DE0705 | L23: CENTRO DE ADULTOS Nº751/05 | N23: Urbano | O23: No | P23: Educación de Jóvenes y Adultos | Q23: Nivel Primario | R23: 38 | S23: 3 | T23: 0 | U23: Prim. NO EPA | W23: =+IF(V23="","",IF(V23="FINES",CONCATENATE("R",IF(OR(B23="16",B23="21",B23="22",B23="23"),"16212223",IF(OR(B23="15",B23="17",B23="24",B23="25"),"15172425",B23))),IF(V23="CEBAS","UNICO",IF(VALUE(B23)<=11,"AMBA","INTERIOR")))) | X23: =+IF(V23="","-",CONCATENATE(V23,"_",W23)) -> - | Y23: 0.028 | Z23: =IFERROR(IFERROR(VLOOKUP(G23,'IVSET-Escuelas'!A:F,4,FALSE),VLOOKUP(M23,'IVSET-Fines'!F:L,7,FALSE)),"-") -> 0.47052127
A24: Un.Serv. | B24: 19 | C24: 033 | D24: General Alvarado | E24: 609292 | F24: 4 | G24: 0033DC0703 | H24: Oficial | I24: CENTRO DE EDUCACIÓN PRIMARIA DE ADULTOS | J24: EXTENSION | K24: 0033DE0701 | L24: CENTRO DE ADULTOS Nº703 "DR. EMILIO GALLINA" | N24: Urbano | O24: No | P24: Educación de Jóvenes y Adultos | Q24: Nivel Primario | R24: 35 | S24: 2 | T24: 0 | U24: Prim. NO EPA | W24: =+IF(V24="","",IF(V24="FINES",CONCATENATE("R",IF(OR(B24="16",B24="21",B24="22",B24="23"),"16212223",IF(OR(B24="15",B24="17",B24="24",B24="25"),"15172425",B24))),IF(V24="CEBAS","UNICO",IF(VALUE(B24)<=11,"AMBA","INTERIOR")))) | X24: =+IF(V24="","-",CONCATENATE(V24,"_",W24)) -> - | Y24: 0.029 | Z24: =IFERROR(IFERROR(VLOOKUP(G24,'IVSET-Escuelas'!A:F,4,FALSE),VLOOKUP(M24,'IVSET-Fines'!F:L,7,FALSE)),"-") -> 0.30283928
A25: Un.Serv. | B25: 13 | C25: 022 | D25: Colón | E25: 606543 | F25: 2 | G25: 0022DC0706 | H25: Oficial | I25: CENTRO DE EDUCACIÓN PRIMARIA DE ADULTOS | J25: EXTENSION | K25: 0022DE0701 | L25: CENTRO DE ADULTOS Nº706/01 | N25: Urbano | O25: No | P25: Educación de Jóvenes y Adultos | Q25: Nivel Primario | R25: 30 | S25: 3 | T25: 0 | U25: Prim. NO EPA | W25: =+IF(V25="","",IF(V25="FINES",CONCATENATE("R",IF(OR(B25="16",B25="21",B25="22",B25="23"),"16212223",IF(OR(B25="15",B25="17",B25="24",B25="25"),"15172425",B25))),IF(V25="CEBAS","UNICO",IF(VALUE(B25)<=11,"AMBA","INTERIOR")))) | X25: =+IF(V25="","-",CONCATENATE(V25,"_",W25)) -> - | Y25: 0.03 | Z25: =IFERROR(IFERROR(VLOOKUP(G25,'IVSET-Escuelas'!A:F,4,FALSE),VLOOKUP(M25,'IVSET-Fines'!F:L,7,FALSE)),"-") -> 0.32116765
A26: Un.Serv. | B26: 20 | C26: 075 | D26: Necochea | E26: 611210 | F26: 2 | G26: 0075DC0708 | H26: Oficial | I26: CENTRO DE EDUCACIÓN PRIMARIA DE ADULTOS | J26: EXTENSION | K26: 0075DE0702 | L26: CENTRO DE ADULTOS Nº708/02 | N26: Urbano | O26: No | P26: Educación de Jóvenes y Adultos | Q26: Nivel Primario | R26: 17 | S26: 1 | T26: 0 | U26: Prim. NO EPA | W26: =+IF(V26="","",IF(V26="FINES",CONCATENATE("R",IF(OR(B26="16",B26="21",B26="22",B26="23"),"16212223",IF(OR(B26="15",B26="17",B26="24",B26="25"),"15172425",B26))),IF(V26="CEBAS","UNICO",IF(VALUE(B26)<=11,"AMBA","INTERIOR")))) | X26: =+IF(V26="","-",CONCATENATE(V26,"_",W26)) -> - | Y26: 0.031 | Z26: =IFERROR(IFERROR(VLOOKUP(G26,'IVSET-Escuelas'!A:F,4,FALSE),VLOOKUP(M26,'IVSET-Fines'!F:L,7,FALSE)),"-") -> 0.6404568
A27: Un.Serv. | B27: 08 | C27: 100 | D27: Morón | E27: 613021 | F27: 1 | G27: 0100DC0709 | H27: Oficial | I27: CENTRO DE EDUCACIÓN PRIMARIA DE ADULTOS | J27: EXTENSION | K27: 0100DE0703 | L27: CENTRO DE ADULTOS Nº709/03 | N27: Urbano | O27: No | P27: Educación de Jóvenes y Adultos | Q27: Nivel Primario | R27: 42 | S27: 3 | T27: 0 | U27: Prim. NO EPA | W27: =+IF(V27="","",IF(V27="FINES",CONCATENATE("R",IF(OR(B27="16",B27="21",B27="22",B27="23"),"16212223",IF(OR(B27="15",B27="17",B27="24",B27="25"),"15172425",B27))),IF(V27="CEBAS","UNICO",IF(VALUE(B27)<=11,"AMBA","INTERIOR")))) | X27: =+IF(V27="","-",CONCATENATE(V27,"_",W27)) -> - | Y27: 0.032 | Z27: =IFERROR(IFERROR(VLOOKUP(G27,'IVSET-Escuelas'!A:F,4,FALSE),VLOOKUP(M27,'IVSET-Fines'!F:L,7,FALSE)),"-") -> 0.47159892
A28: Un.Serv. | B28: 11 | C28: 047 | D28: Zárate | E28: 605769 | F28: 2 | G28: 0047DC0710 | H28: Oficial | I28: CENTRO DE EDUCACIÓN PRIMARIA DE ADULTOS | J28: EXTENSION | K28: 0047DE0703 | L28: CENTRO DE ADULTOS Nº710/03 | N28: Urbano | O28: No | P28: Educación de Jóvenes y Adultos | Q28: Nivel Primario | R28: 13 | S28: 1 | T28: 0 | U28: Prim. NO EPA | W28: =+IF(V28="","",IF(V28="FINES",CONCATENATE("R",IF(OR(B28="16",B28="21",B28="22",B28="23"),"16212223",IF(OR(B28="15",B28="17",B28="24",B28="25"),"15172425",B28))),IF(V28="CEBAS","UNICO",IF(VALUE(B28)<=11,"AMBA","INTERIOR")))) | X28: =+IF(V28="","-",CONCATENATE(V28,"_",W28)) -> - | Y28: 0.036 | Z28: =IFERROR(IFERROR(VLOOKUP(G28,'IVSET-Escuelas'!A:F,4,FALSE),VLOOKUP(M28,'IVSET-Fines'!F:L,7,FALSE)),"-") -> 0.18618774
A29: Un.Serv. | B29: 20 | C29: 102 | D29: Tandil | E29: 610063 | F29: 2 | G29: 0102DC0707 | H29: Oficial | I29: CENTRO DE EDUCACIÓN PRIMARIA DE ADULTOS | J29: EXTENSION | K29: 0102DE0701 | L29: CENTRO DE ADULTOS Nº707 | N29: Urbano | O29: No | P29: Educación de Jóvenes y Adultos | Q29: Nivel Primario | R29: 9 | S29: 1 | T29: 0 | U29: Prim. NO EPA | W29: =+IF(V29="","",IF(V29="FINES",CONCATENATE("R",IF(OR(B29="16",B29="21",B29="22",B29="23"),"16212223",IF(OR(B29="15",B29="17",B29="24",B29="25"),"15172425",B29))),IF(V29="CEBAS","UNICO",IF(VALUE(B29)<=11,"AMBA","INTERIOR")))) | X29: =+IF(V29="","-",CONCATENATE(V29,"_",W29)) -> - | Y29: 0.037 | Z29: =IFERROR(IFERROR(VLOOKUP(G29,'IVSET-Escuelas'!A:F,4,FALSE),VLOOKUP(M29,'IVSET-Fines'!F:L,7,FALSE)),"-") -> 0.19442312
A30: Un.Serv. | B30: 07 | C30: 045 | D30: General San Martín | E30: 613580 | F30: 1 | G30: 0045DC0716 | H30: Oficial | I30: CENTRO DE EDUCACIÓN PRIMARIA DE ADULTOS | J30: EXTENSION | K30: 0045DE0705 | L30: CENTRO DE ADULTOS Nº716 | N30: Urbano | O30: No | P30: Educación de Jóvenes y Adultos | Q30: Nivel Primario | R30: 70 | S30: 4 | T30: 0 | U30: Prim. NO EPA | W30: =+IF(V30="","",IF(V30="FINES",CONCATENATE("R",IF(OR(B30="16",B30="21",B30="22",B30="23"),"16212223",IF(OR(B30="15",B30="17",B30="24",B30="25"),"15172425",B30))),IF(V30="CEBAS","UNICO",IF(VALUE(B30)<=11,"AMBA","INTERIOR")))) | X30: =+IF(V30="","-",CONCATENATE(V30,"_",W30)) -> - | Y30: 0.037 | Z30: =IFERROR(IFERROR(VLOOKUP(G30,'IVSET-Escuelas'!A:F,4,FALSE),VLOOKUP(M30,'IVSET-Fines'!F:L,7,FALSE)),"-") -> 0.2422518
A31: Un.Serv. | B31: 22 | C31: 078 | D31: Patagones | E31: 613144 | F31: 1 | G31: 0078DC0707 | H31: Oficial | I31: CENTRO DE EDUCACIÓN PRIMARIA DE ADULTOS | J31: EXTENSION | K31: 0078DE0709 | L31: CENTRO DE ADULTOS Nº707/09 | N31: Rural Disperso | O31: No | P31: Educación de Jóvenes y Adultos | Q31: Nivel Primario | R31: 41 | S31: 2 | T31: 0 | U31: Prim. NO EPA | W31: =+IF(V31="","",IF(V31="FINES",CONCATENATE("R",IF(OR(B31="16",B31="21",B31="22",B31="23"),"16212223",IF(OR(B31="15",B31="17",B31="24",B31="25"),"15172425",B31))),IF(V31="CEBAS","UNICO",IF(VALUE(B31)<=11,"AMBA","INTERIOR")))) | X31: =+IF(V31="","-",CONCATENATE(V31,"_",W31)) -> - | Y31: 0.038 | Z31: =IFERROR(IFERROR(VLOOKUP(G31,'IVSET-Escuelas'!A:F,4,FALSE),VLOOKUP(M31,'IVSET-Fines'!F:L,7,FALSE)),"-") -> 0.58696008
A32: Un.Serv. | B32: 02 | C32: 005 | D32: Avellaneda | E32: 600926 | F32: 1 | G32: 0005DC0719 | H32: Oficial | I32: CENTRO DE EDUCACIÓN PRIMARIA DE ADULTOS | J32: EXTENSION | K32: 0005DE0706 | L32: CENTRO DE ADULTOS Nº719/06 | N32: Urbano | O32: No | P32: Educación de Jóvenes y Adultos | Q32: Nivel Primario | R32: 19 | S32: 2 | T32: 0 | U32: Prim. NO EPA | W32: =+IF(V32="","",IF(V32="FINES",CONCATENATE("R",IF(OR(B32="16",B32="21",B32="22",B32="23"),"16212223",IF(OR(B32="15",B32="17",B32="24",B32="25"),"15172425",B32))),IF(V32="CEBAS","UNICO",IF(VALUE(B32)<=11,"AMBA","INTERIOR")))) | X32: =+IF(V32="","-",CONCATENATE(V32,"_",W32)) -> - | Y32: 0.043 | Z32: =IFERROR(IFERROR(VLOOKUP(G32,'IVSET-Escuelas'!A:F,4,FALSE),VLOOKUP(M32,'IVSET-Fines'!F:L,7,FALSE)),"-") -> 0.5362438
A33: Un.Serv. | B33: 18 | C33: 065 | D33: Maipú | E33: 613136 | F33: 0 | G33: 0065DC0702 | H33: Oficial | I33: CENTRO DE EDUCACIÓN PRIMARIA DE ADULTOS | J33: SEDE | L33: CENTRO DE ADULTOS Nº702"CECILIA MARCHETTI DE BASUALDO SILVA" | N33: Rural Agrupado | O33: No | P33: Educación de Jóvenes y Adultos | Q33: Nivel Primario | R33: 36 | S33: 5 | T33: 0 | U33: Prim. NO EPA | W33: =+IF(V33="","",IF(V33="FINES",CONCATENATE("R",IF(OR(B33="16",B33="21",B33="22",B33="23"),"16212223",IF(OR(B33="15",B33="17",B33="24",B33="25"),"15172425",B33))),IF(V33="CEBAS","UNICO",IF(VALUE(B33)<=11,"AMBA","INTERIOR")))) | X33: =+IF(V33="","-",CONCATENATE(V33,"_",W33)) -> - | Y33: 0.045 | Z33: =IFERROR(IFERROR(VLOOKUP(G33,'IVSET-Escuelas'!A:F,4,FALSE),VLOOKUP(M33,'IVSET-Fines'!F:L,7,FALSE)),"-") -> 0.27966228
A34: Un.Serv. | B34: 04 | C34: 032 | D34: Florencio Varela | E34: 608848 | F34: 1 | G34: 0032DC0710 | H34: Oficial | I34: CENTRO DE EDUCACIÓN PRIMARIA DE ADULTOS | J34: EXTENSION | K34: 0032DE0702 | L34: CENTRO DE ADULTOS Nº710/02 | N34: Urbano | O34: No | P34: Educación de Jóvenes y Adultos | Q34: Nivel Primario | R34: 38 | S34: 3 | T34: 0 | U34: Prim. NO EPA | W34: =+IF(V34="","",IF(V34="FINES",CONCATENATE("R",IF(OR(B34="16",B34="21",B34="22",B34="23"),"16212223",IF(OR(B34="15",B34="17",B34="24",B34="25"),"15172425",B34))),IF(V34="CEBAS","UNICO",IF(VALUE(B34)<=11,"AMBA","INTERIOR")))) | X34: =+IF(V34="","-",CONCATENATE(V34,"_",W34)) -> - | Y34: 0.046 | Z34: =IFERROR(IFERROR(VLOOKUP(G34,'IVSET-Escuelas'!A:F,4,FALSE),VLOOKUP(M34,'IVSET-Fines'!F:L,7,FALSE)),"-") -> 0.42184237
A35: Un.Serv. | B35: 03 | C35: 069 | D35: La Matanza | E35: 614422 | F35: 0 | G35: 0069DA0064 | H35: Oficial | I35: CENTRO DE ALFABETIZACIÓN | J35: SEDE | L35: CENTRO DE ALFABETIZACION Nº64 | N35: Urbano | O35: Sí | P35: Educación de Jóvenes y Adultos | Q35: Nivel Primario | R35: 6 | S35: 1 | T35: 0 | U35: Prim. NO EPA | W35: =+IF(V35="","",IF(V35="FINES",CONCATENATE("R",IF(OR(B35="16",B35="21",B35="22",B35="23"),"16212223",IF(OR(B35="15",B35="17",B35="24",B35="25"),"15172425",B35))),IF(V35="CEBAS","UNICO",IF(VALUE(B35)<=11,"AMBA","INTERIOR")))) | X35: =+IF(V35="","-",CONCATENATE(V35,"_",W35)) -> - | Y35: 0.05 | Z35: =IFERROR(IFERROR(VLOOKUP(G35,'IVSET-Escuelas'!A:F,4,FALSE),VLOOKUP(M35,'IVSET-Fines'!F:L,7,FALSE)),"-") -> 0.70109749
A36: Un.Serv. | B36: 06 | C36: 109 | D36: Vicente López | E36: 614402 | F36: 0 | G36: 0109DA0043 | H36: Oficial | I36: CENTRO DE ALFABETIZACIÓN | J36: SEDE | L36: CENTRO DE ALFABETIZACIÓN Nº 43 | N36: Urbano | O36: No | P36: Educación de Jóvenes y Adultos | Q36: Nivel Primario | R36: 14 | S36: 1 | T36: 0 | U36: Prim. NO EPA | W36: =+IF(V36="","",IF(V36="FINES",CONCATENATE("R",IF(OR(B36="16",B36="21",B36="22",B36="23"),"16212223",IF(OR(B36="15",B36="17",B36="24",B36="25"),"15172425",B36))),IF(V36="CEBAS","UNICO",IF(VALUE(B36)<=11,"AMBA","INTERIOR")))) | X36: =+IF(V36="","-",CONCATENATE(V36,"_",W36)) -> - | Y36: 0.05 | Z36: =IFERROR(IFERROR(VLOOKUP(G36,'IVSET-Escuelas'!A:F,4,FALSE),VLOOKUP(M36,'IVSET-Fines'!F:L,7,FALSE)),"-") -> 0.47727916
A37: Un.Serv. | B37: 06 | C37: 096 | D37: San Isidro | E37: 612075 | F37: 3 | G37: 0096DC0712 | H37: Oficial | I37: CENTRO DE EDUCACIÓN PRIMARIA DE ADULTOS | J37: EXTENSION | K37: 0096DE0702 | L37: CENTRO DE ADULTOS Nº712/02 | N37: Urbano | O37: No | P37: Educación de Jóvenes y Adultos | Q37: Nivel Primario | R37: 31 | S37: 2 | T37: 0 | U37: Prim. NO EPA | W37: =+IF(V37="","",IF(V37="FINES",CONCATENATE("R",IF(OR(B37="16",B37="21",B37="22",B37="23"),"16212223",IF(OR(B37="15",B37="17",B37="24",B37="25"),"15172425",B37))),IF(V37="CEBAS","UNICO",IF(VALUE(B37)<=11,"AMBA","INTERIOR")))) | X37: =+IF(V37="","-",CONCATENATE(V37,"_",W37)) -> - | Y37: 0.05 | Z37: =IFERROR(IFERROR(VLOOKUP(G37,'IVSET-Escuelas'!A:F,4,FALSE),VLOOKUP(M37,'IVSET-Fines'!F:L,7,FALSE)),"-") -> 0.12360836
A38: Un.Serv. | B38: 03 | C38: 069 | D38: La Matanza | E38: 612438 | F38: 1 | G38: 0069DC0701 | H38: Oficial | I38: CENTRO DE EDUCACIÓN PRIMARIA DE ADULTOS | J38: EXTENSION | K38: 0069DE0717 | L38: CENTRO DE ADULTOS Nº701/17 | N38: Urbano | O38: No | P38: Educación de Jóvenes y Adultos | Q38: Nivel Primario | R38: 24 | S38: 2 | T38: 0 | U38: Prim. NO EPA | W38: =+IF(V38="","",IF(V38="FINES",CONCATENATE("R",IF(OR(B38="16",B38="21",B38="22",B38="23"),"16212223",IF(OR(B38="15",B38="17",B38="24",B38="25"),"15172425",B38))),IF(V38="CEBAS","UNICO",IF(VALUE(B38)<=11,"AMBA","INTERIOR")))) | X38: =+IF(V38="","-",CONCATENATE(V38,"_",W38)) -> - | Y38: 0.051 | Z38: =IFERROR(IFERROR(VLOOKUP(G38,'IVSET-Escuelas'!A:F,4,FALSE),VLOOKUP(M38,'IVSET-Fines'!F:L,7,FALSE)),"-") -> 0.7205869
A39: Un.Serv. | B39: 03 | C39: 069 | D39: La Matanza | E39: 614426 | F39: 0 | G39: 0069DA0066 | H39: Oficial | I39: CENTRO DE ALFABETIZACIÓN | J39: SEDE | L39: CENTRO DE ALFABETIZACION Nº66 | N39: Urbano | O39: Sí | P39: Educación de Jóvenes y Adultos | Q39: Nivel Primario | R39: 15 | S39: 1 | T39: 0 | U39: Prim. NO EPA | W39: =+IF(V39="","",IF(V39="FINES",CONCATENATE("R",IF(OR(B39="16",B39="21",B39="22",B39="23"),"16212223",IF(OR(B39="15",B39="17",B39="24",B39="25"),"15172425",B39))),IF(V39="CEBAS","UNICO",IF(VALUE(B39)<=11,"AMBA","INTERIOR")))) | X39: =+IF(V39="","-",CONCATENATE(V39,"_",W39)) -> - | Y39: 0.051 | Z39: =IFERROR(IFERROR(VLOOKUP(G39,'IVSET-Escuelas'!A:F,4,FALSE),VLOOKUP(M39,'IVSET-Fines'!F:L,7,FALSE)),"-") -> 0.52353752
A40: Un.Serv. | B40: 05 | C40: 004 | D40: Almirante Brown | E40: 604372 | F40: 1 | G40: 0004DC0718 | H40: Oficial | I40: CENTRO DE EDUCACIÓN PRIMARIA DE ADULTOS | J40: EXTENSION | K40: 0004DE0704 | L40: CENTRO DE ADULTOS Nº718/04 | N40: Urbano | O40: No | P40: Educación de Jóvenes y Adultos | Q40: Nivel Primario | R40: 43 | S40: 2 | T40: 0 | U40: Prim. NO EPA | W40: =+IF(V40="","",IF(V40="FINES",CONCATENATE("R",IF(OR(B40="16",B40="21",B40="22",B40="23"),"16212223",IF(OR(B40="15",B40="17",B40="24",B40="25"),"15172425",B40))),IF(V40="CEBAS","UNICO",IF(VALUE(B40)<=11,"AMBA","INTERIOR")))) | X40: =+IF(V40="","-",CONCATENATE(V40,"_",W40)) -> - | Y40: 0.052 | Z40: =IFERROR(IFERROR(VLOOKUP(G40,'IVSET-Escuelas'!A:F,4,FALSE),VLOOKUP(M40,'IVSET-Fines'!F:L,7,FALSE)),"-") -> 0.27493885
A41: Un.Serv. | B41: 20 | C41: 102 | D41: Tandil | E41: 605214 | F41: 1 | G41: 0102DC0709 | H41: Oficial | I41: CENTRO DE EDUCACIÓN PRIMARIA DE ADULTOS | J41: EXTENSION | K41: 0102DE0704 | L41: CENTRO DE ADULTOS Nº709 | N41: Urbano | O41: No | P41: Educación de Jóvenes y Adultos | Q41: Nivel Primario | R41: 23 | S41: 2 | T41: 0 | U41: Prim. NO EPA | W41: =+IF(V41="","",IF(V41="FINES",CONCATENATE("R",IF(OR(B41="16",B41="21",B41="22",B41="23"),"16212223",IF(OR(B41="15",B41="17",B41="24",B41="25"),"15172425",B41))),IF(V41="CEBAS","UNICO",IF(VALUE(B41)<=11,"AMBA","INTERIOR")))) | X41: =+IF(V41="","-",CONCATENATE(V41,"_",W41)) -> - | Y41: 0.052 | Z41: =IFERROR(IFERROR(VLOOKUP(G41,'IVSET-Escuelas'!A:F,4,FALSE),VLOOKUP(M41,'IVSET-Fines'!F:L,7,FALSE)),"-") -> 0.69020015
A42: Un.Serv. | B42: 14 | C42: 128 | D42: Florentino Ameghino | E42: 605866 | F42: 0 | G42: 0128DC0702 | H42: Oficial | I42: CENTRO DE EDUCACIÓN PRIMARIA DE ADULTOS | J42: SEDE | L42: CENTRO DE ADULTOS Nº702 "LOHANA BERKINS" | N42: Rural Agrupado | O42: No | P42: Educación de Jóvenes y Adultos | Q42: Nivel Primario | R42: 12 | S42: 1 | T42: 0 | U42: Prim. NO EPA | W42: =+IF(V42="","",IF(V42="FINES",CONCATENATE("R",IF(OR(B42="16",B42="21",B42="22",B42="23"),"16212223",IF(OR(B42="15",B42="17",B42="24",B42="25"),"15172425",B42))),IF(V42="CEBAS","UNICO",IF(VALUE(B42)<=11,"AMBA","INTERIOR")))) | X42: =+IF(V42="","-",CONCATENATE(V42,"_",W42)) -> - | Y42: 0.053 | Z42: =IFERROR(IFERROR(VLOOKUP(G42,'IVSET-Escuelas'!A:F,4,FALSE),VLOOKUP(M42,'IVSET-Fines'!F:L,7,FALSE)),"-") -> 0.39100042
A43: Un.Serv. | B43: 14 | C43: 128 | D43: Florentino Ameghino | E43: 604654 | F43: 0 | G43: 0128DC0701 | H43: Oficial | I43: CENTRO DE EDUCACIÓN PRIMARIA DE ADULTOS | J43: SEDE | L43: CENTRO DE ADULTOS Nº701 | N43: Urbano | O43: No | P43: Educación de Jóvenes y Adultos | Q43: Nivel Primario | R43: 28 | S43: 3 | T43: 0 | U43: Prim. NO EPA | W43: =+IF(V43="","",IF(V43="FINES",CONCATENATE("R",IF(OR(B43="16",B43="21",B43="22",B43="23"),"16212223",IF(OR(B43="15",B43="17",B43="24",B43="25"),"15172425",B43))),IF(V43="CEBAS","UNICO",IF(VALUE(B43)<=11,"AMBA","INTERIOR")))) | X43: =+IF(V43="","-",CONCATENATE(V43,"_",W43)) -> - | Y43: 0.053 | Z43: =IFERROR(IFERROR(VLOOKUP(G43,'IVSET-Escuelas'!A:F,4,FALSE),VLOOKUP(M43,'IVSET-Fines'!F:L,7,FALSE)),"-") -> 0.38824889
A44: Un.Serv. | B44: 05 | C44: 004 | D44: Almirante Brown | E44: 613280 | F44: 2 | G44: 0004DC0732 | H44: Oficial | I44: CENTRO DE EDUCACIÓN PRIMARIA DE ADULTOS | J44: EXTENSION | K44: 0004DE0705 | L44: CENTRO DE ADULTOS Nº732/05 | N44: Urbano | O44: No | P44: Educación de Jóvenes y Adultos | Q44: Nivel Primario | R44: 26 | S44: 2 | T44: 0 | U44: Prim. NO EPA | W44: =+IF(V44="","",IF(V44="FINES",CONCATENATE("R",IF(OR(B44="16",B44="21",B44="22",B44="23"),"16212223",IF(OR(B44="15",B44="17",B44="24",B44="25"),"15172425",B44))),IF(V44="CEBAS","UNICO",IF(VALUE(B44)<=11,"AMBA","INTERIOR")))) | X44: =+IF(V44="","-",CONCATENATE(V44,"_",W44)) -> - | Y44: 0.054 | Z44: =IFERROR(IFERROR(VLOOKUP(G44,'IVSET-Escuelas'!A:F,4,FALSE),VLOOKUP(M44,'IVSET-Fines'!F:L,7,FALSE)),"-") -> 0.52799523
A45: Un.Serv. | B45: 12 | C45: 097 | D45: San Nicolás | E45: 601234 | F45: 1 | G45: 0097DC0707 | H45: Oficial | I45: CENTRO DE EDUCACIÓN PRIMARIA DE ADULTOS | J45: EXTENSION | K45: 0097DE0714 | L45: CENTRO DE ADULTOS Nº707/14 | N45: Urbano | O45: No | P45: Educación de Jóvenes y Adultos | Q45: Nivel Primario | R45: 23 | S45: 2 | T45: 0 | U45: Prim. NO EPA | W45: =+IF(V45="","",IF(V45="FINES",CONCATENATE("R",IF(OR(B45="16",B45="21",B45="22",B45="23"),"16212223",IF(OR(B45="15",B45="17",B45="24",B45="25"),"15172425",B45))),IF(V45="CEBAS","UNICO",IF(VALUE(B45)<=11,"AMBA","INTERIOR")))) | X45: =+IF(V45="","-",CONCATENATE(V45,"_",W45)) -> - | Y45: 0.056 | Z45: =IFERROR(IFERROR(VLOOKUP(G45,'IVSET-Escuelas'!A:F,4,FALSE),VLOOKUP(M45,'IVSET-Fines'!F:L,7,FALSE)),"-") -> 0.6010536
A46: Un.Serv. | B46: 22 | C46: 008 | D46: Bahía Blanca | E46: 602486 | F46: 3 | G46: 0008DC0722 | H46: Oficial | I46: CENTRO DE EDUCACIÓN PRIMARIA DE ADULTOS | J46: EXTENSION | K46: 0008DC0721 | L46: CENTRO DE ADULTOS Nº722 "BARRIOS DEL SUR" | N46: Urbano | O46: No | P46: Educación de Jóvenes y Adultos | Q46: Nivel Primario | R46: 13 | S46: 1 | T46: 0 | U46: Prim. NO EPA | W46: =+IF(V46="","",IF(V46="FINES",CONCATENATE("R",IF(OR(B46="16",B46="21",B46="22",B46="23"),"16212223",IF(OR(B46="15",B46="17",B46="24",B46="25"),"15172425",B46))),IF(V46="CEBAS","UNICO",IF(VALUE(B46)<=11,"AMBA","INTERIOR")))) | X46: =+IF(V46="","-",CONCATENATE(V46,"_",W46)) -> - | Y46: 0.057 | Z46: =IFERROR(IFERROR(VLOOKUP(G46,'IVSET-Escuelas'!A:F,4,FALSE),VLOOKUP(M46,'IVSET-Fines'!F:L,7,FALSE)),"-") -> 0.83007038
A47: Un.Serv. | B47: 14 | C47: 042 | D47: General Pinto | E47: 605865 | F47: 1 | G47: 0042DC0703 | H47: Oficial | I47: CENTRO DE EDUCACIÓN PRIMARIA DE ADULTOS | J47: EXTENSION | K47: 0042DE0701 | L47: CENTRO DE ADULTOS Nº703/01 | N47: Rural Agrupado | O47: No | P47: Educación de Jóvenes y Adultos | Q47: Nivel Primario | R47: 38 | S47: 2 | T47: 0 | U47: Prim. NO EPA | W47: =+IF(V47="","",IF(V47="FINES",CONCATENATE("R",IF(OR(B47="16",B47="21",B47="22",B47="23"),"16212223",IF(OR(B47="15",B47="17",B47="24",B47="25"),"15172425",B47))),IF(V47="CEBAS","UNICO",IF(VALUE(B47)<=11,"AMBA","INTERIOR")))) | X47: =+IF(V47="","-",CONCATENATE(V47,"_",W47)) -> - | Y47: 0.057 | Z47: =IFERROR(IFERROR(VLOOKUP(G47,'IVSET-Escuelas'!A:F,4,FALSE),VLOOKUP(M47,'IVSET-Fines'!F:L,7,FALSE)),"-") -> 0.27635378
A48: Un.Serv. | B48: 02 | C48: 111 | D48: Lanús | E48: 603807 | F48: 1 | G48: 0111DC0709 | H48: Oficial | I48: CENTRO DE EDUCACIÓN PRIMARIA DE ADULTOS | J48: EXTENSION | K48: 0111DE0701 | L48: CENTRO DE ADULTOS Nº709/01 | N48: Urbano | O48: No | P48: Educación de Jóvenes y Adultos | Q48: Nivel Primario | R48: 59 | S48: 4 | T48: 0 | U48: Prim. NO EPA | W48: =+IF(V48="","",IF(V48="FINES",CONCATENATE("R",IF(OR(B48="16",B48="21",B48="22",B48="23"),"16212223",IF(OR(B48="15",B48="17",B48="24",B48="25"),"15172425",B48))),IF(V48="CEBAS","UNICO",IF(VALUE(B48)<=11,"AMBA","INTERIOR")))) | X48: =+IF(V48="","-",CONCATENATE(V48,"_",W48)) -> - | Y48: 0.057 | Z48: =IFERROR(IFERROR(VLOOKUP(G48,'IVSET-Escuelas'!A:F,4,FALSE),VLOOKUP(M48,'IVSET-Fines'!F:L,7,FALSE)),"-") -> 0.5894857
A49: Un.Serv. | B49: 03 | C49: 069 | D49: La Matanza | E49: 611493 | F49: 3 | G49: 0069DC0755 | H49: Oficial | I49: CENTRO DE EDUCACIÓN PRIMARIA DE ADULTOS | J49: EXTENSION | K49: 0069DE0704 | L49: CENTRO DE ADULTOS Nº755/04 | N49: Urbano | O49: Sí | P49: Educación de Jóvenes y Adultos | Q49: Nivel Primario | R49: 24 | S49: 2 | T49: 0 | U49: Prim. NO EPA | W49: =+IF(V49="","",IF(V49="FINES",CONCATENATE("R",IF(OR(B49="16",B49="21",B49="22",B49="23"),"16212223",IF(OR(B49="15",B49="17",B49="24",B49="25"),"15172425",B49))),IF(V49="CEBAS","UNICO",IF(VALUE(B49)<=11,"AMBA","INTERIOR")))) | X49: =+IF(V49="","-",CONCATENATE(V49,"_",W49)) -> - | Y49: 0.058 | Z49: =IFERROR(IFERROR(VLOOKUP(G49,'IVSET-Escuelas'!A:F,4,FALSE),VLOOKUP(M49,'IVSET-Fines'!F:L,7,FALSE)),"-") -> 0.74744838
A50: Un.Serv. | B50: 16 | C50: 106 | D50: Trenque Lauquen | E50: 604760 | F50: 0 | G50: 0106DC0703 | H50: Oficial | I50: CENTRO DE EDUCACIÓN PRIMARIA DE ADULTOS | J50: SEDE | L50: CENTRO DE EDUCACIÓN DE ADULTOS Nº703 | N50: Urbano | O50: No | P50: Educación de Jóvenes y Adultos | Q50: Nivel Primario | R50: 17 | S50: 2 | T50: 0 | U50: Prim. NO EPA | W50: =+IF(V50="","",IF(V50="FINES",CONCATENATE("R",IF(OR(B50="16",B50="21",B50="22",B50="23"),"16212223",IF(OR(B50="15",B50="17",B50="24",B50="25"),"15172425",B50))),IF(V50="CEBAS","UNICO",IF(VALUE(B50)<=11,"AMBA","INTERIOR")))) | X50: =+IF(V50="","-",CONCATENATE(V50,"_",W50)) -> - | Y50: 0.058 | Z50: =IFERROR(IFERROR(VLOOKUP(G50,'IVSET-Escuelas'!A:F,4,FALSE),VLOOKUP(M50,'IVSET-Fines'!F:L,7,FALSE)),"-") -> 0.24696223
A51: Un.Serv. | B51: 09 | C51: 133 | D51: Malvinas Argentinas | E51: 613692 | F51: 2 | G51: 0133DC0706 | H51: Oficial | I51: CENTRO DE EDUCACIÓN PRIMARIA DE ADULTOS | J51: EXTENSION | K51: 0133DE0701 | L51: CENTRO DE ADULTOS Nº706/01 | N51: Urbano | O51: No | P51: Educación de Jóvenes y Adultos | Q51: Nivel Primario | R51: 25 | S51: 3 | T51: 0 | U51: Prim. NO EPA | W51: =+IF(V51="","",IF(V51="FINES",CONCATENATE("R",IF(OR(B51="16",B51="21",B51="22",B51="23"),"16212223",IF(OR(B51="15",B51="17",B51="24",B51="25"),"15172425",B51))),IF(V51="CEBAS","UNICO",IF(VALUE(B51)<=11,"AMBA","INTERIOR")))) | X51: =+IF(V51="","-",CONCATENATE(V51,"_",W51)) -> - | Y51: 0.06 | Z51: =IFERROR(IFERROR(VLOOKUP(G51,'IVSET-Escuelas'!A:F,4,FALSE),VLOOKUP(M51,'IVSET-Fines'!F:L,7,FALSE)),"-") -> 0.5447849
A52: Un.Serv. | B52: 02 | C52: 005 | D52: Avellaneda | E52: 611026 | F52: 2 | G52: 0005DC0722 | H52: Oficial | I52: CENTRO DE EDUCACIÓN PRIMARIA DE ADULTOS | J52: EXTENSION | K52: 0005DE0701 | L52: CENTRO DE ADULTOS Nº722/01 | N52: Urbano | O52: No | P52: Educación de Jóvenes y Adultos | Q52: Nivel Primario | R52: 10 | S52: 1 | T52: 0 | U52: Prim. NO EPA | W52: =+IF(V52="","",IF(V52="FINES",CONCATENATE("R",IF(OR(B52="16",B52="21",B52="22",B52="23"),"16212223",IF(OR(B52="15",B52="17",B52="24",B52="25"),"15172425",B52))),IF(V52="CEBAS","UNICO",IF(VALUE(B52)<=11,"AMBA","INTERIOR")))) | X52: =+IF(V52="","-",CONCATENATE(V52,"_",W52)) -> - | Y52: 0.062 | Z52: =IFERROR(IFERROR(VLOOKUP(G52,'IVSET-Escuelas'!A:F,4,FALSE),VLOOKUP(M52,'IVSET-Fines'!F:L,7,FALSE)),"-") -> 0.58348894
A53: Un.Serv. | B53: 04 | C53: 032 | D53: Florencio Varela | E53: 608393 | F53: 2 | G53: 0032DC0713 | H53: Oficial | I53: CENTRO DE EDUCACIÓN PRIMARIA DE ADULTOS | J53: EXTENSION | K53: 0032DE0703 | L53: CENTRO DE ADULTOS Nº713/03 | N53: Urbano | O53: No | P53: Educación de Jóvenes y Adultos | Q53: Nivel Primario | R53: 24 | S53: 2 | T53: 0 | U53: Prim. NO EPA | W53: =+IF(V53="","",IF(V53="FINES",CONCATENATE("R",IF(OR(B53="16",B53="21",B53="22",B53="23"),"16212223",IF(OR(B53="15",B53="17",B53="24",B53="25"),"15172425",B53))),IF(V53="CEBAS","UNICO",IF(VALUE(B53)<=11,"AMBA","INTERIOR")))) | X53: =+IF(V53="","-",CONCATENATE(V53,"_",W53)) -> - | Y53: 0.064 | Z53: =IFERROR(IFERROR(VLOOKUP(G53,'IVSET-Escuelas'!A:F,4,FALSE),VLOOKUP(M53,'IVSET-Fines'!F:L,7,FALSE)),"-") -> 0.62212616
A54: Un.Serv. | B54: 17 | C54: 082 | D54: Pila | E54: 602757 | F54: 0 | G54: 0082DC0701 | H54: Oficial | I54: CENTRO DE EDUCACIÓN PRIMARIA DE ADULTOS | J54: SEDE | L54: CENTRO DE ADULTOS Nº701 | N54: Urbano | O54: No | P54: Educación de Jóvenes y Adultos | Q54: Nivel Primario | R54: 10 | S54: 1 | T54: 0 | U54: Prim. NO EPA | W54: =+IF(V54="","",IF(V54="FINES",CONCATENATE("R",IF(OR(B54="16",B54="21",B54="22",B54="23"),"16212223",IF(OR(B54="15",B54="17",B54="24",B54="25"),"15172425",B54))),IF(V54="CEBAS","UNICO",IF(VALUE(B54)<=11,"AMBA","INTERIOR")))) | X54: =+IF(V54="","-",CONCATENATE(V54,"_",W54)) -> - | Y54: 0.064 | Z54: =IFERROR(IFERROR(VLOOKUP(G54,'IVSET-Escuelas'!A:F,4,FALSE),VLOOKUP(M54,'IVSET-Fines'!F:L,7,FALSE)),"-") -> 0.31714502
A55: Un.Serv. | B55: 18 | C55: 040 | D55: General Juan Madariaga | E55: 600991 | F55: 2 | G55: 0040DC0703 | H55: Oficial | I55: CENTRO DE EDUCACIÓN PRIMARIA DE ADULTOS | J55: EXTENSION | K55: 0040DE0701 | L55: CENTRO DE ADULTOS Nº703/01 | N55: Urbano | O55: No | P55: Educación de Jóvenes y Adultos | Q55: Nivel Primario | R55: 14 | S55: 1 | T55: 0 | U55: Prim. NO EPA | W55: =+IF(V55="","",IF(V55="FINES",CONCATENATE("R",IF(OR(B55="16",B55="21",B55="22",B55="23"),"16212223",IF(OR(B55="15",B55="17",B55="24",B55="25"),"15172425",B55))),IF(V55="CEBAS","UNICO",IF(VALUE(B55)<=11,"AMBA","INTERIOR")))) | X55: =+IF(V55="","-",CONCATENATE(V55,"_",W55)) -> - | Y55: 0.066 | Z55: =IFERROR(IFERROR(VLOOKUP(G55,'IVSET-Escuelas'!A:F,4,FALSE),VLOOKUP(M55,'IVSET-Fines'!F:L,7,FALSE)),"-") -> 0.67852759
A56: Un.Serv. | B56: 05 | C56: 130 | D56: Ezeiza | E56: 613688 | F56: 2 | G56: 0130DC0705 | H56: Oficial | I56: CENTRO DE EDUCACIÓN PRIMARIA DE ADULTOS | J56: EXTENSION | K56: 0130DE0701 | L56: CENTRO DE ADULTOS Nº705 | N56: Urbano | O56: No | P56: Educación de Jóvenes y Adultos | Q56: Nivel Primario | R56: 42 | S56: 3 | T56: 0 | U56: Prim. NO EPA | W56: =+IF(V56="","",IF(V56="FINES",CONCATENATE("R",IF(OR(B56="16",B56="21",B56="22",B56="23"),"16212223",IF(OR(B56="15",B56="17",B56="24",B56="25"),"15172425",B56))),IF(V56="CEBAS","UNICO",IF(VALUE(B56)<=11,"AMBA","INTERIOR")))) | X56: =+IF(V56="","-",CONCATENATE(V56,"_",W56)) -> - | Y56: 0.066 | Z56: =IFERROR(IFERROR(VLOOKUP(G56,'IVSET-Escuelas'!A:F,4,FALSE),VLOOKUP(M56,'IVSET-Fines'!F:L,7,FALSE)),"-") -> 0.54054642
A57: Un.Serv. | B57: 19 | C57: 043 | D57: General Pueyrredón | E57: 603165 | F57: 1 | G57: 0043DC0716 | H57: Oficial | I57: CENTRO DE EDUCACIÓN PRIMARIA DE ADULTOS | J57: EXTENSION | K57: 0043DE0702 | L57: CENTRO DE ADULTOS Nº716/02 | N57: Urbano | O57: No | P57: Educación de Jóvenes y Adultos | Q57: Nivel Primario | R57: 48 | S57: 3 | T57: 0 | U57: Prim. NO EPA | W57: =+IF(V57="","",IF(V57="FINES",CONCATENATE("R",IF(OR(B57="16",B57="21",B57="22",B57="23"),"16212223",IF(OR(B57="15",B57="17",B57="24",B57="25"),"15172425",B57))),IF(V57="CEBAS","UNICO",IF(VALUE(B57)<=11,"AMBA","INTERIOR")))) | X57: =+IF(V57="","-",CONCATENATE(V57,"_",W57)) -> - | Y57: 0.069 | Z57: =IFERROR(IFERROR(VLOOKUP(G57,'IVSET-Escuelas'!A:F,4,FALSE),VLOOKUP(M57,'IVSET-Fines'!F:L,7,FALSE)),"-") -> 0.30450109
A58: Un.Serv. | B58: 10 | C58: 044 | D58: General Rodríguez | E58: 623978 | F58: 2 | G58: 0044DC0707 | H58: Oficial | I58: CENTRO DE EDUCACIÓN PRIMARIA DE ADULTOS | J58: EXTENSION | K58: 0044DE0705 | L58: CENTRO DE ADULTOS Nº707/05 | N58: Urbano | O58: No | P58: Educación de Jóvenes y Adultos | Q58: Nivel Primario | R58: 15 | S58: 2 | T58: 0 | U58: Prim. NO EPA | W58: =+IF(V58="","",IF(V58="FINES",CONCATENATE("R",IF(OR(B58="16",B58="21",B58="22",B58="23"),"16212223",IF(OR(B58="15",B58="17",B58="24",B58="25"),"15172425",B58))),IF(V58="CEBAS","UNICO",IF(VALUE(B58)<=11,"AMBA","INTERIOR")))) | X58: =+IF(V58="","-",CONCATENATE(V58,"_",W58)) -> - | Y58: 0.07 | Z58: =IFERROR(IFERROR(VLOOKUP(G58,'IVSET-Escuelas'!A:F,4,FALSE),VLOOKUP(M58,'IVSET-Fines'!F:L,7,FALSE)),"-") -> 0.96074665
A59: Un.Serv. | B59: 08 | C59: 071 | D59: Merlo | E59: 609955 | F59: 1 | G59: 0071DC0711 | H59: Oficial | I59: CENTRO DE EDUCACIÓN PRIMARIA DE ADULTOS | J59: EXTENSION | K59: 0071DE0703 | L59: CENTRO DE ADULTOS Nº711/03 | N59: Urbano | O59: No | P59: Educación de Jóvenes y Adultos | Q59: Nivel Primario | R59: 34 | S59: 5 | T59: 0 | U59: Prim. NO EPA | W59: =+IF(V59="","",IF(V59="FINES",CONCATENATE("R",IF(OR(B59="16",B59="21",B59="22",B59="23"),"16212223",IF(OR(B59="15",B59="17",B59="24",B59="25"),"15172425",B59))),IF(V59="CEBAS","UNICO",IF(VALUE(B59)<=11,"AMBA","INTERIOR")))) | X59: =+IF(V59="","-",CONCATENATE(V59,"_",W59)) -> - | Y59: 0.072 | Z59: =IFERROR(IFERROR(VLOOKUP(G59,'IVSET-Escuelas'!A:F,4,FALSE),VLOOKUP(M59,'IVSET-Fines'!F:L,7,FALSE)),"-") -> 0.50855798
A60: Un.Serv. | B60: 09 | C60: 132 | D60: José C. Paz | E60: 602107 | F60: 3 | G60: 0132DC0706 | H60: Oficial | I60: CENTRO DE EDUCACIÓN PRIMARIA DE ADULTOS | J60: EXTENSION | K60: 0132DE0702 | L60: CENTRO DE ADULTOS Nº706/02 | N60: Urbano | O60: No | P60: Educación de Jóvenes y Adultos | Q60: Nivel Primario | R60: 58 | S60: 5 | T60: 0 | U60: Prim. NO EPA | W60: =+IF(V60="","",IF(V60="FINES",CONCATENATE("R",IF(OR(B60="16",B60="21",B60="22",B60="23"),"16212223",IF(OR(B60="15",B60="17",B60="24",B60="25"),"15172425",B60))),IF(V60="CEBAS","UNICO",IF(VALUE(B60)<=11,"AMBA","INTERIOR")))) | X60: =+IF(V60="","-",CONCATENATE(V60,"_",W60)) -> - | Y60: 0.073 | Z60: =IFERROR(IFERROR(VLOOKUP(G60,'IVSET-Escuelas'!A:F,4,FALSE),VLOOKUP(M60,'IVSET-Fines'!F:L,7,FALSE)),"-") -> 0.77473855
A61: Un.Serv. | B61: 21 | C61: 023 | D61: Coronel Dorrego | E61: 601730 | F61: 0 | G61: 0023DC0703 | H61: Oficial | I61: CENTRO DE EDUCACIÓN PRIMARIA DE ADULTOS | J61: SEDE | L61: CENTRO DE ADULTOS Nº703 | N61: Rural Agrupado | O61: No | P61: Educación de Jóvenes y Adultos | Q61: Nivel Primario | R61: 5 | S61: 1 | T61: 0 | U61: Prim. NO EPA | W61: =+IF(V61="","",IF(V61="FINES",CONCATENATE("R",IF(OR(B61="16",B61="21",B61="22",B61="23"),"16212223",IF(OR(B61="15",B61="17",B61="24",B61="25"),"15172425",B61))),IF(V61="CEBAS","UNICO",IF(VALUE(B61)<=11,"AMBA","INTERIOR")))) | X61: =+IF(V61="","-",CONCATENATE(V61,"_",W61)) -> - | Y61: 0.073 | Z61: =IFERROR(IFERROR(VLOOKUP(G61,'IVSET-Escuelas'!A:F,4,FALSE),VLOOKUP(M61,'IVSET-Fines'!F:L,7,FALSE)),"-") -> 0.23122641
A62: Un.Serv. | B62: 18 | C62: 123 | D62: La Costa | E62: 608268 | F62: 0 | G62: 0123DC0702 | H62: Oficial | I62: CENTRO DE EDUCACIÓN PRIMARIA DE ADULTOS | J62: SEDE | L62: CENTRO DE ADULTOS Nº702 | N62: Urbano | O62: No | P62: Educación de Jóvenes y Adultos | Q62: Nivel Primario | R62: 69 | S62: 5 | T62: 0 | U62: Prim. NO EPA | W62: =+IF(V62="","",IF(V62="FINES",CONCATENATE("R",IF(OR(B62="16",B62="21",B62="22",B62="23"),"16212223",IF(OR(B62="15",B62="17",B62="24",B62="25"),"15172425",B62))),IF(V62="CEBAS","UNICO",IF(VALUE(B62)<=11,"AMBA","INTERIOR")))) | X62: =+IF(V62="","-",CONCATENATE(V62,"_",W62)) -> - | Y62: 0.074 | Z62: =IFERROR(IFERROR(VLOOKUP(G62,'IVSET-Escuelas'!A:F,4,FALSE),VLOOKUP(M62,'IVSET-Fines'!F:L,7,FALSE)),"-") -> 0.37682286
A63: Un.Serv. | B63: 12 | C63: 098 | D63: San Pedro | E63: 607570 | F63: 1 | G63: 0098DC0705 | H63: Oficial | I63: CENTRO DE EDUCACIÓN PRIMARIA DE ADULTOS | J63: EXTENSION | K63: 0098DE0701 | L63: CENTRO DE ADULTOS Nº705/01 | N63: Urbano | O63: No | P63: Educación de Jóvenes y Adultos | Q63: Nivel Primario | R63: 47 | S63: 3 | T63: 0 | U63: Prim. NO EPA | W63: =+IF(V63="","",IF(V63="FINES",CONCATENATE("R",IF(OR(B63="16",B63="21",B63="22",B63="23"),"16212223",IF(OR(B63="15",B63="17",B63="24",B63="25"),"15172425",B63))),IF(V63="CEBAS","UNICO",IF(VALUE(B63)<=11,"AMBA","INTERIOR")))) | X63: =+IF(V63="","-",CONCATENATE(V63,"_",W63)) -> - | Y63: 0.075 | Z63: =IFERROR(IFERROR(VLOOKUP(G63,'IVSET-Escuelas'!A:F,4,FALSE),VLOOKUP(M63,'IVSET-Fines'!F:L,7,FALSE)),"-") -> 0.2081182
A64: Un.Serv. | B64: 02 | C64: 111 | D64: Lanús | E64: 604353 | F64: 1 | G64: 0111DC0719 | H64: Oficial | I64: CENTRO DE EDUCACIÓN PRIMARIA DE ADULTOS | J64: EXTENSION | K64: 0111DE0706 | L64: CENTRO DE ADULTOS Nº719/06 | N64: Urbano | O64: No | P64: Educación de Jóvenes y Adultos | Q64: Nivel Primario | R64: 14 | S64: 1 | T64: 0 | U64: Prim. NO EPA | W64: =+IF(V64="","",IF(V64="FINES",CONCATENATE("R",IF(OR(B64="16",B64="21",B64="22",B64="23"),"16212223",IF(OR(B64="15",B64="17",B64="24",B64="25"),"15172425",B64))),IF(V64="CEBAS","UNICO",IF(VALUE(B64)<=11,"AMBA","INTERIOR")))) | X64: =+IF(V64="","-",CONCATENATE(V64,"_",W64)) -> - | Y64: 0.078 | Z64: =IFERROR(IFERROR(VLOOKUP(G64,'IVSET-Escuelas'!A:F,4,FALSE),VLOOKUP(M64,'IVSET-Fines'!F:L,7,FALSE)),"-") -> 0.57112676
A65: Un.Serv. | B65: 12 | C65: 086 | D65: Ramallo | E65: 612022 | F65: 0 | G65: 0086DC0706 | H65: Oficial | I65: CENTRO DE EDUCACIÓN PRIMARIA DE ADULTOS | J65: SEDE | L65: CENTRO DE ADULTOS Nº706 | N65: Urbano | O65: No | P65: Educación de Jóvenes y Adultos | Q65: Nivel Primario | R65: 15 | S65: 1 | T65: 0 | U65: Prim. NO EPA | W65: =+IF(V65="","",IF(V65="FINES",CONCATENATE("R",IF(OR(B65="16",B65="21",B65="22",B65="23"),"16212223",IF(OR(B65="15",B65="17",B65="24",B65="25"),"15172425",B65))),IF(V65="CEBAS","UNICO",IF(VALUE(B65)<=11,"AMBA","INTERIOR")))) | X65: =+IF(V65="","-",CONCATENATE(V65,"_",W65)) -> - | Y65: 0.08 | Z65: =IFERROR(IFERROR(VLOOKUP(G65,'IVSET-Escuelas'!A:F,4,FALSE),VLOOKUP(M65,'IVSET-Fines'!F:L,7,FALSE)),"-") -> 0.41636172
A66: Un.Serv. | B66: 15 | C66: 017 | D66: Carlos Casares | E66: 604802 | F66: 1 | G66: 0017DC0704 | H66: Oficial | I66: CENTRO DE EDUCACIÓN PRIMARIA DE ADULTOS | J66: EXTENSION | K66: 0017DE0701 | L66: CENTRO DE ADULTOS Nº704/01 | N66: Urbano | O66: No | P66: Educación de Jóvenes y Adultos | Q66: Nivel Primario | R66: 12 | S66: 1 | T66: 0 | U66: Prim. NO EPA | W66: =+IF(V66="","",IF(V66="FINES",CONCATENATE("R",IF(OR(B66="16",B66="21",B66="22",B66="23"),"16212223",IF(OR(B66="15",B66="17",B66="24",B66="25"),"15172425",B66))),IF(V66="CEBAS","UNICO",IF(VALUE(B66)<=11,"AMBA","INTERIOR")))) | X66: =+IF(V66="","-",CONCATENATE(V66,"_",W66)) -> - | Y66: 0.081 | Z66: =IFERROR(IFERROR(VLOOKUP(G66,'IVSET-Escuelas'!A:F,4,FALSE),VLOOKUP(M66,'IVSET-Fines'!F:L,7,FALSE)),"-") -> 0.51588506
A67: Un.Serv. | B67: 02 | C67: 062 | D67: Lomas de Zamora | E67: 608161 | F67: 2 | G67: 0062DC0715 | H67: Oficial | I67: CENTRO DE EDUCACIÓN PRIMARIA DE ADULTOS | J67: EXTENSION | K67: 0062DE0704 | L67: CENTRO DE ADULTOS Nº715/04 | N67: Urbano | O67: No | P67: Educación de Jóvenes y Adultos | Q67: Nivel Primario | R67: 20 | S67: 2 | T67: 0 | U67: Prim. NO EPA | W67: =+IF(V67="","",IF(V67="FINES",CONCATENATE("R",IF(OR(B67="16",B67="21",B67="22",B67="23"),"16212223",IF(OR(B67="15",B67="17",B67="24",B67="25"),"15172425",B67))),IF(V67="CEBAS","UNICO",IF(VALUE(B67)<=11,"AMBA","INTERIOR")))) | X67: =+IF(V67="","-",CONCATENATE(V67,"_",W67)) -> - | Y67: 0.084 | Z67: =IFERROR(IFERROR(VLOOKUP(G67,'IVSET-Escuelas'!A:F,4,FALSE),VLOOKUP(M67,'IVSET-Fines'!F:L,7,FALSE)),"-") -> 0.3011727
A68: Un.Serv. | B68: 05 | C68: 004 | D68: Almirante Brown | E68: 613498 | F68: 2 | G68: 0004DC0737 | H68: Oficial | I68: CENTRO DE EDUCACIÓN PRIMARIA DE ADULTOS | J68: EXTENSION | K68: 0004DE0709 | L68: CENTRO DE ADULTOS Nº737/09 | N68: Urbano | O68: No | P68: Educación de Jóvenes y Adultos | Q68: Nivel Primario | R68: 25 | S68: 2 | T68: 0 | U68: Prim. NO EPA | W68: =+IF(V68="","",IF(V68="FINES",CONCATENATE("R",IF(OR(B68="16",B68="21",B68="22",B68="23"),"16212223",IF(OR(B68="15",B68="17",B68="24",B68="25"),"15172425",B68))),IF(V68="CEBAS","UNICO",IF(VALUE(B68)<=11,"AMBA","INTERIOR")))) | X68: =+IF(V68="","-",CONCATENATE(V68,"_",W68)) -> - | Y68: 0.084 | Z68: =IFERROR(IFERROR(VLOOKUP(G68,'IVSET-Escuelas'!A:F,4,FALSE),VLOOKUP(M68,'IVSET-Fines'!F:L,7,FALSE)),"-") -> 0.98255634
A69: Un.Serv. | B69: 02 | C69: 111 | D69: Lanús | E69: 605130 | F69: 2 | G69: 0111DC0721 | H69: Oficial | I69: CENTRO DE EDUCACIÓN PRIMARIA DE ADULTOS | J69: EXTENSION | K69: 0111DE0702 | L69: CENTRO DE ADULTOS Nº721/02 | N69: Urbano | O69: No | P69: Educación de Jóvenes y Adultos | Q69: Nivel Primario | R69: 32 | S69: 2 | T69: 0 | U69: Prim. NO EPA | W69: =+IF(V69="","",IF(V69="FINES",CONCATENATE("R",IF(OR(B69="16",B69="21",B69="22",B69="23"),"16212223",IF(OR(B69="15",B69="17",B69="24",B69="25"),"15172425",B69))),IF(V69="CEBAS","UNICO",IF(VALUE(B69)<=11,"AMBA","INTERIOR")))) | X69: =+IF(V69="","-",CONCATENATE(V69,"_",W69)) -> - | Y69: 0.085 | Z69: =IFERROR(IFERROR(VLOOKUP(G69,'IVSET-Escuelas'!A:F,4,FALSE),VLOOKUP(M69,'IVSET-Fines'!F:L,7,FALSE)),"-") -> 0.31520313
A70: Un.Serv. | B70: 04 | C70: 085 | D70: Quilmes | E70: 614435 | F70: 0 | G70: 0085DA0152 | H70: Oficial | I70: CENTRO DE ALFABETIZACIÓN | J70: SEDE | L70: CENTRO DE ALFABETIZACIÓN N°152 SOCIEDAD DE FOMENTO PEDRO NEGRUSSI | N70: Urbano | O70: No | P70: Educación de Jóvenes y Adultos | Q70: Nivel Primario | R70: 11 | S70: 1 | T70: 0 | U70: Prim. NO EPA | W70: =+IF(V70="","",IF(V70="FINES",CONCATENATE("R",IF(OR(B70="16",B70="21",B70="22",B70="23"),"16212223",IF(OR(B70="15",B70="17",B70="24",B70="25"),"15172425",B70))),IF(V70="CEBAS","UNICO",IF(VALUE(B70)<=11,"AMBA","INTERIOR")))) | X70: =+IF(V70="","-",CONCATENATE(V70,"_",W70)) -> - | Y70: 0.085 | Z70: =IFERROR(IFERROR(VLOOKUP(G70,'IVSET-Escuelas'!A:F,4,FALSE),VLOOKUP(M70,'IVSET-Fines'!F:L,7,FALSE)),"-") -> -
A71: Un.Serv. | B71: 20 | C71: 060 | D71: Lobería | E71: 600689 | F71: 0 | G71: 0060DC0704 | H71: Oficial | I71: CENTRO DE EDUCACIÓN PRIMARIA DE ADULTOS | J71: SEDE | L71: CENTRO DE ADULTOS Nº704 | N71: Rural Disperso | O71: No | P71: Educación de Jóvenes y Adultos | Q71: Nivel Primario | R71: 30 | S71: 1 | T71: 0 | U71: Prim. NO EPA | W71: =+IF(V71="","",IF(V71="FINES",CONCATENATE("R",IF(OR(B71="16",B71="21",B71="22",B71="23"),"16212223",IF(OR(B71="15",B71="17",B71="24",B71="25"),"15172425",B71))),IF(V71="CEBAS","UNICO",IF(VALUE(B71)<=11,"AMBA","INTERIOR")))) | X71: =+IF(V71="","-",CONCATENATE(V71,"_",W71)) -> - | Y71: 0.085 | Z71: =IFERROR(IFERROR(VLOOKUP(G71,'IVSET-Escuelas'!A:F,4,FALSE),VLOOKUP(M71,'IVSET-Fines'!F:L,7,FALSE)),"-") -> 0.36152184
A72: Un.Serv. | B72: 23 | C72: 051 | D72: Guaminí | E72: 604820 | F72: 0 | G72: 0051DC0703 | H72: Oficial | I72: CENTRO DE EDUCACIÓN PRIMARIA DE ADULTOS | J72: SEDE | L72: CENTRO DE ADULTOS Nº703 "LUIS BERNASCONI" | N72: Urbano | O72: No | P72: Educación de Jóvenes y Adultos | Q72: Nivel Primario | R72: 10 | S72: 1 | T72: 0 | U72: Prim. NO EPA | W72: =+IF(V72="","",IF(V72="FINES",CONCATENATE("R",IF(OR(B72="16",B72="21",B72="22",B72="23"),"16212223",IF(OR(B72="15",B72="17",B72="24",B72="25"),"15172425",B72))),IF(V72="CEBAS","UNICO",IF(VALUE(B72)<=11,"AMBA","INTERIOR")))) | X72: =+IF(V72="","-",CONCATENATE(V72,"_",W72)) -> - | Y72: 0.086 | Z72: =IFERROR(IFERROR(VLOOKUP(G72,'IVSET-Escuelas'!A:F,4,FALSE),VLOOKUP(M72,'IVSET-Fines'!F:L,7,FALSE)),"-") -> 0.17678712
A73: Un.Serv. | B73: 12 | C73: 097 | D73: San Nicolás | E73: 604559 | F73: 1 | G73: 0097DC0705 | H73: Oficial | I73: CENTRO DE EDUCACIÓN PRIMARIA DE ADULTOS | J73: EXTENSION | K73: 0097DE0703 | L73: CENTRO DE ADULTOS Nº705/03 | N73: Urbano | O73: No | P73: Educación de Jóvenes y Adultos | Q73: Nivel Primario | R73: 30 | S73: 1 | T73: 0 | U73: Prim. NO EPA | W73: =+IF(V73="","",IF(V73="FINES",CONCATENATE("R",IF(OR(B73="16",B73="21",B73="22",B73="23"),"16212223",IF(OR(B73="15",B73="17",B73="24",B73="25"),"15172425",B73))),IF(V73="CEBAS","UNICO",IF(VALUE(B73)<=11,"AMBA","INTERIOR")))) | X73: =+IF(V73="","-",CONCATENATE(V73,"_",W73)) -> - | Y73: 0.087 | Z73: =IFERROR(IFERROR(VLOOKUP(G73,'IVSET-Escuelas'!A:F,4,FALSE),VLOOKUP(M73,'IVSET-Fines'!F:L,7,FALSE)),"-") -> 0.56600285
A74: Un.Serv. | B74: 09 | C74: 131 | D74: San Miguel | E74: 614092 | F74: 1 | G74: 0131DC0709 | H74: Oficial | I74: CENTRO DE EDUCACIÓN PRIMARIA DE ADULTOS | J74: EXTENSION | K74: 0131DE0704 | L74: CENTRO DE ADULTOS Nº709 | N74: Urbano | O74: No | P74: Educación de Jóvenes y Adultos | Q74: Nivel Primario | R74: 38 | S74: 2 | T74: 0 | U74: Prim. NO EPA | W74: =+IF(V74="","",IF(V74="FINES",CONCATENATE("R",IF(OR(B74="16",B74="21",B74="22",B74="23"),"16212223",IF(OR(B74="15",B74="17",B74="24",B74="25"),"15172425",B74))),IF(V74="CEBAS","UNICO",IF(VALUE(B74)<=11,"AMBA","INTERIOR")))) | X74: =+IF(V74="","-",CONCATENATE(V74,"_",W74)) -> - | Y74: 0.093 | Z74: =IFERROR(IFERROR(VLOOKUP(G74,'IVSET-Escuelas'!A:F,4,FALSE),VLOOKUP(M74,'IVSET-Fines'!F:L,7,FALSE)),"-") -> 0.74456817
A75: Un.Serv. | B75: 06 | C75: 095 | D75: San Fernando | E75: 607654 | F75: 2 | G75: 0095DC0710 | H75: Oficial | I75: CENTRO DE EDUCACIÓN PRIMARIA DE ADULTOS | J75: EXTENSION | K75: 0095DE0703 | L75: CENTRO DE ADULTOS Nº710/03 | N75: Urbano | O75: No | P75: Educación de Jóvenes y Adultos | Q75: Nivel Primario | R75: 27 | S75: 2 | T75: 0 | U75: Prim. NO EPA | W75: =+IF(V75="","",IF(V75="FINES",CONCATENATE("R",IF(OR(B75="16",B75="21",B75="22",B75="23"),"16212223",IF(OR(B75="15",B75="17",B75="24",B75="25"),"15172425",B75))),IF(V75="CEBAS","UNICO",IF(VALUE(B75)<=11,"AMBA","INTERIOR")))) | X75: =+IF(V75="","-",CONCATENATE(V75,"_",W75)) -> - | Y75: 0.093 | Z75: =IFERROR(IFERROR(VLOOKUP(G75,'IVSET-Escuelas'!A:F,4,FALSE),VLOOKUP(M75,'IVSET-Fines'!F:L,7,FALSE)),"-") -> 0.53610706
A76: Un.Serv. | B76: 22 | C76: 008 | D76: Bahía Blanca | E76: 605439 | F76: 3 | G76: 0008DC0726 | H76: Oficial | I76: CENTRO DE EDUCACIÓN PRIMARIA DE ADULTOS | J76: EXTENSION | K76: 0008DE0705 | L76: CENTRO DE ADULTOS Nº726/05 | N76: Urbano | O76: No | P76: Educación de Jóvenes y Adultos | Q76: Nivel Primario | R76: 44 | S76: 3 | T76: 0 | U76: Prim. NO EPA | W76: =+IF(V76="","",IF(V76="FINES",CONCATENATE("R",IF(OR(B76="16",B76="21",B76="22",B76="23"),"16212223",IF(OR(B76="15",B76="17",B76="24",B76="25"),"15172425",B76))),IF(V76="CEBAS","UNICO",IF(VALUE(B76)<=11,"AMBA","INTERIOR")))) | X76: =+IF(V76="","-",CONCATENATE(V76,"_",W76)) -> - | Y76: 0.094 | Z76: =IFERROR(IFERROR(VLOOKUP(G76,'IVSET-Escuelas'!A:F,4,FALSE),VLOOKUP(M76,'IVSET-Fines'!F:L,7,FALSE)),"-") -> 0.29458851
A77: Un.Serv. | B77: 02 | C77: 005 | D77: Avellaneda | E77: 604305 | F77: 1 | G77: 0005DC0717 | H77: Oficial | I77: CENTRO DE EDUCACIÓN PRIMARIA DE ADULTOS | J77: EXTENSION | K77: 0005DE0705 | L77: CENTRO DE ADULTOS Nº717/05 | N77: Urbano | O77: No | P77: Educación de Jóvenes y Adultos | Q77: Nivel Primario | R77: 31 | S77: 3 | T77: 0 | U77: Prim. NO EPA | W77: =+IF(V77="","",IF(V77="FINES",CONCATENATE("R",IF(OR(B77="16",B77="21",B77="22",B77="23"),"16212223",IF(OR(B77="15",B77="17",B77="24",B77="25"),"15172425",B77))),IF(V77="CEBAS","UNICO",IF(VALUE(B77)<=11,"AMBA","INTERIOR")))) | X77: =+IF(V77="","-",CONCATENATE(V77,"_",W77)) -> - | Y77: 0.094 | Z77: =IFERROR(IFERROR(VLOOKUP(G77,'IVSET-Escuelas'!A:F,4,FALSE),VLOOKUP(M77,'IVSET-Fines'!F:L,7,FALSE)),"-") -> 0.43521503
A78: Un.Serv. | B78: 06 | C78: 095 | D78: San Fernando | E78: 600843 | F78: 2 | G78: 0095DC0707 | H78: Oficial | I78: CENTRO DE EDUCACIÓN PRIMARIA DE ADULTOS | J78: EXTENSION | K78: 0095DE0701 | L78: CENTRO DE ADULTOS Nº707/04 | N78: Urbano | O78: No | P78: Educación de Jóvenes y Adultos | Q78: Nivel Primario | R78: 10 | S78: 1 | T78: 0 | U78: Prim. NO EPA | W78: =+IF(V78="","",IF(V78="FINES",CONCATENATE("R",IF(OR(B78="16",B78="21",B78="22",B78="23"),"16212223",IF(OR(B78="15",B78="17",B78="24",B78="25"),"15172425",B78))),IF(V78="CEBAS","UNICO",IF(VALUE(B78)<=11,"AMBA","INTERIOR")))) | X78: =+IF(V78="","-",CONCATENATE(V78,"_",W78)) -> - | Y78: 0.095 | Z78: =IFERROR(IFERROR(VLOOKUP(G78,'IVSET-Escuelas'!A:F,4,FALSE),VLOOKUP(M78,'IVSET-Fines'!F:L,7,FALSE)),"-") -> 0.42984155
A79: Un.Serv. | B79: 22 | C79: 008 | D79: Bahía Blanca | E79: 602486 | F79: 2 | G79: 0008DC0709 | H79: Oficial | I79: CENTRO DE EDUCACIÓN PRIMARIA DE ADULTOS | J79: EXTENSION | K79: 0008DC0721 | L79: CENTRO DE ADULTOS Nº709 "PASO DE LOS CUATREROS" | N79: Urbano | O79: No | P79: Educación de Jóvenes y Adultos | Q79: Nivel Primario | R79: 42 | S79: 3 | T79: 0 | U79: Prim. NO EPA | W79: =+IF(V79="","",IF(V79="FINES",CONCATENATE("R",IF(OR(B79="16",B79="21",B79="22",B79="23"),"16212223",IF(OR(B79="15",B79="17",B79="24",B79="25"),"15172425",B79))),IF(V79="CEBAS","UNICO",IF(VALUE(B79)<=11,"AMBA","INTERIOR")))) | X79: =+IF(V79="","-",CONCATENATE(V79,"_",W79)) -> - | Y79: 0.095 | Z79: =IFERROR(IFERROR(VLOOKUP(G79,'IVSET-Escuelas'!A:F,4,FALSE),VLOOKUP(M79,'IVSET-Fines'!F:L,7,FALSE)),"-") -> 0.39130548
A80: Un.Serv. | B80: 05 | C80: 004 | D80: Almirante Brown | E80: 613498 | F80: 1 | G80: 0004DC0725 | H80: Oficial | I80: CENTRO DE EDUCACIÓN PRIMARIA DE ADULTOS | J80: EXTENSION | K80: 0004DE0709 | L80: CENTRO DE ADULTOS Nº725/09 | N80: Urbano | O80: No | P80: Educación de Jóvenes y Adultos | Q80: Nivel Primario | R80: 16 | S80: 1 | T80: 0 | U80: Prim. NO EPA | W80: =+IF(V80="","",IF(V80="FINES",CONCATENATE("R",IF(OR(B80="16",B80="21",B80="22",B80="23"),"16212223",IF(OR(B80="15",B80="17",B80="24",B80="25"),"15172425",B80))),IF(V80="CEBAS","UNICO",IF(VALUE(B80)<=11,"AMBA","INTERIOR")))) | X80: =+IF(V80="","-",CONCATENATE(V80,"_",W80)) -> - | Y80: 0.095 | Z80: =IFERROR(IFERROR(VLOOKUP(G80,'IVSET-Escuelas'!A:F,4,FALSE),VLOOKUP(M80,'IVSET-Fines'!F:L,7,FALSE)),"-") -> 0.90957344
A81: Un.Serv. | B81: 23 | C81: 105 | D81: Tornquist | E81: 604971 | F81: 0 | G81: 0105DC0701 | H81: Oficial | I81: CENTRO DE EDUCACIÓN PRIMARIA DE ADULTOS | J81: SEDE | L81: CENTRO DE ADULTOS Nº701 "FRAGATA SARMIENTO" | N81: Urbano | O81: No | P81: Educación de Jóvenes y Adultos | Q81: Nivel Primario | R81: 37 | S81: 4 | T81: 0 | U81: Prim. NO EPA | W81: =+IF(V81="","",IF(V81="FINES",CONCATENATE("R",IF(OR(B81="16",B81="21",B81="22",B81="23"),"16212223",IF(OR(B81="15",B81="17",B81="24",B81="25"),"15172425",B81))),IF(V81="CEBAS","UNICO",IF(VALUE(B81)<=11,"AMBA","INTERIOR")))) | X81: =+IF(V81="","-",CONCATENATE(V81,"_",W81)) -> - | Y81: 0.095 | Z81: =IFERROR(IFERROR(VLOOKUP(G81,'IVSET-Escuelas'!A:F,4,FALSE),VLOOKUP(M81,'IVSET-Fines'!F:L,7,FALSE)),"-") -> 0.21735017
A82: Un.Serv. | B82: 03 | C82: 069 | D82: La Matanza | E82: 610535 | F82: 2 | G82: 0069DC0750 | H82: Oficial | I82: CENTRO DE EDUCACIÓN PRIMARIA DE ADULTOS | J82: EXTENSION | K82: 0069DE0724 | L82: CENTRO DE ADULTOS Nº750/24 | N82: Urbano | O82: No | P82: Educación de Jóvenes y Adultos | Q82: Nivel Primario | R82: 38 | S82: 2 | T82: 0 | U82: Prim. NO EPA | W82: =+IF(V82="","",IF(V82="FINES",CONCATENATE("R",IF(OR(B82="16",B82="21",B82="22",B82="23"),"16212223",IF(OR(B82="15",B82="17",B82="24",B82="25"),"15172425",B82))),IF(V82="CEBAS","UNICO",IF(VALUE(B82)<=11,"AMBA","INTERIOR")))) | X82: =+IF(V82="","-",CONCATENATE(V82,"_",W82)) -> - | Y82: 0.096 | Z82: =IFERROR(IFERROR(VLOOKUP(G82,'IVSET-Escuelas'!A:F,4,FALSE),VLOOKUP(M82,'IVSET-Fines'!F:L,7,FALSE)),"-") -> 0.58444697
A83: Un.Serv. | B83: 04 | C83: 085 | D83: Quilmes | E83: 613653 | F83: 1 | G83: 0085DC0711 | H83: Oficial | I83: CENTRO DE EDUCACIÓN PRIMARIA DE ADULTOS | J83: EXTENSION | K83: 0085DE0707 | L83: CENTRO DE ADULTOS Nº711/07 | N83: Urbano | O83: No | P83: Educación de Jóvenes y Adultos | Q83: Nivel Primario | R83: 15 | S83: 1 | T83: 0 | U83: Prim. NO EPA | W83: =+IF(V83="","",IF(V83="FINES",CONCATENATE("R",IF(OR(B83="16",B83="21",B83="22",B83="23"),"16212223",IF(OR(B83="15",B83="17",B83="24",B83="25"),"15172425",B83))),IF(V83="CEBAS","UNICO",IF(VALUE(B83)<=11,"AMBA","INTERIOR")))) | X83: =+IF(V83="","-",CONCATENATE(V83,"_",W83)) -> - | Y83: 0.096 | Z83: =IFERROR(IFERROR(VLOOKUP(G83,'IVSET-Escuelas'!A:F,4,FALSE),VLOOKUP(M83,'IVSET-Fines'!F:L,7,FALSE)),"-") -> 0.87315935
A84: Un.Serv. | B84: 20 | C84: 102 | D84: Tandil | E84: 604248 | F84: 2 | G84: 0102DC0710 | H84: Oficial | I84: CENTRO DE EDUCACIÓN PRIMARIA DE ADULTOS | J84: EXTENSION | K84: 0102DE0702 | L84: CENTRO DE ADULTOS Nº710 | N84: Urbano | O84: No | P84: Educación de Jóvenes y Adultos | Q84: Nivel Primario | R84: 12 | S84: 1 | T84: 0 | U84: Prim. NO EPA | W84: =+IF(V84="","",IF(V84="FINES",CONCATENATE("R",IF(OR(B84="16",B84="21",B84="22",B84="23"),"16212223",IF(OR(B84="15",B84="17",B84="24",B84="25"),"15172425",B84))),IF(V84="CEBAS","UNICO",IF(VALUE(B84)<=11,"AMBA","INTERIOR")))) | X84: =+IF(V84="","-",CONCATENATE(V84,"_",W84)) -> - | Y84: 0.097 | Z84: =IFERROR(IFERROR(VLOOKUP(G84,'IVSET-Escuelas'!A:F,4,FALSE),VLOOKUP(M84,'IVSET-Fines'!F:L,7,FALSE)),"-") -> 0.56054306
A85: Un.Serv. | B85: 11 | C85: 116 | D85: Escobar | E85: 613714 | F85: 1 | G85: 0116DC0704 | H85: Oficial | I85: CENTRO DE EDUCACIÓN PRIMARIA DE ADULTOS | J85: EXTENSION | K85: 0116DE0705 | L85: CENTRO DE ADULTOS Nº704 | N85: Urbano | O85: No | P85: Educación de Jóvenes y Adultos | Q85: Nivel Primario | R85: 31 | S85: 2 | T85: 0 | U85: Prim. NO EPA | W85: =+IF(V85="","",IF(V85="FINES",CONCATENATE("R",IF(OR(B85="16",B85="21",B85="22",B85="23"),"16212223",IF(OR(B85="15",B85="17",B85="24",B85="25"),"15172425",B85))),IF(V85="CEBAS","UNICO",IF(VALUE(B85)<=11,"AMBA","INTERIOR")))) | X85: =+IF(V85="","-",CONCATENATE(V85,"_",W85)) -> - | Y85: 0.097 | Z85: =IFERROR(IFERROR(VLOOKUP(G85,'IVSET-Escuelas'!A:F,4,FALSE),VLOOKUP(M85,'IVSET-Fines'!F:L,7,FALSE)),"-") -> 0.42295671
A86: Un.Serv. | B86: 10 | C86: 063 | D86: Luján | E86: 613586 | F86: 3 | G86: 0063DC0708 | H86: Oficial | I86: CENTRO DE EDUCACIÓN PRIMARIA DE ADULTOS | J86: EXTENSION | K86: 0063DE0701 | L86: CENTRO DE ADULTOS Nº708 | N86: Urbano | O86: No | P86: Educación de Jóvenes y Adultos | Q86: Nivel Primario | R86: 28 | S86: 2 | T86: 0 | U86: Prim. NO EPA | W86: =+IF(V86="","",IF(V86="FINES",CONCATENATE("R",IF(OR(B86="16",B86="21",B86="22",B86="23"),"16212223",IF(OR(B86="15",B86="17",B86="24",B86="25"),"15172425",B86))),IF(V86="CEBAS","UNICO",IF(VALUE(B86)<=11,"AMBA","INTERIOR")))) | X86: =+IF(V86="","-",CONCATENATE(V86,"_",W86)) -> - | Y86: 0.102 | Z86: =IFERROR(IFERROR(VLOOKUP(G86,'IVSET-Escuelas'!A:F,4,FALSE),VLOOKUP(M86,'IVSET-Fines'!F:L,7,FALSE)),"-") -> 0.32059678
A87: Un.Serv. | B87: 01 | C87: 113 | D87: Berisso | E87: 602986 | F87: 0 | G87: 0113DC0706 | H87: Oficial | I87: CENTRO DE EDUCACIÓN PRIMARIA DE ADULTOS | J87: SEDE | L87: CENTRO DE ADULTOS Nº706 | N87: Urbano | O87: No | P87: Educación de Jóvenes y Adultos | Q87: Nivel Primario | R87: 39 | S87: 2 | T87: 0 | U87: Prim. NO EPA | W87: =+IF(V87="","",IF(V87="FINES",CONCATENATE("R",IF(OR(B87="16",B87="21",B87="22",B87="23"),"16212223",IF(OR(B87="15",B87="17",B87="24",B87="25"),"15172425",B87))),IF(V87="CEBAS","UNICO",IF(VALUE(B87)<=11,"AMBA","INTERIOR")))) | X87: =+IF(V87="","-",CONCATENATE(V87,"_",W87)) -> - | Y87: 0.103 | Z87: =IFERROR(IFERROR(VLOOKUP(G87,'IVSET-Escuelas'!A:F,4,FALSE),VLOOKUP(M87,'IVSET-Fines'!F:L,7,FALSE)),"-") -> 0.53914768
A88: Un.Serv. | B88: 13 | C88: 066 | D88: Salto | E88: 601449 | F88: 1 | G88: 0066DC0702 | H88: Oficial | I88: CENTRO DE EDUCACIÓN PRIMARIA DE ADULTOS | J88: EXTENSION | K88: 0066DE0701 | L88: CENTRO DE ADULTOS Nº702/01 | N88: Urbano | O88: No | P88: Educación de Jóvenes y Adultos | Q88: Nivel Primario | R88: 20 | S88: 2 | T88: 0 | U88: Prim. NO EPA | W88: =+IF(V88="","",IF(V88="FINES",CONCATENATE("R",IF(OR(B88="16",B88="21",B88="22",B88="23"),"16212223",IF(OR(B88="15",B88="17",B88="24",B88="25"),"15172425",B88))),IF(V88="CEBAS","UNICO",IF(VALUE(B88)<=11,"AMBA","INTERIOR")))) | X88: =+IF(V88="","-",CONCATENATE(V88,"_",W88)) -> - | Y88: 0.106 | Z88: =IFERROR(IFERROR(VLOOKUP(G88,'IVSET-Escuelas'!A:F,4,FALSE),VLOOKUP(M88,'IVSET-Fines'!F:L,7,FALSE)),"-") -> 0.45013377
A89: Un.Serv. | B89: 01 | C89: 113 | D89: Berisso | E89: 602842 | F89: 0 | G89: 0113DC0712 | H89: Oficial | I89: CENTRO DE EDUCACIÓN PRIMARIA DE ADULTOS | J89: SEDE | L89: CENTRO DE ADULTOS Nº712 | N89: Urbano | O89: No | P89: Educación de Jóvenes y Adultos | Q89: Nivel Primario | R89: 57 | S89: 3 | T89: 0 | U89: Prim. NO EPA | W89: =+IF(V89="","",IF(V89="FINES",CONCATENATE("R",IF(OR(B89="16",B89="21",B89="22",B89="23"),"16212223",IF(OR(B89="15",B89="17",B89="24",B89="25"),"15172425",B89))),IF(V89="CEBAS","UNICO",IF(VALUE(B89)<=11,"AMBA","INTERIOR")))) | X89: =+IF(V89="","-",CONCATENATE(V89,"_",W89)) -> - | Y89: 0.106 | Z89: =IFERROR(IFERROR(VLOOKUP(G89,'IVSET-Escuelas'!A:F,4,FALSE),VLOOKUP(M89,'IVSET-Fines'!F:L,7,FALSE)),"-") -> 0.44468862
A90: Un.Serv. | B90: 05 | C90: 030 | D90: Esteban Echeverría | E90: 602617 | F90: 3 | G90: 0030DC0708 | H90: Oficial | I90: CENTRO DE EDUCACIÓN PRIMARIA DE ADULTOS | J90: EXTENSION | K90: 0030DE0702 | L90: CENTRO DE ADULTOS Nº708/02 | N90: Urbano | O90: No | P90: Educación de Jóvenes y Adultos | Q90: Nivel Primario | R90: 16 | S90: 3 | T90: 0 | U90: Prim. NO EPA | W90: =+IF(V90="","",IF(V90="FINES",CONCATENATE("R",IF(OR(B90="16",B90="21",B90="22",B90="23"),"16212223",IF(OR(B90="15",B90="17",B90="24",B90="25"),"15172425",B90))),IF(V90="CEBAS","UNICO",IF(VALUE(B90)<=11,"AMBA","INTERIOR")))) | X90: =+IF(V90="","-",CONCATENATE(V90,"_",W90)) -> - | Y90: 0.107 | Z90: =IFERROR(IFERROR(VLOOKUP(G90,'IVSET-Escuelas'!A:F,4,FALSE),VLOOKUP(M90,'IVSET-Fines'!F:L,7,FALSE)),"-") -> 0.34893847
A91: Un.Serv. | B91: 24 | C91: 061 | D91: Lobos | E91: 607974 | F91: 3 | G91: 0061DC0704 | H91: Oficial | I91: CENTRO DE EDUCACIÓN PRIMARIA DE ADULTOS | J91: EXTENSION | K91: 0061DE0701 | L91: CENTRO DE ADULTOS Nº704/01 | N91: Urbano | O91: No | P91: Educación de Jóvenes y Adultos | Q91: Nivel Primario | R91: 35 | S91: 2 | T91: 0 | U91: Prim. NO EPA | W91: =+IF(V91="","",IF(V91="FINES",CONCATENATE("R",IF(OR(B91="16",B91="21",B91="22",B91="23"),"16212223",IF(OR(B91="15",B91="17",B91="24",B91="25"),"15172425",B91))),IF(V91="CEBAS","UNICO",IF(VALUE(B91)<=11,"AMBA","INTERIOR")))) | X91: =+IF(V91="","-",CONCATENATE(V91,"_",W91)) -> - | Y91: 0.11 | Z91: =IFERROR(IFERROR(VLOOKUP(G91,'IVSET-Escuelas'!A:F,4,FALSE),VLOOKUP(M91,'IVSET-Fines'!F:L,7,FALSE)),"-") -> 0.53657913
A92: Un.Serv. | B92: 22 | C92: 008 | D92: Bahía Blanca | E92: 605440 | F92: 3 | G92: 0008DC0715 | H92: Oficial | I92: CENTRO DE EDUCACIÓN PRIMARIA DE ADULTOS | J92: EXTENSION | K92: 0008DE0702 | L92: CENTRO DE ADULTOS Nº715/02 | N92: Urbano | O92: No | P92: Educación de Jóvenes y Adultos | Q92: Nivel Primario | R92: 35 | S92: 3 | T92: 0 | U92: Prim. NO EPA | W92: =+IF(V92="","",IF(V92="FINES",CONCATENATE("R",IF(OR(B92="16",B92="21",B92="22",B92="23"),"16212223",IF(OR(B92="15",B92="17",B92="24",B92="25"),"15172425",B92))),IF(V92="CEBAS","UNICO",IF(VALUE(B92)<=11,"AMBA","INTERIOR")))) | X92: =+IF(V92="","-",CONCATENATE(V92,"_",W92)) -> - | Y92: 0.111 | Z92: =IFERROR(IFERROR(VLOOKUP(G92,'IVSET-Escuelas'!A:F,4,FALSE),VLOOKUP(M92,'IVSET-Fines'!F:L,7,FALSE)),"-") -> 0.3336848
A93: Un.Serv. | B93: 19 | C93: 043 | D93: General Pueyrredón | E93: 609273 | F93: 2 | G93: 0043DC0725 | H93: Oficial | I93: CENTRO DE EDUCACIÓN PRIMARIA DE ADULTOS | J93: EXTENSION | K93: 0043DE0704 | L93: CENTRO DE ADULTOS Nº725/04 | N93: Urbano | O93: Sí | P93: Educación de Jóvenes y Adultos | Q93: Nivel Primario | R93: 45 | S93: 4 | T93: 0 | U93: Prim. NO EPA | W93: =+IF(V93="","",IF(V93="FINES",CONCATENATE("R",IF(OR(B93="16",B93="21",B93="22",B93="23"),"16212223",IF(OR(B93="15",B93="17",B93="24",B93="25"),"15172425",B93))),IF(V93="CEBAS","UNICO",IF(VALUE(B93)<=11,"AMBA","INTERIOR")))) | X93: =+IF(V93="","-",CONCATENATE(V93,"_",W93)) -> - | Y93: 0.111 | Z93: =IFERROR(IFERROR(VLOOKUP(G93,'IVSET-Escuelas'!A:F,4,FALSE),VLOOKUP(M93,'IVSET-Fines'!F:L,7,FALSE)),"-") -> 0.59364253
A94: Un.Serv. | B94: 14 | C94: 053 | D94: Junín | E94: 604293 | F94: 2 | G94: 0053DC0706 | H94: Oficial | I94: CENTRO DE EDUCACIÓN PRIMARIA DE ADULTOS | J94: EXTENSION | K94: 0053DE0701 | L94: CENTRO DE ADULTOS Nº706 | N94: Urbano | O94: No | P94: Educación de Jóvenes y Adultos | Q94: Nivel Primario | R94: 7 | S94: 1 | T94: 0 | U94: Prim. NO EPA | W94: =+IF(V94="","",IF(V94="FINES",CONCATENATE("R",IF(OR(B94="16",B94="21",B94="22",B94="23"),"16212223",IF(OR(B94="15",B94="17",B94="24",B94="25"),"15172425",B94))),IF(V94="CEBAS","UNICO",IF(VALUE(B94)<=11,"AMBA","INTERIOR")))) | X94: =+IF(V94="","-",CONCATENATE(V94,"_",W94)) -> - | Y94: 0.112 | Z94: =IFERROR(IFERROR(VLOOKUP(G94,'IVSET-Escuelas'!A:F,4,FALSE),VLOOKUP(M94,'IVSET-Fines'!F:L,7,FALSE)),"-") -> 0.2748881
A95: Un.Serv. | B95: 07 | C95: 117 | D95: Tres de Febrero | E95: 605775 | F95: 0 | G95: 4117MS4923 | H95: Privada | I95: ESCUELA DE EDUCACIÓN SECUNDARIA | J95: SEDE | L95: INSTITUTO SECUNDARIO MARTÍN CORONADO | N95: Urbano | O95: No | P95: Educación de Jóvenes y Adultos | Q95: Nivel Secundario | R95: 81 | S95: 8 | T95: 0 | U95: No Oficial | W95: =+IF(V95="","",IF(V95="FINES",CONCATENATE("R",IF(OR(B95="16",B95="21",B95="22",B95="23"),"16212223",IF(OR(B95="15",B95="17",B95="24",B95="25"),"15172425",B95))),IF(V95="CEBAS","UNICO",IF(VALUE(B95)<=11,"AMBA","INTERIOR")))) | X95: =+IF(V95="","-",CONCATENATE(V95,"_",W95)) -> - | Y95: 0.113 | Z95: =IFERROR(IFERROR(VLOOKUP(G95,'IVSET-Escuelas'!A:F,4,FALSE),VLOOKUP(M95,'IVSET-Fines'!F:L,7,FALSE)),"-") -> 0.24845302
A96: Un.Serv. | B96: 05 | C96: 004 | D96: Almirante Brown | E96: 613492 | F96: 1 | G96: 0004DC0721 | H96: Oficial | I96: CENTRO DE EDUCACIÓN PRIMARIA DE ADULTOS | J96: EXTENSION | K96: 0004DE0706 | L96: CENTRO DE ADULTOS Nº721/06 | N96: Urbano | O96: No | P96: Educación de Jóvenes y Adultos | Q96: Nivel Primario | R96: 36 | S96: 2 | T96: 0 | U96: Prim. NO EPA | W96: =+IF(V96="","",IF(V96="FINES",CONCATENATE("R",IF(OR(B96="16",B96="21",B96="22",B96="23"),"16212223",IF(OR(B96="15",B96="17",B96="24",B96="25"),"15172425",B96))),IF(V96="CEBAS","UNICO",IF(VALUE(B96)<=11,"AMBA","INTERIOR")))) | X96: =+IF(V96="","-",CONCATENATE(V96,"_",W96)) -> - | Y96: 0.113 | Z96: =IFERROR(IFERROR(VLOOKUP(G96,'IVSET-Escuelas'!A:F,4,FALSE),VLOOKUP(M96,'IVSET-Fines'!F:L,7,FALSE)),"-") -> 0.41066465
A97: Un.Serv. | B97: 13 | C97: 019 | D97: Carmen de Areco | E97: 606895 | F97: 2 | G97: 0019DC0703 | H97: Oficial | I97: CENTRO DE EDUCACIÓN PRIMARIA DE ADULTOS | J97: EXTENSION | K97: 0019DE0701 | L97: CENTRO DE EDUCACIÓN DE ADULTOS Nº703/01 | N97: Rural Agrupado | O97: No | P97: Educación de Jóvenes y Adultos | Q97: Nivel Primario | R97: 6 | S97: 1 | T97: 0 | U97: Prim. NO EPA | W97: =+IF(V97="","",IF(V97="FINES",CONCATENATE("R",IF(OR(B97="16",B97="21",B97="22",B97="23"),"16212223",IF(OR(B97="15",B97="17",B97="24",B97="25"),"15172425",B97))),IF(V97="CEBAS","UNICO",IF(VALUE(B97)<=11,"AMBA","INTERIOR")))) | X97: =+IF(V97="","-",CONCATENATE(V97,"_",W97)) -> - | Y97: 0.113 | Z97: =IFERROR(IFERROR(VLOOKUP(G97,'IVSET-Escuelas'!A:F,4,FALSE),VLOOKUP(M97,'IVSET-Fines'!F:L,7,FALSE)),"-") -> 0.44423193
A98: Un.Serv. | B98: 19 | C98: 043 | D98: General Pueyrredón | E98: 600256 | F98: 3 | G98: 0043DC0737 | H98: Oficial | I98: CENTRO DE EDUCACIÓN PRIMARIA DE ADULTOS | J98: EXTENSION | K98: 0043DE0729 | L98: CENTRO DE ADULTOS Nº737/9 | N98: Urbano | O98: No | P98: Educación de Jóvenes y Adultos | Q98: Nivel Primario | R98: 24 | S98: 2 | T98: 0 | U98: Prim. NO EPA | W98: =+IF(V98="","",IF(V98="FINES",CONCATENATE("R",IF(OR(B98="16",B98="21",B98="22",B98="23"),"16212223",IF(OR(B98="15",B98="17",B98="24",B98="25"),"15172425",B98))),IF(V98="CEBAS","UNICO",IF(VALUE(B98)<=11,"AMBA","INTERIOR")))) | X98: =+IF(V98="","-",CONCATENATE(V98,"_",W98)) -> - | Y98: 0.116 | Z98: =IFERROR(IFERROR(VLOOKUP(G98,'IVSET-Escuelas'!A:F,4,FALSE),VLOOKUP(M98,'IVSET-Fines'!F:L,7,FALSE)),"-") -> 0.33368361
A99: Un.Serv. | B99: 04 | C99: 032 | D99: Florencio Varela | E99: 608481 | F99: 1 | G99: 0032DC0714 | H99: Oficial | I99: CENTRO DE EDUCACIÓN PRIMARIA DE ADULTOS | J99: EXTENSION | K99: 0032DE0704 | L99: CENTRO DE ADULTOS Nº714/04 | N99: Urbano | O99: No | P99: Educación de Jóvenes y Adultos | Q99: Nivel Primario | R99: 22 | S99: 2 | T99: 0 | U99: Prim. NO EPA | W99: =+IF(V99="","",IF(V99="FINES",CONCATENATE("R",IF(OR(B99="16",B99="21",B99="22",B99="23"),"16212223",IF(OR(B99="15",B99="17",B99="24",B99="25"),"15172425",B99))),IF(V99="CEBAS","UNICO",IF(VALUE(B99)<=11,"AMBA","INTERIOR")))) | X99: =+IF(V99="","-",CONCATENATE(V99,"_",W99)) -> - | Y99: 0.118 | Z99: =IFERROR(IFERROR(VLOOKUP(G99,'IVSET-Escuelas'!A:F,4,FALSE),VLOOKUP(M99,'IVSET-Fines'!F:L,7,FALSE)),"-") -> 0.15476878
A100: Un.Serv. | B100: 14 | C100: 026 | D100: Chacabuco | E100: 608058 | F100: 2 | G100: 0026DC0705 | H100: Oficial | I100: CENTRO DE EDUCACIÓN PRIMARIA DE ADULTOS | J100: EXTENSION | K100: 0026DE0701 | L100: CENTRO DE ADULTOS Nº705 | N100: Urbano | O100: No | P100: Educación de Jóvenes y Adultos | Q100: Nivel Primario | R100: 35 | S100: 3 | T100: 0 | U100: Prim. NO EPA | W100: =+IF(V100="","",IF(V100="FINES",CONCATENATE("R",IF(OR(B100="16",B100="21",B100="22",B100="23"),"16212223",IF(OR(B100="15",B100="17",B100="24",B100="25"),"15172425",B100))),IF(V100="CEBAS","UNICO",IF(VALUE(B100)<=11,"AMBA","INTERIOR")))) | X100: =+IF(V100="","-",CONCATENATE(V100,"_",W100)) -> - | Y100: 0.118 | Z100: =IFERROR(IFERROR(VLOOKUP(G100,'IVSET-Escuelas'!A:F,4,FALSE),VLOOKUP(M100,'IVSET-Fines'!F:L,7,FALSE)),"-") -> 0.63530457
...

Sheet IVSET-Escuelas
A1: clave | B1: latitud | C1: longitud | D1: Punto_raster_IVSE-t | E1: media_250m_IVSE-T | F1: Porcentaje_AUH
A2: 0001AD0003 | B2: -34.917432 | C2: -57.947606 | D2: 0.13444868 | E2: 0.093181876
A3: 0001AE0001 | B3: -34.914041 | C3: -57.957036 | D3: 0.0029242446 | E3: 0.016143949
A4: 0001AE0002 | B4: -34.934052 | C4: -57.924258 | D4: 0.35604137 | E4: 0.32585426
A5: 0001AM0001 | B5: -34.898111 | C5: -57.985056 | D5: 0.19307984 | E5: 0.26257108
A6: 0001AT0004 | B6: -34.911834 | C6: -57.945508 | D6: 0.10234319 | E6: 0.088648967
A7: 0001AZ0002 | B7: -34.917104 | C7: -57.969299 | D7: 0.084368311 | E7: 0.076364624
A8: 0001DC0705 | B8: -34.88878 | C8: -57.997967 | D8: 0.30924478 | E8: 0.23738976
A9: 0001DC0707 | B9: -34.872305 | C9: -58.116934 | D9: 0.39586118 | E9: 0.34502352
A10: 0001DC0711 | B10: -34.937468 | C10: -57.95327 | D10: 0.14532167 | E10: 0.080896558
A11: 0001DC0714 | B11: -34.984366 | C11: -58.088904 | D11: 0.58266002 | E11: 0.5947441
A12: 0001DC0715 | B12: -34.945717 | C12: -57.984382 | D12: 0.40709412 | E12: 0.40624795
A13: 0001DC0716 | B13: -34.953909 | C13: -57.887246 | D13: 0.74700058 | E13: 0.76729916
... A47: 0032DE0751 | B47: -34.938737 | C47: -58.262247 | D47: 0.75733387 | E47: 0.75037428
A48: 0001EE0503 | B48: -34.921832 | C48: -57.945208 | D48: 0.11648656 | E48: 0.12060837 | F48: 6.25
A49: 0001EE0509 | B49: -34.932187 | C49: -57.942834 | D49: 0.13560428 | E49: 0.16712956 | F49: 83.333333
A50: 0001EE0514 | B50: -34.897047 | C50: -57.962622 | D50: 0.1963584 | E50: 0.20344988 | F50: 15.47619
A51: 0001EE0515 | B51: -34.877393 | C51: -58.022081 | D51: 0.26609826 | E51: 0.2656987 | F51: 20.689655
A52: 0001EE0516 | B52: -34.937197 | C52: -58.043643 | D52: 0.71902817 | E52: 0.75216341 | F52: 25
A53: 0001EE0517 | B53: -34.915703 | C53: -57.958872 | D53: 0.077151783 | E53: 0.037127915 | F53: 16
A54: 0001EE0518 | B54: -34.917726 | C54: -57.961633 | D54: 0.048630156 | E54: 0.049050317
A55: 0001EE0524 | B55: -34.930772 | C55: -57.986787 | D55: 0.18906626 | E55: 0.16341141 | F55: 23.529412
A56: 0001EE0526 | B56: -34.923172 | C56: -57.940152 | D56: 0.20765352 | E56: 0.17901233 | F56: 10.416667
A57: 0001EE0527 | B57: -34.923361 | C57: -57.920333 | D57: 0.077023514 | E57: 0.15912183 | F57: 13.684211
A58: 0001EE0528 | B58: -34.939286 | C58: -57.966703 | D58: 0.031081999 | E58: 0.063239697 | F58: 42.857143
A59: 0001EE0529 | B59: -34.953523 | C59: -58.049251 | D59: 0.63018316 | E59: 0.63787164 | F59: 33
A60: 0001EE0531 | B60: -34.931516 | C60: -57.930067 | D60: 0.11542718 | E60: 0.11403315 | F60: 18.181818
A61: 0001EE0532 | B61: -34.949727 | C61: -57.930911 | D61: 0.56450373 | E61: 0.53287317 | F61: 34.782609
A62: 0001EE0533 | B62: -34.940804 | C62: -57.989908 | D62: 0.43035525 | E62: 0.43473143 | F62: 26.153846
A63: 0001EE0534 | B63: -34.892291 | C63: -57.949838 | D63: 0.40114614 | E63: 0.41970083 | F63: 25
A64: 0001EE0535 | B64: -34.959536 | C64: -57.972355 | D64: 0.24563694 | E64: 0.29873483 | F64: 31.746032
A65: 0001EE0536 | B65: -34.854153 | C65: -58.070634 | D65: 0.31553918 | E65: 0.36964738 | F65: 22.222222
A66: 0001EE0538 | B66: -34.912292 | C66: -57.99375 | D66: 0.6018517 | E66: 0.52342825 | F66: 7.3170732
... A68: 0001EL0003 | B68: -34.952495 | C68: -58.054703 | D68: 0.61787945 | E68: 0.62081539 | F68: 22.95082
A69: 0001FC0002 | B69: -34.914354 | C69: -57.98627 | D69: 0.49772549 | E69: 0.41403588
A70: 0001IS0008 | B70: -34.919934 | C70: -57.955448 | D70: 0.010914281 | E70: 0.041145138
A71: 0001IS0009 | B71: -34.908187 | C71: -57.947537 | D71: 0.13760553 | E71: 0.13750143
A72: 0001IS0012 | B72: -34.933972 | C72: -57.924282 | D72: 0.35001025 | E72: 0.32585426
A73: 0001IS0017 | B73: -34.931359 | C73: -57.938021 | D73: 0.13952422 | E73: 0.14034021
A74: 0001IS0094 | B74: -34.879748 | C74: -58.060214 | D74: 0.13452512 | E74: 0.10997262
A75: 0001IS0095 | B75: -34.922363 | C75: -57.957027 | D75: 0.065211907 | E75: 0.05514778
A76: 0001IS0096 | B76: -34.916572 | C76: -57.941764 | D76: 0.11039067 | E76: 0.099921968
A77: 0001IS0097 | B77: -34.920127 | C77: -57.945321 | D77: 0.11330484 | E77: 0.12611197
A78: 0001JI0901 | B78: -34.922828 | C78: -57.938448 | D78: 0.20854522 | E78: 0.19393868 | F78: 43.877551
A79: 0001JI0902 | B79: -34.930576 | C79: -57.924381 | D79: 0.28102303 | E79: 0.2491993 | F79: 55.555556
A80: 0001JI0903 | B80: -34.931753 | C80: -57.966757 | D80: 0.16709544 | E80: 0.16442748 | F80: 21.256039
A81: 0001JI0904 | B81: -35.01002 | C81: -58.001604 | D81: 0.72479212 | E81: 0.72479212 | F81: 85.875706
A82: 0001JI0905 | B82: -34.92293 | C82: -57.985699 | D82: 0.18258491 | E82: 0.18325887 | F82: 58.653846
A83: 0001JI0906 | B83: -34.892194 | C83: -57.96337 | D83: 0.28241694 | E83: 0.27808512 | F83: 45.535714
A84: 0001JI0907 | B84: -34.881312 | C84: -58.033165 | D84: 0.18183762 | E84: 0.18097579 | F84: 41.610738
A85: 0001JI0908 | B85: -34.937226 | C85: -57.952993 | D85: 0.14532167 | E85: 0.093453904 | F85: 54
A86: 0001JI0909 | B86: -34.954476 | C86: -57.972505 | D86: 0.3325316 | E86: 0.29722773 | F86: 54.964539
A87: 0001JI0910 | B87: -34.898506 | C87: -57.989028 | D87: 0.37834346 | E87: 0.36827318 | F87: 43.010753
A88: 0001JI0911 | B88: -34.86914 | C88: -58.049097 | D88: 0.065257996 | E88: 0.063917766 | F88: 43.975904
A89: 0001JI0912 | B89: -34.949477 | C89: -57.940761 | D89: 0.31360346 | E89: 0.31666482 | F89: 71.875
... A153: 0001MS0005 | B153: -34.892856 | C153: -57.962912 | D153: 0.28241694 | E153: 0.27544877 | F153: 39.171975
A154: 0001DM0458 | B154: -34.90001 | C154: -57.956781 | D154: 0.15477335 | E154: 0.14412626
A155: 0001MS0007 | B155: -34.88535 | C155: -58.132888 | D155: 0.45281774 | E155: 0.46421184 | F155: 54.425612
A156: 0001MS0008 | B156: -34.915826 | C156: -57.953888 | D156: 0.14382088 | E156: 0.075899935 | F156: 31.855956
A157: 0001MS0009 | B157: -34.99959 | C157: -58.04754 | D157: 0.48205063 | E157: 0.50560553 | F157: 39.792899
A158: 0001DM0468 | B158: -34.920745 | C158: -57.945721 | D158: 0.11330484 | E158: 0.12627655
A159: 0001MS0011 | B159: -34.911834 | C159: -57.993092 | D159: 0.49700248 | E159: 0.50493945 | F159: 38.429752
A160: 0001MS0012 | B160: -34.878274 | C160: -58.022134 | D160: 0.26609826 | E160: 0.26331153 | F160: 27.986348
A161: 0001MS0013 | B161: -34.92822 | C161: -57.96635 | D161: 0.16045164 | E161: 0.16181554 | F161: 35.393939
A162: 0001MS0014 | B162: -34.900763 | C162: -57.962707 | D162: 0.15620598 | E162: 0.16433502 | F162: 30.206379
A163: 0001MS0015 | B163: -34.874742 | C163: -58.057613 | D163: 0.11795836 | E163: 0.1547678 | F163: 31.578947
A164: 0001MS0016 | B164: -34.969665 | C164: -57.983057 | D164: 0.44898182 | E164: 0.45939502 | F164: 40.517241
A165: 0001MS0017 | B165: -34.920991 | C165: -57.923538 | D165: 0.069368005 | E165: 0.14831164 | F165: 36.538462
A166: 0001DM0471 | B166: -34.936771 | C166: -57.926719 | D166: 0.35270283 | E166: 0.32139179
A167: 0001DM0472 | B167: -34.968872 | C167: -57.973275 | D167: 0.53461331 | E167: 0.57321899
A168: 0001DM0462 | B168: -34.923255 | C168: -57.922011 | D168: 0.31170261 | E168: 0.21412284
A169: 0001DM0463 | B169: -34.909376 | C169: -57.949594 | D169: 0.13061787 | E169: 0.12561181
A170: 0001MS0022 | B170: -34.919832 | C170: -58.01541 | D170: 0.52944964 | E170: 0.54287286 | F170: 41.358025
A171: 0001DM0470 | B171: -34.999051 | C171: -58.042617 | D171: 0.5693723 | E171: 0.58489648
A172: 0001DM0464 | B172: -34.928166 | C172: -57.966466 | D172: 0.16045164 | E172: 0.1613245
A173: 0001DM0469 | B173: -34.912105 | C173: -57.942237 | D173: 0.11017531 | E173: 0.11938538
A174: 0001MS0026 | B174: -34.919961 | C174: -57.935765 | D174: 0.21870856 | E174: 0.1884184 | F174: 26.715328
A175: 0001MS0027 | B175: -34.912278 | C175: -57.975258 | D175: 0.11082257 | E175: 0.10180807 | F175: 33.948339
A176: 0001MS0028 | B176: -34.853301 | C176: -58.074616 | D176: 0.32654256 | E176: 0.3272276 | F176: 23.853211
A177: 0113MS0003 | B177: -34.905902 | C177: -57.926154 | D177: 0.43700501 | E177: 0.48515389 | F177: 34.87395
A178: 0001MS0031 | B178: -34.908363 | C178: -57.948372 | D178: 0.13760553 | E178: 0.13506401 | F178: 34.413408
A179: 0001MS0032 | B179: -34.922297 | C179: -57.956903 | D179: 0.065211907 | E179: 0.054451292 | F179: 12.139219
A180: 0001MS0033 | B180: -34.916296 | C180: -57.941768 | D180: 0.11039067 | E180: 0.099866145 | F180: 27.94702
A181: 0001MS0034 | B181: -34.920291 | C181: -57.945108 | D181: 0.11330484 | E181: 0.12458222 | F181: 29.5053
A182: 0001MM0035 | B182: -34.879592 | C182: -58.059869 | D182: 0.069978304 | E182: 0.10322855 | F182: 4.9079755
A183: 0001MS0037 | B183: -34.904933 | C183: -58.046284 | D183: 0.48068932 | E183: 0.30029712 | F183: 44.561404
A184: 0001DS0001 | B184: -34.948154 | C184: -57.95036 | D184: 0.20008408 | E184: 0.17714942
A185: 0001MT0001 | B185: -34.901145 | C185: -57.967754 | D185: 0.21216068 | E185: 0.21913956 | F185: 34.489051
A186: 0001MT0002 | B186: -34.849872 | C186: -58.087839 | D186: 0.26706854 | E186: 0.25712033 | F186: 25.299145
A187: 0001MT0003 | B187: -34.953822 | C187: -57.971781 | D187: 0.32263717 | E187: 0.30844389 | F187: 37.22467
A188: 0001MT0004 | B188: -34.950768 | C188: -58.053694 | D188: 0.62686431 | E188: 0.64873359 | F188: 49.273021
A189: 0001MT0005 | B189: -34.934549 | C189: -57.924839 | D189: 0.35604137 | E189: 0.33299962 | F189: 39.255014
A190: 0001MT0006 | B190: -34.912989 | C190: -57.937763 | D190: 0.12384593 | E190: 0.13202589 | F190: 29.021448
A191: 0001MT0007 | B191: -34.910657 | C191: -57.959079 | D191: 0.19689213 | E191: 0.15119527 | F191: 28
A192: 0001MT0008 | B192: -34.896245 | C192: -57.976125 | D192: 0.16917671 | E192: 0.16994222 | F192: 25.42886
A193: 0001MT0009 | B193: -34.906768 | C193: -57.947241 | D193: 0.14440075 | E193: 0.1256955 | F193: 25.28
A194: 0001IC0200 | B194: -34.920024 | C194: -57.946122 | D194: 0.13365419 | E194: 0.12838499
A195: 0001PP0001 | B195: -34.919917 | C195: -57.945701 | D195: 0.13365419 | E195: 0.12797675 | F195: 38.862559
A196: 0001PP0002 | B196: -34.915487 | C196: -57.953973 | D196: 0.14382088 | E196: 0.078030657 | F196: 42.990654
A197: 0001PP0003 | B197: -35.010386 | C197: -58.05173 | D197: 0.73701102 | E197: 0.72805868 | F197: 64.615385
...

Sheet IVSET-Fines
A1: Región | B1: Distrito | C1: Clave | D1: Código de Sede | E1: Nombre Sede | F1: Nombre-Distrito | G1: Tipo Organización | H1: Dirección Sede | I1: Dirección sede Georreferenciada | J1: lat_final | K1: long_final | L1: IVSET
A2: 1 | B2: La Plata | C2: 0001DM0452 | D2: 1739 ( 1-452/1739 ) | E2: Felipe Vallese (ex Olimpia, Unidad Basica) | F2: =CONCATENATE(E2,B2) -> Felipe Vallese (ex Olimpia, Unidad Basica)La Plata | G2: Social | H2: Calle 71 2919 e/ 153 y 154 La Plata Los Hornos | I2: Calle 71 2919 e/ 153 y 154 La Plata Los Hornos, Provincia de Buenos Aires, Argentina | J2: -34.973677 | K2: -57.976805 | L2: 0.513351
A3: 1 | B3: La Plata | C3: 0001DM0452 | D3: 717 ( 1-452/717 ) | E3: La Patriada (centro Comunal Integrador La Patriada | F3: =CONCATENATE(E3,B3) -> La Patriada (centro Comunal Integrador La PatriadaLa Plata | G3: Otros | H3: Calle 27 e/ 89 y 90 La Plata Altos De San Lorenzo | I3: Calle 27 e/ 89 y 90 La Plata Altos De San Lorenzo, Provincia de Buenos Aires, Argentina | J3: -34.943266 | K3: -57.910604 | L3: 0.273197
A4: 1 | B4: La Plata | C4: 0001DM0452 | D4: 3103 ( 1-452/3103 ) | E4: Oga Guazu | F4: =CONCATENATE(E4,B4) -> Oga GuazuLa Plata | G4: Asociacion Civil | H4: Calle 609 e/ 118 La Plata Villa Elvira | I4: Calle 609 e/ 118 La Plata Villa Elvira, Provincia de Buenos Aires, Argentina | J4: -34.944367 | K4: -57.880542 | L4: 0.800593
A5: 1 | B5: La Plata | C5: 0001DM0452 | D5: 3770 ( 1-452/3770 ) | E5: Néstor Y Cristina | F5: =CONCATENATE(E5,B5) -> Néstor Y CristinaLa Plata | H5: Calle 82 S)N e/ 1 y 115 La Plata Villa Elvira | I5: Calle 82 S)N e/ 1 y 115 La Plata Villa Elvira, Provincia de Buenos Aires, Argentina | J5: -34.946408 | K5: -57.925671 | L5: 0.635275
A6: 1 | B6: La Plata | C6: 0001DM0452 | D6: 1323 ( 1-452/1323 ) | E6: Comedor Futuro La Capitana | F6: =CONCATENATE(E6,B6) -> Comedor Futuro La CapitanaLa Plata | G6: Social | H6: Calle 80 e/ Entre 16 y 17 La Plata La Plata | I6: Calle 80 e/ Entre 16 y 17 La Plata La Plata, Provincia de Buenos Aires, Argentina | J6: -34.945546 | K6: -57.928822 | L6: 0.497603
A7: 1 | B7: La Plata | C7: 0001DM0452 | D7: 793 ( 1-452/793 ) | E7: EducaciÓn Nacional Y Popular | F7: =CONCATENATE(E7,B7) -> EducaciÓn Nacional Y PopularLa Plata | G7: Otros | H7: Calle 601 e/ 7 y 8 La Plata Aeropuerto | I7: Calle 601 e/ 7 y 8 La Plata Aeropuerto, Provincia de Buenos Aires, Argentina | J7: -34.951532 | K7: -57.901375 | L7: 0.695643
A8: 1 | B8: La Plata | C8: 0001DM0452 | D8: 984 ( 1-452/984 ) | E8: Por Un Futuro Mejor | F8: =CONCATENATE(E8,B8) -> Por Un Futuro MejorLa Plata | G8: Asociacion Civil | H8: Calle 20 e/ Esq. 84 La Plata Altos De San Lorenzo | I8: Calle 20 e/ Esq. 84 La Plata Altos De San Lorenzo, Provincia de Buenos Aires, Argentina | J8: -34.953986 | K8: -57.926865 | L8: 0.60812
A9: 1 | B9: La Plata | C9: 0001DM0452 | D9: 1105 ( 1-452/1105 ) | E9: Hospital San Martin/la Campora | F9: =CONCATENATE(E9,B9) -> Hospital San Martin/la CamporaLa Plata | G9: Otros | H9: Calle 1 e/ 70 y 71 La Plata Villa Elvira | I9: Calle 1 e/ 70 y 71 La Plata Villa Elvira, Provincia de Buenos Aires, Argentina | J9: -34.92378 | K9: -57.924186 | L9: 0.310424
A10: 1 | B10: La Plata | C10: 0001DM0452 | D10: 718 ( 1-452/718 ) | E10: Kuña Joaju | F10: =CONCATENATE(E10,B10) -> Kuña JoajuLa Plata | G10: Otros | H10: Calle 7 e/ 601 La Plata Villa Elvira | I10: Calle 7 e/ 601 La Plata Villa Elvira, Provincia de Buenos Aires, Argentina | J10: -34.951532 | K10: -57.901375 | L10: 0.695643
A11: 1 | B11: La Plata | C11: 0001DM0452 | D11: 1279 ( 1-452/1279 ) | E11: Amet La Plata (sindicato Amet) | F11: =CONCATENATE(E11,B11) -> Amet La Plata (sindicato Amet)La Plata | G11: EducativaGremial/Sindical | H11: Calle 56 1048 e/ Esquina 16 La Plata La Plata | I11: Calle 56 1048 e/ Esquina 16 La Plata La Plata, Provincia de Buenos Aires, Argentina | J11: -34.92626 | K11: -57.95472 | L11: 0.16347
A12: 1 | B12: La Plata | C12: 0001DM0452 | D12: 1218 ( 1-452/1218 ) | E12: Cosmiko Shirley La Bombon | F12: =CONCATENATE(E12,B12) -> Cosmiko Shirley La BombonLa Plata | G12: Social | H12: Cale 10 e/ Calle Esquina 71 La Plata La Plata | I12: Cale 10 e/ Calle Esquina 71 La Plata La Plata, Provincia de Buenos Aires, Argentina | J12: -34.933025 | K12: -57.93225 | L12: 0.134272
A13: 1 | B13: La Plata | C13: 0001DM0452 | D13: 622 ( 1-452/622 ) | E13: Casa Nuestramerica | F13: =CONCATENATE(E13,B13) -> Casa NuestramericaLa Plata | G13: Otros | H13: Diagonal 75 378 e/ 4 y 58 La Plata Centro | I13: Diagonal 75 378 e/ 4 y 58 La Plata Centro, Provincia de Buenos Aires, Argentina | J13: -34.93186 | K13: -57.951313 | L13: 0.044786
A14: 1 | B14: La Plata | C14: 0001DM0453 | D14: 1240 ( 1-453/1240 ) | E14: Bachillerato Popular Letra Libre Hornos | F14: =CONCATENATE(E14,B14) -> Bachillerato Popular Letra Libre HornosLa Plata | G14: Otros | H14: Calle 66 3313 La Plata Los Hornos | I14: Calle 66 3313 La Plata Los Hornos, Provincia de Buenos Aires, Argentina | J14: -35.0143 | K14: -58.031779 | L14: 0.713492
A15: 1 | B15: La Plata | C15: 0001DM0453 | D15: 1773 ( 1-453/1773 ) | E15: Gimnasia Y Esgrima La Plata | F15: =CONCATENATE(E15,B15) -> Gimnasia Y Esgrima La PlataLa Plata | G15: Social | H15: Calle 58 e/ Esquina 123 La Plata La Plata | I15: Calle 58 e/ Esquina 123 La Plata La Plata, Provincia de Buenos Aires, Argentina | J15: -35.022966 | K15: -58.057882 | L15: 0.713492
A16: 1 | B16: La Plata | C16: 0001DM0453 | D16: 1082 ( 1-453/1082 ) | E16: Facultad De Periodismo | F16: =CONCATENATE(E16,B16) -> Facultad De PeriodismoLa Plata | G16: EducativaGremial/Sindical | H16: Diag. 113 N° 291 La Plata La Plata | I16: Diag. 113 N° 291 La Plata La Plata, Provincia de Buenos Aires, Argentina | J16: -34.913001 | K16: -57.927895 | L16: 0.175325
A17: 1 | B17: La Plata | C17: 0001DM0453 | D17: 1239 ( 1-453/1239 ) | E17: Centro Cultural Jei | F17: =CONCATENATE(E17,B17) -> Centro Cultural JeiLa Plata | G17: Social | H17: Calle 140 e/ Esquina 525 La Plata San Carlos | I17: Calle 140 e/ Esquina 525 La Plata San Carlos, Provincia de Buenos Aires, Argentina | J17: -34.92601 | K17: -58.011341 | L17: 0.813556
... A21: 1 | B21: La Plata | C21: 0001DM0453 | D21: 3862 ( 1-453/3862 ) | E21: Ctat (fines Movimiento Mayo) | F21: =CONCATENATE(E21,B21) -> Ctat (fines Movimiento Mayo)La Plata | G21: Gremial/Sindical | H21: Calle 51 e/ 10 y 11 La Plata Centro | I21: Calle 51 e/ 10 y 11 La Plata Centro, Provincia de Buenos Aires, Argentina | J21: -34.918113 | K21: -57.952185 | L21: 0.107468
A22: 1 | B22: La Plata | C22: 0001DM0453 | D22: 1273 ( 1-453/1273 ) | E22: Hospital Reencuentro | F22: =CONCATENATE(E22,B22) -> Hospital ReencuentroLa Plata | G22: Gubernamental | H22: Calle 64 e/ 5 y 6 La Plata Centro | I22: Calle 64 e/ 5 y 6 La Plata Centro, Provincia de Buenos Aires, Argentina | J22: -34.922166481237625 | K22: -57.93499282541837 | L22: 0.205068
A23: 1 | B23: La Plata | C23: 0001DM0453 | D23: 3861 ( 1-453/3861 ) | E23: Club Los Abuelos | F23: =CONCATENATE(E23,B23) -> Club Los AbuelosLa Plata | G23: Otros | H23: Calle 20 e/ 20 y 21 La Plata La Plata | I23: Calle 20 e/ 20 y 21 La Plata La Plata, Provincia de Buenos Aires, Argentina | J23: -34.967202 | K23: -57.908896 | L23: 0.685072
A24: 1 | B24: La Plata | C24: 0001DM0453 | D24: 1241 ( 1-453/1241 ) | E24: Bachillerato Popular Letra Libre Futuro | F24: =CONCATENATE(E24,B24) -> Bachillerato Popular Letra Libre FuturoLa Plata | G24: Otros | H24: Calle 32 e/ 156 y 157 La Plata Melchor Romero | I24: Calle 32 e/ 156 y 157 La Plata Melchor Romero, Provincia de Buenos Aires, Argentina | J24: -34.946841 | K24: -58.019738 | L24: 0.775656
A25: 1 | B25: La Plata | C25: 0001DM0453 | D25: 3285 ( 1-453/3285 ) | E25: El Subsuelo | F25: =CONCATENATE(E25,B25) -> El SubsueloLa Plata | G25: Otros | H25: Calle 1 441 La Plata Centro | I25: Calle 1 441 La Plata Centro, Provincia de Buenos Aires, Argentina | J25: -34.902385442964786 | K25: -57.952976082694946 | L25: 0.079649
A26: 1 | B26: La Plata | C26: 0001DM0453 | D26: 1234 ( 1-453/1234 ) | E26: Comunidad Ferroviaria | F26: =CONCATENATE(E26,B26) -> Comunidad FerroviariaLa Plata | G26: Social | H26: Calle 3 e/ Esquina 526 La Plata Tolosa | I26: Calle 3 e/ Esquina 526 La Plata Tolosa, Provincia de Buenos Aires, Argentina | J26: -34.896384 | K26: -57.965824 | L26: 0.256084
A27: 1 | B27: La Plata | C27: 0001DM0457 | D27: 17 ( 1-457/17 ) | E27: Construyendo Nuevos Horizontes (mup) | F27: =CONCATENATE(E27,B27) -> Construyendo Nuevos Horizontes (mup)La Plata | G27: Social | H27: Calle 63 e/ 153 y 154 La Plata Los Hornos | I27: Calle 63 e/ 153 y 154 La Plata Los Hornos, Provincia de Buenos Aires, Argentina | J27: -34.915026 | K27: -57.929222 | L27: 0.135024
A28: 1 | B28: La Plata | C28: 0001DM0457 | D28: 15 ( 1-457/15 ) | E28: Infernales | F28: =CONCATENATE(E28,B28) -> InfernalesLa Plata | G28: EducativaGremial/Sindical | H28: Calle 157 1611 e/ 65 y 66 La Plata Los Hornos | I28: Calle 157 1611 e/ 65 y 66 La Plata Los Hornos, Provincia de Buenos Aires, Argentina | J28: -34.972336 | K28: -57.987769 | L28: 0.404633
A29: 1 | B29: La Plata | C29: 0001DM0457 | D29: 18 ( 1-457/18 ) | E29: Creciendo Juntos (mup) | F29: =CONCATENATE(E29,B29) -> Creciendo Juntos (mup)La Plata | G29: Social | H29: Calle 147 e/ 61 y 62 La Plata Los Hornos | I29: Calle 147 e/ 61 y 62 La Plata Los Hornos, Provincia de Buenos Aires, Argentina | J29: -34.939453 | K29: -58.009124 | L29: 0.641204
A30: 1 | B30: La Plata | C30: 0001DM0457 | D30: 10 ( 1-457/10 ) | E30: Hogar De Dia San Cayetano | F30: =CONCATENATE(E30,B30) -> Hogar De Dia San CayetanoLa Plata | G30: Religiosa | H30: Calle 37 e/ 135 y 136 La Plata San Carlos | I30: Calle 37 e/ 135 y 136 La Plata San Carlos, Provincia de Buenos Aires, Argentina | J30: -34.930553 | K30: -57.996121 | L30: 0.517265
A31: 1 | B31: La Plata | C31: 0001DM0457 | D31: 1216 ( 1-457/1216 ) | E31: Los Libros No Muerden | F31: =CONCATENATE(E31,B31) -> Los Libros No MuerdenLa Plata | G31: Otros | H31: Calle 60 e/ Calle 144 Club San Martin La Plata Los Hornos | I31: Calle 60 e/ Calle 144 Club San Martin La Plata Los Hornos, Provincia de Buenos Aires, Argentina | J31: -34.956426 | K31: -57.980732 | L31: 0.405463
A32: 1 | B32: La Plata | C32: 0001DM0457 | D32: 1291 ( 1-457/1291 ) | E32: Los Libros No Muerden | F32: =CONCATENATE(E32,B32) -> Los Libros No MuerdenLa Plata | G32: Social | H32: Calle 60 e/ 144 La Plata Los Hornos | I32: Calle 60 e/ 144 La Plata Los Hornos, Provincia de Buenos Aires, Argentina | J32: -34.956426 | K32: -57.980732 | L32: 0.405463
A33: 1 | B33: La Plata | C33: 0001DM0462 | D33: 3146 ( 1-462/3146 ) | E33: Corazones Unidos De Tolosa | F33: =CONCATENATE(E33,B33) -> Corazones Unidos De TolosaLa Plata | G33: Social | H33: Calle 4 e/ Y Calle 521 La Plata Tolosa | I33: Calle 4 e/ Y Calle 521 La Plata Tolosa, Provincia de Buenos Aires, Argentina | J33: -34.8882279012719 | K33: -57.97839579844126 | L33: 0.286463
A34: 1 | B34: La Plata | C34: 0001DM0457 | D34: 3871 ( 1-457/3871 ) | E34: Polideportivo Los Hornos | F34: =CONCATENATE(E34,B34) -> Polideportivo Los HornosLa Plata | G34: Deportiva | H34: Calle 66 2851 e/ 152 y 153 La Plata Los Hornos | I34: Calle 66 2851 e/ 152 y 153 La Plata Los Hornos, Provincia de Buenos Aires, Argentina | J34: -34.987825 | K34: -58.002714 | L34: 0.489598
A35: 1 | B35: La Plata | C35: 0001DM0457 | D35: 3991 ( 1-457/3991 ) | E35: PantalÓn Cortito | F35: =CONCATENATE(E35,B35) -> PantalÓn CortitoLa Plata | G35: Asociacion Civil | H35: Calle 139 425 La Plata Los Hornos | I35: Calle 139 425 La Plata Los Hornos, Provincia de Buenos Aires, Argentina | J35: -34.901522 | K35: -58.06177 | L35: 0.43346
A36: 1 | B36: La Plata | C36: 0001DM0457 | D36: 3715 ( 1-457/3715 ) | E36: Ex Planeadores | F36: =CONCATENATE(E36,B36) -> Ex PlaneadoresLa Plata | G36: Social | H36: 147bis e/ 77 y 78 La Plata Los Hornos | I36: 147bis e/ 77 y 78 La Plata Los Hornos, Provincia de Buenos Aires, Argentina | J36: -35.028202 | K36: -57.942611 | L36: 0.697339
A37: 1 | B37: La Plata | C37: 0001DM0460 | D37: 1707 ( 1-460/1707 ) | E37: Club Corazones Del Retiro | F37: =CONCATENATE(E37,B37) -> Club Corazones Del RetiroLa Plata | G37: Otros | H37: Calle 160 e/ 48 y 49 La Plata Olmos | I37: Calle 160 e/ 48 y 49 La Plata Olmos, Provincia de Buenos Aires, Argentina | J37: -35.007142 | K37: -58.052979 | L37: 0.895143
A38: 1 | B38: La Plata | C38: 0001DM0460 | D38: 1710 ( 1-460/1710 ) | E38: Centro De Formación Profesional N 411 | F38: =CONCATENATE(E38,B38) -> Centro De Formación Profesional N 411La Plata | G38: Otros | H38: Calle 518 e/ 170 y 171 La Plata Melchor Romero | I38: Calle 518 e/ 170 y 171 La Plata Melchor Romero, Provincia de Buenos Aires, Argentina | J38: -34.949171 | K38: -58.051613 | L38: 0.607981
A39: 1 | B39: La Plata | C39: 0001DM0460 | D39: 1714 ( 1-460/1714 ) | E39: Cib Las Rosas | F39: =CONCATENATE(E39,B39) -> Cib Las RosasLa Plata | G39: Otros | H39: Calle 516 e/ 158 y 159 La Plata Melchor Romero | I39: Calle 516 e/ 158 y 159 La Plata Melchor Romero, Provincia de Buenos Aires, Argentina | J39: -34.935472 | K39: -58.041854 | L39: 0.855044
A40: 1 | B40: La Plata | C40: 0001DM0460 | D40: 1716 ( 1-460/1716 ) | E40: La Abanderada | F40: =CONCATENATE(E40,B40) -> La AbanderadaLa Plata | G40: Otros | H40: Calle 54 e/ 193 y 194 La Plata Olmos | I40: Calle 54 e/ 193 y 194 La Plata Olmos, Provincia de Buenos Aires, Argentina | J40: -34.997609 | K40: -58.036108 | L40: 0.577688
A41: 1 | B41: La Plata | C41: 0001DM0460 | D41: 3179 ( 1-460/3179 ) | E41: Asociacion Civil Los Mimosos Del Centinela | F41: =CONCATENATE(E41,B41) -> Asociacion Civil Los Mimosos Del CentinelaLa Plata | G41: Asociacion Civil | H41: Calle 47 e/ 171 y 172 La Plata Olmos | I41: Calle 47 e/ 171 y 172 La Plata Olmos, Provincia de Buenos Aires, Argentina | J41: -34.973568 | K41: -58.018069 | L41: 0.627637
A42: 1 | B42: La Plata | C42: 0001DM0460 | D42: 3716 ( 1-460/3716 ) | E42: La Usina (la Cámpora) | F42: =CONCATENATE(E42,B42) -> La Usina (la Cámpora)La Plata | H42: Calle 138 e/ 32 y 33 La Plata San Carlos | I42: Calle 138 e/ 32 y 33 La Plata San Carlos, Provincia de Buenos Aires, Argentina | J42: -34.901402 | K42: -58.056489 | L42: 0.492823
A43: 1 | B43: La Plata | C43: 0001DM0460 | D43: 3718 ( 1-460/3718 ) | E43: Facundo Cabral | F43: =CONCATENATE(E43,B43) -> Facundo CabralLa Plata | H43: Calle 42 3279 e/ 160 Bis y 161 La Plata Olmos | I43: Calle 42 3279 e/ 160 Bis y 161 La Plata Olmos, Provincia de Buenos Aires, Argentina | J43: -34.958991 | K43: -58.01246 | L43: 0.66369
A44: 1 | B44: La Plata | C44: 0001DM0460 | D44: 621 ( 1-460/621 ) | E44: Escuela Popular Tinku | F44: =CONCATENATE(E44,B44) -> Escuela Popular TinkuLa Plata | G44: Otros | H44: Ruta 36 Km 54 e/ 526 y 529 La Plata Abasto | I44: Ruta 36 Km 54 e/ 526 y 529 La Plata Abasto, Provincia de Buenos Aires, Argentina | J44: -34.974485 | K44: -58.06257 | L44: 0.694767
A45: 1 | B45: La Plata | C45: 0001DM0460 | D45: 623 ( 1-460/623 ) | E45: Uda Etcheverry | F45: =CONCATENATE(E45,B45) -> Uda EtcheverryLa Plata | G45: EducativaGremial/Sindical | H45: Calle 229 e/ 52 La Plata Angel Etcheverry | I45: Calle 229 e/ 52 La Plata Angel Etcheverry, Provincia de Buenos Aires, Argentina | J45: -35.027657 | K45: -58.070666 | L45: 0.625898
A46: 1 | B46: La Plata | C46: 0001DM0460 | D46: 1088 ( 1-460/1088 ) | E46: Bachillerato Popular Letra Libre - Arroyito Olmos | F46: =CONCATENATE(E46,B46) -> Bachillerato Popular Letra Libre - Arroyito OlmosLa Plata | G46: Social | H46: Calle 206 Y 47 La Plata Olmos | I46: Calle 206 Y 47 La Plata Olmos, Provincia de Buenos Aires, Argentina | J46: -35.006333 | K46: -58.054057 | L46: 0.895143
A47: 1 | B47: La Plata | C47: 0001DM0460 | D47: 1085 ( 1-460/1085 ) | E47: Colectivo La Casa | F47: =CONCATENATE(E47,B47) -> Colectivo La CasaLa Plata | G47: Social | H47: Calle 155 3025 e/ 156 La Plata Olmos | I47: Calle 155 3025 e/ 156 La Plata Olmos, Provincia de Buenos Aires, Argentina | J47: -34.948482 | K47: -58.015123 | L47: 0.823743
A48: 1 | B48: La Plata | C48: 0001DM0460 | D48: 1086 ( 1-460/1086 ) | E48: Utt Olmos | F48: =CONCATENATE(E48,B48) -> Utt OlmosLa Plata | G48: Social | H48: Calle 197 Y 39 La Plata Olmos | I48: Calle 197 Y 39 La Plata Olmos, Provincia de Buenos Aires, Argentina | J48: -34.99106 | K48: -58.053897 | L48: 0.522155
A49: 1 | B49: La Plata | C49: 0001DM0460 | D49: 3555 ( 1-460/3555 ) | E49: Cic El Retiro | F49: =CONCATENATE(E49,B49) -> Cic El RetiroLa Plata | G49: Municipal | H49: Calle 46 e/ 157 y 158 La Plata Olmos | I49: Calle 46 e/ 157 y 158 La Plata Olmos, Provincia de Buenos Aires, Argentina | J49: -34.905582 | K49: -57.945841 | L49: 0.061997
A50: 1 | B50: La Plata | C50: 0001DM0460 | D50: 3964 ( 1-460/3964 ) | E50: Ub Malvinas | F50: =CONCATENATE(E50,B50) -> Ub MalvinasLa Plata | G50: Social | H50: Calle 35 e/ 152 y 153 La Plata La Plata | I50: Calle 35 e/ 152 y 153 La Plata La Plata, Provincia de Buenos Aires, Argentina | J50: -34.945534 | K50: -58.012305 | L50: 0.840529
A51: 1 | B51: La Plata | C51: 0001DM0460 | D51: 3947 ( 1-460/3947 ) | E51: Adelina Alaye | F51: =CONCATENATE(E51,B51) -> Adelina AlayeLa Plata | G51: Social | H51: Calle 42 e/ 144 La Plata San Carlos | I51: Calle 42 e/ 144 La Plata San Carlos, Provincia de Buenos Aires, Argentina | J51: -34.944093 | K51: -57.996036 | L51: 0.415379
A52: 1 | B52: La Plata | C52: 0001DM0461 | D52: 1820 ( 1-461/1820 ) | E52: Biblioteca Popular Ernesto Guevara | F52: =CONCATENATE(E52,B52) -> Biblioteca Popular Ernesto GuevaraLa Plata | G52: Social | H52: Calle 481 e/ 7 y 8 La Plata City Bell | I52: Calle 481 e/ 7 y 8 La Plata City Bell, Provincia de Buenos Aires, Argentina | J52: -34.86517695311941 | K52: -58.028830763508985 | L52: 0.445241
A53: 1 | B53: La Plata | C53: 0001DM0461 | D53: 1789 ( 1-461/1789 ) | E53: La Patria Es El Otro | F53: =CONCATENATE(E53,B53) -> La Patria Es El OtroLa Plata | G53: Otros | H53: Calle 9 1524 e/ 516 y 517 La Plata Ringuelet | I53: Calle 9 1524 e/ 516 y 517 La Plata Ringuelet, Provincia de Buenos Aires, Argentina | J53: -34.925663 | K53: -57.93972 | L53: 0.210807
A54: 1 | B54: La Plata | C54: 0001DM0461 | D54: 1787 ( 1-461/1787 ) | E54: Unidad BÁsica City Bell | F54: =CONCATENATE(E54,B54) -> Unidad BÁsica City BellLa Plata | G54: Otros | H54: Calle 476 e/ 29 y 30 La Plata City Bell | I54: Calle 476 e/ 29 y 30 La Plata City Bell, Provincia de Buenos Aires, Argentina | J54: -34.895098 | K54: -58.030865 | L54: 0.262532
A55: 1 | B55: La Plata | C55: 0001DM0461 | D55: 626 ( 1-461/626 ) | E55: Casa Arcoiris/chicxs Del Pueblo | F55: =CONCATENATE(E55,B55) -> Casa Arcoiris/chicxs Del PuebloLa Plata | G55: Social | H55: Calle 423bis e/ 12 y 13 La Plata Villa Elisa | I55: Calle 423 y 13, Villa Elisa, Provincia de Buenos Aires, Argentina | J55: -34.93064 | K55: -57.94022 | L55: 0.136934
A56: 1 | B56: La Plata | C56: 0001DM0461 | D56: 628 ( 1-461/628 ) | E56: Cuidadores De La Casa Comun Arturo Segui/chicxs De | F56: =CONCATENATE(E56,B56) -> Cuidadores De La Casa Comun Arturo Segui/chicxs DeLa Plata | G56: Social | H56: Calle 409 e/ 147 La Plata Arturo Segui | I56: Calle 409 e/ 147 La Plata Arturo Segui, Provincia de Buenos Aires, Argentina | J56: -34.88482 | K56: -58.132014 | L56: 0.452818
A57: 1 | B57: La Plata | C57: 0001DM0461 | D57: 627 ( 1-461/627 ) | E57: Asociacion Civiles Voluntarios De Villa Elisa | F57: =CONCATENATE(E57,B57) -> Asociacion Civiles Voluntarios De Villa ElisaLa Plata | G57: Asociacion Civil | H57: Arana 236 La Plata Villa Elisa | I57: Arana 236 La Plata Villa Elisa, Provincia de Buenos Aires, Argentina | J57: -34.85092 | K57: -58.07606 | L57: 0.373529
A58: 1 | B58: La Plata | C58: 0001DM0461 | D58: 3519 ( 1-461/3519 ) | E58: Savoia | F58: =CONCATENATE(E58,B58) -> SavoiaLa Plata | G58: Social | H58: Calle 7 e/ 474 y 475 La Plata City Bell | I58: Calle 7 e/ 474 y 475 La Plata City Bell, Provincia de Buenos Aires, Argentina | J58: -34.86126861770216 | K58: -58.0358237569349 | L58: 0.374359
A59: 1 | B59: La Plata | C59: 0001DM0461 | D59: 1788 ( 1-461/1788 ) | E59: Me VerÁs Volver | F59: =CONCATENATE(E59,B59) -> Me VerÁs VolverLa Plata | G59: Otros | H59: Calle 419 e/ 17 y - La Plata Villa Elisa | I59: Calle 419 e/ 17 y - La Plata Villa Elisa, Provincia de Buenos Aires, Argentina | J59: -34.850252 | K59: -58.075925 | L59: 0.373529
A60: 1 | B60: La Plata | C60: 0001DM0461 | D60: 3987 ( 1-461/3987 ) | E60: Comedor Pan De Vida | F60: =CONCATENATE(E60,B60) -> Comedor Pan De VidaLa Plata | G60: Educativa | H60: Calle 490 e/ 11 La Plata Villa Castells | I60: Calle 490 e/ 11 La Plata Villa Castells, Provincia de Buenos Aires, Argentina | J60: -34.854166 | K60: -58.073421 | L60: 0.315539
A61: 1 | B61: La Plata | C61: 0001DM0462 | D61: 722 ( 1-462/722 ) | E61: Cfc Todos Somos Parte | F61: =CONCATENATE(E61,B61) -> Cfc Todos Somos ParteLa Plata | G61: Otros | H61: 461c e/ 14c Y 15 La Plata City Bell | I61: 461c e/ 14c Y 15 La Plata City Bell, Provincia de Buenos Aires, Argentina | J61: -34.8674344785043 | K61: -58.05789493440482 | L61: 0.497336
A62: 1 | B62: La Plata | C62: 0001DM0462 | D62: 728 ( 1-462/728 ) | E62: Unidos Por Un Sueño | F62: =CONCATENATE(E62,B62) -> Unidos Por Un SueñoLa Plata | G62: Otros | H62: Calle 134 e/ 637 Y 638 La Plata Arana | I62: Calle 134 e/ 637 Y 638 La Plata Arana, Provincia de Buenos Aires, Argentina | J62: -34.988188 | K62: -57.883206 | L62: 0.581244
A63: 1 | B63: La Plata | C63: 0001DM0462 | D63: 732 ( 1-462/732 ) | E63: Resistencia Cultural Barrio Los Robles (rodol Demi | F63: =CONCATENATE(E63,B63) -> Resistencia Cultural Barrio Los Robles (rodol DemiLa Plata | G63: Otros | H63: Calle 609 e/ 16 La Plata Villa Elvira | I63: Calle 609 e/ 16 La Plata Villa Elvira, Provincia de Buenos Aires, Argentina | J63: -34.964392 | K63: -57.902241 | L63: 0.8002
A64: 1 | B64: La Plata | C64: 0001DM0462 | D64: 724 ( 1-462/724 ) | E64: Fundación Pro Comunidad - La Casita De Los Pibes | F64: =CONCATENATE(E64,B64) -> Fundación Pro Comunidad - La Casita De Los PibesLa Plata | G64: Otros | H64: Calle 122 e/ 609 La Plata Villa Elvira | I64: Calle 122 e/ 609 La Plata Villa Elvira, Provincia de Buenos Aires, Argentina | J64: -34.943009 | K64: -57.87893 | L64: 0.747517
A65: 1 | B65: La Plata | C65: 0001DM0462 | D65: 719 ( 1-462/719 ) | E65: Fundación Edén | F65: =CONCATENATE(E65,B65) -> Fundación EdénLa Plata | G65: Otros | H65: Calle 411 e/ 153 La Plata Arturo Segui | I65: Calle 411 e/ 153 La Plata Arturo Segui, Provincia de Buenos Aires, Argentina | J65: -34.88968240505742 | K65: -58.13510095426402 | L65: 0.521545
A66: 1 | B66: La Plata | C66: 0001DM0462 | D66: 723 ( 1-462/723 ) | E66: Nueva Vida | F66: =CONCATENATE(E66,B66) -> Nueva VidaLa Plata | G66: Otros | H66: Calle 64 e/ 143 Y 144 La Plata Los Hornos | I66: Calle 64 e/ 143 Y 144 La Plata Los Hornos, Provincia de Buenos Aires, Argentina | J66: -34.992198 | K66: -57.932123 | L66: 0.716375
A67: 1 | B67: La Plata | C67: 0001DM0462 | D67: 725 ( 1-462/725 ) | E67: Cfp 428 (centro De Formación Profesional 428) | F67: =CONCATENATE(E67,B67) -> Cfp 428 (centro De Formación Profesional 428)La Plata | G67: EducativaGremial/Sindical | H67: Calle 117 168 e/ 35 y 36 La Plata La Plata | I67: Calle 117 168 e/ 35 y 36 La Plata La Plata, Provincia de Buenos Aires, Argentina | J67: -34.894637 | K67: -57.956306 | L67: 0.256129
A68: 1 | B68: La Plata | C68: 0001DM0462 | D68: 716 ( 1-462/716 ) | E68: Coworking Life | F68: =CONCATENATE(E68,B68) -> Coworking LifeLa Plata | G68: Otros | H68: 461c 580 e/ 14c Y 15 La Plata City Bell | I68: 461c 580 e/ 14c Y 15 La Plata City Bell, Provincia de Buenos Aires, Argentina | J68: -34.868243351561695 | K68: -58.058037327282776 | L68: 0.502596
A69: 1 | B69: La Plata | C69: 0001DM0462 | D69: 726 ( 1-462/726 ) | E69: Comedor Sor María Ludovica | F69: =CONCATENATE(E69,B69) -> Comedor Sor María LudovicaLa Plata | G69: Social | H69: Calle 525 e/ 16 La Plata Tolosa | I69: Calle 525 e/ 16 La Plata Tolosa, Provincia de Buenos Aires, Argentina | J69: -34.90287359158815 | K69: -57.98616310444335 | L69: 0.464058
A70: 1 | B70: La Plata | C70: 0001DM0462 | D70: 3547 ( 1-462/3547 ) | E70: Centro Integrador Zonal Ringuelet | F70: =CONCATENATE(E70,B70) -> Centro Integrador Zonal RingueletLa Plata | G70: Municipal | H70: Calle 115 e/ 515 y 516 La Plata Ringuelet | I70: Calle 115 e/ 515 y 516 La Plata Ringuelet, Provincia de Buenos Aires, Argentina | J70: -34.886926 | K70: -57.98803 | L70: 0.566675
A71: 1 | B71: La Plata | C71: 0001DM0462 | D71: 715 ( 1-462/715 ) | E71: Sitio De La Memoria Arana | F71: =CONCATENATE(E71,B71) -> Sitio De La Memoria AranaLa Plata | G71: Otros | H71: Calle 637 e/ 131 La Plata Arana | I71: Calle 637 e/ 131 La Plata Arana, Provincia de Buenos Aires, Argentina | J71: -34.950817 | K71: -57.843869 | L71: 0.60103
A72: 1 | B72: La Plata | C72: 0001DM0462 | D72: 1630 ( 1-462/1630 ) | E72: La Casita | F72: =CONCATENATE(E72,B72) -> La CasitaLa Plata | G72: EducativaGremial/Sindical | H72: Calle 151 e/ 52 La Plata Los Hornos | I72: Calle 151 e/ 52 La Plata Los Hornos, Provincia de Buenos Aires, Argentina | J72: -34.957206 | K72: -57.994166 | L72: 0.653148
A73: 1 | B73: La Plata | C73: 0001DM0462 | D73: 3982 ( 1-462/3982 ) | E73: La Hermosura | F73: =CONCATENATE(E73,B73) -> La HermosuraLa Plata | G73: Asociacion Civil | H73: Calle 641 Esquina Diagonal 131 La Plata La Hermosura | I73: Calle 641 Esquina Diagonal 131 La Plata La Hermosura, Provincia de Buenos Aires, Argentina | J73: -34.954792 | K73: -57.839515 | L73: 0.60103
A74: 1 | B74: La Plata | C74: 0001DM0462 | D74: 721 ( 1-462/721 ) | E74: Fundación Crear | F74: =CONCATENATE(E74,B74) -> Fundación CrearLa Plata | G74: Otros | H74: Calle 57 953 e/ 14 Y 15 La Plata La Plata | I74: Calle 57 953 e/ 14 Y 15 La Plata La Plata, Provincia de Buenos Aires, Argentina | J74: -34.925109 | K74: -57.951934 | L74: 0.027383
A75: 1 | B75: La Plata | C75: 0001DM0466 | D75: 998 ( 1-466/998 ) | E75: AsociaciÓn Vecinal La Boyera | F75: =CONCATENATE(E75,B75) -> AsociaciÓn Vecinal La BoyeraLa Plata | G75: Social | H75: Calle 484 e/ 132 Bis La Plata Gorina | I75: Calle 484 e/ 132 Bis La Plata Gorina, Provincia de Buenos Aires, Argentina | J75: -34.897294 | K75: -58.043213 | L75: 0.438218
A76: 1 | B76: La Plata | C76: 0001DM0466 | D76: 3460 ( 1-466/3460 ) | E76: Centro Educativo Comunitario Marista Hermano Migue | F76: =CONCATENATE(E76,B76) -> Centro Educativo Comunitario Marista Hermano MigueLa Plata | G76: Asociacion Civil | H76: Calle 22 1529 e/ 517 y 517 Bis La Plata Hernández | I76: Calle 22 1529 e/ 517 y 517 Bis La Plata Hernández, Provincia de Buenos Aires, Argentina | J76: -34.890836 | K76: -57.989459 | L76: 0.417743
A77: 1 | B77: La Plata | C77: 0001DM0466 | D77: 3346 ( 1-466/3346 ) | E77: Comedor Los Pirulines | F77: =CONCATENATE(E77,B77) -> Comedor Los PirulinesLa Plata | G77: Social | H77: Calle 29 e/ 512 y 513 La Plata Gorina | I77: Calle 29 e/ 512 y 513 La Plata Gorina, Provincia de Buenos Aires, Argentina | J77: -34.904293 | K77: -58.014142 | L77: 0.414506
A78: 1 | B78: La Plata | C78: 0001DM0466 | D78: 1005 ( 1-466/1005 ) | E78: Base | F78: =CONCATENATE(E78,B78) -> BaseLa Plata | G78: Social | H78: Calle 36 e/ 151 La Plata Melchor Romero | I78: Calle 36 e/ 151 La Plata Melchor Romero, Provincia de Buenos Aires, Argentina | J78: -34.945538 | K78: -58.010078 | L78: 0.844518
A79: 1 | B79: La Plata | C79: 0001DM0466 | D79: 997 ( 1-466/997 ) | E79: Escuela Secundaria N°45 | F79: =CONCATENATE(E79,B79) -> Escuela Secundaria N°45La Plata | G79: Social | H79: Calle 23 Bis e/ 85 y 86 La Plata Altos De San Lorenzo | I79: Calle 23 Bis e/ 85 y 86 La Plata Altos De San Lorenzo, Provincia de Buenos Aires, Argentina | J79: -34.9561163532195 | K79: -57.931802831745 | L79: 0.774165
A80: 1 | B80: La Plata | C80: 0001DM0466 | D80: 1007 ( 1-466/1007 ) | E80: El Galpon | F80: =CONCATENATE(E80,B80) -> El GalponLa Plata | G80: Social | H80: Calle 198 e/ 52 y 53 La Plata Olmos | I80: Calle 198 e/ 52 y 53 La Plata Olmos, Provincia de Buenos Aires, Argentina | J80: -35.001294 | K80: -58.042625 | L80: 0.671712
A81: 1 | B81: La Plata | C81: 0001DM0466 | D81: 1009 ( 1-466/1009 ) | E81: Escuela Media N°22 | F81: =CONCATENATE(E81,B81) -> Escuela Media N°22La Plata | G81: Social | H81: Calle 519 e/ 138 y 139 La Plata San Carlos | I81: Calle 519 e/ 138 y 139 La Plata San Carlos, Provincia de Buenos Aires, Argentina | J81: -34.9198324386215 | K81: -58.0154101798715 | L81: 0.52945
A82: 1 | B82: La Plata | C82: 0001DM0466 | D82: 3556 ( 1-466/3556 ) | E82: Mary Sanchez | F82: =CONCATENATE(E82,B82) -> Mary SanchezLa Plata | G82: Asociacion Civil | H82: Calle 135 e/ 427 La Plata El Rincón | I82: Calle 135 e/ 427 La Plata El Rincón, Provincia de Buenos Aires, Argentina | J82: -34.884775 | K82: -58.100983 | L82: 0.36095
A83: 1 | B83: La Plata | C83: 0001DM0466 | D83: 3557 ( 1-466/3557 ) | E83: Paulo Freire | F83: =CONCATENATE(E83,B83) -> Paulo FreireLa Plata | G83: Social | H83: Calle 131 e/ 510 y 511 La Plata Hernández | I83: Calle 131 e/ 510 y 511 La Plata Hernández, Provincia de Buenos Aires, Argentina | J83: -34.94161 | K83: -57.968775 | L83: 0.09288
A84: 1 | B84: La Plata | C84: 0001DM0466 | D84: 3502 ( 1-466/3502 ) | E84: Base Malvinas | F84: =CONCATENATE(E84,B84) -> Base MalvinasLa Plata | G84: Social | H84: Calle 49 e/ 152 y 153 La Plata San Carlos | I84: Calle 49 e/ 152 y 153 La Plata San Carlos, Provincia de Buenos Aires, Argentina | J84: -34.956499 | K84: -57.997427 | L84: 0.534002
A85: 1 | B85: La Plata | C85: 0001DM0466 | D85: 3933 ( 1-466/3933 ) | E85: Freire | F85: =CONCATENATE(E85,B85) -> FreireLa Plata | G85: Social | H85: Calle 524 e/ 29 y 30 La Plata Hernández | I85: Calle 524 e/ 29 y 30 La Plata Hernández, Provincia de Buenos Aires, Argentina | J85: -34.948929 | K85: -57.954789 | L85: 0.090722
A86: 1 | B86: La Plata | C86: 0001DM0466 | D86: 1001 ( 1-466/1001 ) | E86: El Angel | F86: =CONCATENATE(E86,B86) -> El AngelLa Plata | G86: Religiosa | H86: Calle 62 e/ 160 y 161 La Plata Los Hornos | I86: Calle 62 e/ 160 y 161 La Plata Los Hornos, Provincia de Buenos Aires, Argentina | J86: -34.972553 | K86: -57.994135 | L86: 0.674971
A87: 1 | B87: La Plata | C87: 0001DM0466 | D87: 3503 ( 1-466/3503 ) | E87: Centro Los Hornos | F87: =CONCATENATE(E87,B87) -> Centro Los HornosLa Plata | G87: Asociacion Civil | H87: Calle 67 e/ 137 y 138 La Plata Los Hornos | I87: Calle 67 e/ 137 y 138 La Plata Los Hornos, Provincia de Buenos Aires, Argentina | J87: -34.918039 | K87: -57.924162 | L87: 0.083457
A88: 1 | B88: La Plata | C88: 0001DM0466 | D88: 3856 ( 1-466/3856 ) | E88: Club Provincia | F88: =CONCATENATE(E88,B88) -> Club ProvinciaLa Plata | G88: Social | H88: Calle 15 e/ 75 y 76 La Plata Villa Elvira | I88: Calle 15 e/ 75 y 76 La Plata Villa Elvira, Provincia de Buenos Aires, Argentina | J88: -34.931135 | K88: -57.946272 | L88: 0.058825
A89: 1 | B89: La Plata | C89: 0001DM0466 | D89: 1031 ( 1-466/1031 ) | E89: Escuela Media N°22 | F89: =CONCATENATE(E89,B89) -> Escuela Media N°22La Plata | G89: Social | H89: Calle 519 e/ 138 y 139 La Plata San Carlos | I89: Calle 519 e/ 138 y 139 La Plata San Carlos, Provincia de Buenos Aires, Argentina | J89: -34.9198324386215 | K89: -58.0154101798715 | L89: 0.52945
A90: 1 | B90: La Plata | C90: 0001DM0466 | D90: 999 ( 1-466/999 ) | E90: Escuela Secundaria N° 78 | F90: =CONCATENATE(E90,B90) -> Escuela Secundaria N° 78La Plata | G90: Social | H90: Calle 517 e/ 173 y 174 La Plata Melchor Romero | I90: Calle 517 e/ 173 y 174 La Plata Melchor Romero, Provincia de Buenos Aires, Argentina | J90: -34.9507274986723 | K90: -58.0547105192701 | L90: 0.625566
A91: 1 | B91: La Plata | C91: 0001DM0466 | D91: 3858 ( 1-466/3858 ) | E91: Centro Sicardi | F91: =CONCATENATE(E91,B91) -> Centro SicardiLa Plata | G91: Religiosa | H91: Calle 659 e/ 14 Bis y 15 La Plata Parque Sicardi | I91: Calle 659 e/ 14 Bis y 15 La Plata Parque Sicardi, Provincia de Buenos Aires, Argentina | J91: -34.995765 | K91: -57.858549 | L91: 0.525145
A92: 1 | B92: La Plata | C92: 0001DM0467 | D92: 772 ( 1-467/772 ) | E92: La Militante | F92: =CONCATENATE(E92,B92) -> La MilitanteLa Plata | G92: Social | H92: Calle 156 e/ 524 La Plata Melchor Romero | I92: Calle 156 e/ 524 La Plata Melchor Romero, Provincia de Buenos Aires, Argentina | J92: -34.940055 | K92: -58.028864 | L92: 0.723747
A93: 1 | B93: La Plata | C93: 0001DM0467 | D93: 775 ( 1-467/775 ) | E93: Club Deportivo Y Biblioteca Popular Romerense | F93: =CONCATENATE(E93,B93) -> Club Deportivo Y Biblioteca Popular RomerenseLa Plata | G93: Social | H93: Calle 517 e/ 170 y 171 La Plata Melchor Romero | I93: Calle 517 e/ 170 y 171 La Plata Melchor Romero, Provincia de Buenos Aires, Argentina | J93: -34.948457 | K93: -58.052567 | L93: 0.618904
A94: 1 | B94: La Plata | C94: 0001DM0467 | D94: 3768 ( 1-467/3768 ) | E94: NiÑo Jesus (c.c.c) | F94: =CONCATENATE(E94,B94) -> NiÑo Jesus (c.c.c)La Plata | G94: Otros | H94: Calle 178 e/ Esq 528 La Plata Melchor Romero | I94: Calle 178 e/ Esq 528 La Plata Melchor Romero, Provincia de Buenos Aires, Argentina | J94: -34.950599 | K94: -58.065006 | L94: 0.74365
A95: 1 | B95: La Plata | C95: 0001DM0467 | D95: 797 ( 1-467/797 ) | E95: La Libertad Futura Movimiento Unidad Popular (mup) | F95: =CONCATENATE(E95,B95) -> La Libertad Futura Movimiento Unidad Popular (mup)La Plata | G95: Social | H95: Calle 164 e/ 530 y 531 La Plata Melchor Romero | I95: Calle 164 e/ 530 y 531 La Plata Melchor Romero, Provincia de Buenos Aires, Argentina | J95: -34.95261 | K95: -58.030254 | L95: 0.893301
A96: 1 | B96: La Plata | C96: 0001DM0467 | D96: 800 ( 1-467/800 ) | E96: Unidad Basica Juan Domingo PerÓn | F96: =CONCATENATE(E96,B96) -> Unidad Basica Juan Domingo PerÓnLa Plata | G96: Social | H96: Calle 430 e/ 226 La Plata El Peligro | I96: Calle 430 e/ 226 La Plata El Peligro, Provincia de Buenos Aires, Argentina | J96: -34.949588 | K96: -58.168354 | L96: 0.717591
A97: 1 | B97: La Plata | C97: 0001DM0467 | D97: 1250 ( 1-467/1250 ) | E97: Comedor Corazones Contentos Del Km 52 | F97: =CONCATENATE(E97,B97) -> Comedor Corazones Contentos Del Km 52La Plata | G97: Social | H97: Calle 236 e/ 498 y 500 La Plata Abasto | I97: Calle 236 e/ 498 y 500 La Plata Abasto, Provincia de Buenos Aires, Argentina | J97: -34.996722 | K97: -58.126078 | L97: 0.737134
A98: 1 | B98: La Plata | C98: 0001DM0467 | D98: 778 ( 1-467/778 ) | E98: Centro Cultural Comunitario Zona Oeste | F98: =CONCATENATE(E98,B98) -> Centro Cultural Comunitario Zona OesteLa Plata | G98: Social | H98: Calle 156 e/ 531 y 32 La Plata Melchor Romero | I98: Calle 156 e/ 531 y 32 La Plata Melchor Romero, Provincia de Buenos Aires, Argentina | J98: -34.945937 | K98: -58.020945 | L98: 0.787918
A99: 1 | B99: La Plata | C99: 0001DM0467 | D99: 798 ( 1-467/798 ) | E99: Comunidad Qom (mivimiento Evita) | F99: =CONCATENATE(E99,B99) -> Comunidad Qom (mivimiento Evita)La Plata | G99: Social | H99: Calle 151 e/ 35 Bis y 36 La Plata Melchor Romero | I99: Calle 151 e/ 35 Bis y 36 La Plata Melchor Romero, Provincia de Buenos Aires, Argentina | J99: -34.945116 | K99: -58.01066 | L99: 0.844518
A100: 1 | B100: La Plata | C100: 0001DM0467 | D100: 1564 ( 1-467/1564 ) | E100: SD | F100: =CONCATENATE(E100,B100) -> SDLa Plata | H100: SD | L100: #N/A
A101: 1 | B101: La Plata | C101: 0001DM0467 | D101: 3992 ( 1-467/3992 ) | E101: Patria Grande | F101: =CONCATENATE(E101,B101) -> Patria GrandeLa Plata | G101: Social | H101: Calle 460 La Plata El Peligro | I101: Calle 460 La Plata El Peligro, Provincia de Buenos Aires, Argentina | J101: -34.948768 | K101: -58.122381 | L101: 0.704372
A102: 12 | B102: Baradero | C102: 0010DM0452 | D102: 1674 ( 10-452/1674 ) | E102: Escuela De Educación Secundaria 9 | F102: =CONCATENATE(E102,B102) -> Escuela De Educación Secundaria 9Baradero | G102: Educativa | H102: H Arias De Saavedra 442 e/ Gregorio Fraga y Guardias Nacionales Baradero Portela | I102: H Arias De Saavedra 442 e/ Gregorio Fraga y Guardias Nacionales Baradero Portela, Provincia de Buenos Aires, Argentina | J102: -33.9827975950552 | K102: -59.6712519721403 | L102: 0.36257
A103: 12 | B103: Baradero | C103: 0010DM0452 | D103: 1675 ( 10-452/1675 ) | E103: Escuela De Educación Secundaria 8 | F103: =CONCATENATE(E103,B103) -> Escuela De Educación Secundaria 8Baradero | G103: Educativa | H103: Mármol 2508 e/ Bolaños y Sánchez De Bustamante Baradero Baradero | I103: Mármol 2508 e/ Bolaños y Sánchez De Bustamante Baradero Baradero, Provincia de Buenos Aires, Argentina | J103: -33.8177845849899 | K103: -59.5156846590867 | L103: 0.226753
...

Sheet Estratos
K1: Oferta | L1: Muestra (estud.) por estrato geográfico | N1: Universo | Q1: Muestra (Aprox.)
B2: unidades | C2: secciones | D2: matrícula | E2: error_% | F2: deff | G2: secciones (5 ExS) | H2: unidades | I2: tamaño muestra (z=90%, p=50%, deff=2) | N2: Unidades de Servicio | O2: Secciones | P2: Estudiantes | Q2: Unidades de Servicio | R2: Secciones | S2: Estudiantes
A3: EPA_AMBA | B3: =+COUNTIF(Nómina!X:X,A3) -> 225 | C3: =+SUMIF(Nómina!X:X,A3,Nómina!S:S) -> 2238 | D3: =+SUMIF(Nómina!X:X,A3,Nómina!R:R) -> 31241 | E3: 3 | F3: 2 | G3: =+MIN(C3,I3/5) -> 293.61434 | H3: =MIN(B3,G3/C3*B3) -> 29.518868 | I3: =+(D3*POWER(1.645,2)*(0.5*0.5))/(POWER(E3/100,2)*(D3-1)+POWER(1.645,2)*(0.5*0.5))*F3 -> 1468.0717 | K3: EPA | L3: x Zona (2) | M3: 1500 | N3: =+COUNTIF(Nómina!V:V,Estratos!K3) -> 334 | O3: =+SUMIF(Nómina!V:V,Estratos!K3,Nómina!S:S) -> 2921 | P3: =+SUMIF(Nómina!V:V,Estratos!K3,Nómina!R:R) -> 40995 | Q3: =+H3+H4 -> 74.073748 | R3: =+G3+G4 -> 572.79767 | S3: =+I3+I4 -> 2863.9883
A4: EPA_INTERIOR | B4: =+COUNTIF(Nómina!X:X,A4) -> 109 | C4: =+SUMIF(Nómina!X:X,A4,Nómina!S:S) -> 683 | D4: =+SUMIF(Nómina!X:X,A4,Nómina!R:R) -> 9754 | E4: 3 | F4: 2 | G4: =+MIN(C4,I4/5) -> 279.18333 | H4: =MIN(B4,G4/C4*B4) -> 44.55488 | I4: =+(D4*POWER(1.645,2)*(0.5*0.5))/(POWER(E4/100,2)*(D4-1)+POWER(1.645,2)*(0.5*0.5))*F4 -> 1395.9167 | K4: CEBAS | L4: Único | M4: 500 | N4: =+COUNTIF(Nómina!V:V,Estratos!K4) -> 20 | O4: =+SUMIF(Nómina!V:V,Estratos!K4,Nómina!S:S) -> 90 | P4: =+SUMIF(Nómina!V:V,Estratos!K4,Nómina!R:R) -> 1590 | Q4: =+H5 -> 20 | R4: =+G5 -> 90 | S4: =+I5 -> 765.90839
A5: CEBAS_UNICO | B5: =+COUNTIF(Nómina!X:X,A5) -> 20 | C5: =+SUMIF(Nómina!X:X,A5,Nómina!S:S) -> 90 | D5: =+SUMIF(Nómina!X:X,A5,Nómina!R:R) -> 1590 | E5: 3 | F5: 1.5 | G5: =+MIN(C5,I5/5) -> 90 | H5: =MIN(B5,G5/C5*B5) -> 20 | I5: =+(D5*POWER(1.645,2)*(0.5*0.5))/(POWER(E5/100,2)*(D5-1)+POWER(1.645,2)*(0.5*0.5))*F5 -> 765.90839 | K5: CENS | L5: x Zona (2) | M5: 1500 | N5: =+COUNTIF(Nómina!V:V,Estratos!K5) -> 534 | O5: =+SUMIF(Nómina!V:V,Estratos!K5,Nómina!S:S) -> 4404 | P5: =+SUMIF(Nómina!V:V,Estratos!K5,Nómina!R:R) -> 80793 | Q5: =+H6+H7 -> 75.005257 | R5: =+G6+G7 -> 587.91427 | S5: =+I6+I7 -> 2939.5714
A6: CENS_AMBA | B6: =+COUNTIF(Nómina!X:X,A6) -> 354 | C6: =+SUMIF(Nómina!X:X,A6,Nómina!S:S) -> 3144 | D6: =+SUMIF(Nómina!X:X,A6,Nómina!R:R) -> 57989 | E6: 3 | F6: 2 | G6: =+MIN(C6,I6/5) -> 296.82699 | H6: =MIN(B6,G6/C6*B6) -> 33.421359 | I6: =+(D6*POWER(1.645,2)*(0.5*0.5))/(POWER(E6/100,2)*(D6-1)+POWER(1.645,2)*(0.5*0.5))*F6 -> 1484.1349 | K6: FINES | L6: x Región (17)- Grupo (2) | M6: 370-530 | N6: =+COUNTIF(Nómina!V:V,Estratos!K6) -> 2190 | O6: =+SUMIF(Nómina!V:V,Estratos!K6,Nómina!S:S) -> 3728 | P6: =+SUMIF(Nómina!V:V,Estratos!K6,Nómina!R:R) -> 75049 | Q6: =+SUM(H8:H26) -> 911.41662 | R6: =+SUM(G8:G26) -> 1454.6634 | S6: =+SUM(I8:I26) -> 7321.0965
A7: CENS_INTERIOR | B7: =+COUNTIF(Nómina!X:X,A7) -> 180 | C7: =+SUMIF(Nómina!X:X,A7,Nómina!S:S) -> 1260 | D7: =+SUMIF(Nómina!X:X,A7,Nómina!R:R) -> 22804 | E7: 3 | F7: 2 | G7: =+MIN(C7,I7/5) -> 291.08729 | H7: =MIN(B7,G7/C7*B7) -> 41.583898 | I7: =+(D7*POWER(1.645,2)*(0.5*0.5))/(POWER(E7/100,2)*(D7-1)+POWER(1.645,2)*(0.5*0.5))*F7 -> 1455.4364 | K7: Total | L7: - | M7: - | N7: =+SUM(N3:N6) -> 3078 | O7: =+SUM(O3:O6) -> 11143 | P7: =+SUM(P3:P6) -> 198427 | Q7: =+SUM(Q3:Q6) -> 1080.4956 | R7: =+SUM(R3:R6) -> 2705.3754 | S7: =+SUM(S3:S6) -> 13890.565
A8: FINES_R01 | B8: =+COUNTIF(Nómina!X:X,A8) -> 172 | C8: =+SUMIF(Nómina!X:X,A8,Nómina!S:S) -> 250 | D8: =+SUMIF(Nómina!X:X,A8,Nómina!R:R) -> 4188 | E8: 5 | F8: 1.5 | G8: =+MIN(C8,I8/5) -> 76.270816 | H8: =MIN(B8,G8/C8*B8) -> 52.474322 | I8: =+(D8*POWER(1.645,2)*(0.5*0.5))/(POWER(E8/100,2)*(D8-1)+POWER(1.645,2)*(0.5*0.5))*F8 -> 381.35408
A9: FINES_R02 | B9: =+COUNTIF(Nómina!X:X,A9) -> 191 | C9: =+SUMIF(Nómina!X:X,A9,Nómina!S:S) -> 308 | D9: =+SUMIF(Nómina!X:X,A9,Nómina!R:R) -> 5612 | E9: 5 | F9: 1.5 | G9: =+MIN(C9,I9/5) -> 77.459565 | H9: =MIN(B9,G9/C9*B9) -> 48.03499 | I9: =+(D9*POWER(1.645,2)*(0.5*0.5))/(POWER(E9/100,2)*(D9-1)+POWER(1.645,2)*(0.5*0.5))*F9 -> 387.29782
A10: FINES_R03 | B10: =+COUNTIF(Nómina!X:X,A10) -> 234 | C10: =+SUMIF(Nómina!X:X,A10,Nómina!S:S) -> 482 | D10: =+SUMIF(Nómina!X:X,A10,Nómina!R:R) -> 10911 | E10: 5 | F10: 1.5 | G10: =+MIN(C10,I10/5) -> 79.223205 | H10: =MIN(B10,G10/C10*B10) -> 38.461058 | I10: =+(D10*POWER(1.645,2)*(0.5*0.5))/(POWER(E10/100,2)*(D10-1)+POWER(1.645,2)*(0.5*0.5))*F10 -> 396.11602
A11: FINES_R04 | B11: =+COUNTIF(Nómina!X:X,A11) -> 181 | C11: =+SUMIF(Nómina!X:X,A11,Nómina!S:S) -> 317 | D11: =+SUMIF(Nómina!X:X,A11,Nómina!R:R) -> 6828 | E11: 5 | F11: 1.5 | G11: =+MIN(C11,I11/5) -> 78.097098 | H11: =MIN(B11,G11/C11*B11) -> 44.591719 | I11: =+(D11*POWER(1.645,2)*(0.5*0.5))/(POWER(E11/100,2)*(D11-1)+POWER(1.645,2)*(0.5*0.5))*F11 -> 390.48549
A12: FINES_R05 | B12: =+COUNTIF(Nómina!X:X,A12) -> 215 | C12: =+SUMIF(Nómina!X:X,A12,Nómina!S:S) -> 471 | D12: =+SUMIF(Nómina!X:X,A12,Nómina!R:R) -> 10881 | E12: 5 | F12: 1.5 | G12: =+MIN(C12,I12/5) -> 79.217938 | H12: =MIN(B12,G12/C12*B12) -> 36.161055 | I12: =+(D12*POWER(1.645,2)*(0.5*0.5))/(POWER(E12/100,2)*(D12-1)+POWER(1.645,2)*(0.5*0.5))*F12 -> 396.08969
A13: FINES_R06 | B13: =+COUNTIF(Nómina!X:X,A13) -> 57 | C13: =+SUMIF(Nómina!X:X,A13,Nómina!S:S) -> 80 | D13: =+SUMIF(Nómina!X:X,A13,Nómina!R:R) -> 1212 | E13: 5 | F13: 1.5 | G13: =+MIN(C13,I13/5) -> 66.408547 | H13: =MIN(B13,G13/C13*B13) -> 47.31609 | I13: =+(D13*POWER(1.645,2)*(0.5*0.5))/(POWER(E13/100,2)*(D13-1)+POWER(1.645,2)*(0.5*0.5))*F13 -> 332.04273
A14: FINES_R07 | B14: =+COUNTIF(Nómina!X:X,A14) -> 87 | C14: =+SUMIF(Nómina!X:X,A14,Nómina!S:S) -> 119 | D14: =+SUMIF(Nómina!X:X,A14,Nómina!R:R) -> 1867 | E14: 5 | F14: 1.5 | G14: =+MIN(C14,I14/5) -> 70.937135 | H14: =MIN(B14,G14/C14*B14) -> 51.861603 | I14: =+(D14*POWER(1.645,2)*(0.5*0.5))/(POWER(E14/100,2)*(D14-1)+POWER(1.645,2)*(0.5*0.5))*F14 -> 354.68568
A15: FINES_R08 | B15: =+COUNTIF(Nómina!X:X,A15) -> 102 | C15: =+SUMIF(Nómina!X:X,A15,Nómina!S:S) -> 221 | D15: =+SUMIF(Nómina!X:X,A15,Nómina!R:R) -> 4512 | E15: 5 | F15: 1.5 | G15: =+MIN(C15,I15/5) -> 76.603512 | H15: =MIN(B15,G15/C15*B15) -> 35.355467 | I15: =+(D15*POWER(1.645,2)*(0.5*0.5))/(POWER(E15/100,2)*(D15-1)+POWER(1.645,2)*(0.5*0.5))*F15 -> 383.01756
A16: FINES_R09 | B16: =+COUNTIF(Nómina!X:X,A16) -> 109 | C16: =+SUMIF(Nómina!X:X,A16,Nómina!S:S) -> 188 | D16: =+SUMIF(Nómina!X:X,A16,Nómina!R:R) -> 4902 | E16: 5 | F16: 1.5 | G16: =+MIN(C16,I16/5) -> 76.94869 | H16: =MIN(B16,G16/C16*B16) -> 44.613868 | I16: =+(D16*POWER(1.645,2)*(0.5*0.5))/(POWER(E16/100,2)*(D16-1)+POWER(1.645,2)*(0.5*0.5))*F16 -> 384.74345
A17: FINES_R10 | B17: =+COUNTIF(Nómina!X:X,A17) -> 136 | C17: =+SUMIF(Nómina!X:X,A17,Nómina!S:S) -> 185 | D17: =+SUMIF(Nómina!X:X,A17,Nómina!R:R) -> 3176 | E17: 5 | F17: 1.5 | G17: =+MIN(C17,I17/5) -> 74.828731 | H17: =MIN(B17,G17/C17*B17) -> 55.009229 | I17: =+(D17*POWER(1.645,2)*(0.5*0.5))/(POWER(E17/100,2)*(D17-1)+POWER(1.645,2)*(0.5*0.5))*F17 -> 374.14365
A18: FINES_R11 | B18: =+COUNTIF(Nómina!X:X,A18) -> 104 | C18: =+SUMIF(Nómina!X:X,A18,Nómina!S:S) -> 215 | D18: =+SUMIF(Nómina!X:X,A18,Nómina!R:R) -> 4932 | E18: 5 | F18: 1.5 | G18: =+MIN(C18,I18/5) -> 76.973098 | H18: =MIN(B18,G18/C18*B18) -> 37.233499 | I18: =+(D18*POWER(1.645,2)*(0.5*0.5))/(POWER(E18/100,2)*(D18-1)+POWER(1.645,2)*(0.5*0.5))*F18 -> 384.86549
A19: FINES_R12 | B19: =+COUNTIF(Nómina!X:X,A19) -> 48 | C19: =+SUMIF(Nómina!X:X,A19,Nómina!S:S) -> 68 | D19: =+SUMIF(Nómina!X:X,A19,Nómina!R:R) -> 1374 | E19: 5 | F19: 1.5 | G19: =+MIN(C19,I19/5) -> 67.864554 | H19: =MIN(B19,G19/C19*B19) -> 47.904391 | I19: =+(D19*POWER(1.645,2)*(0.5*0.5))/(POWER(E19/100,2)*(D19-1)+POWER(1.645,2)*(0.5*0.5))*F19 -> 339.32277
... A26: FINES_R15172425 | B26: =+COUNTIF(Nómina!X:X,A26) -> 114 | C26: =+SUMIF(Nómina!X:X,A26,Nómina!S:S) -> 153 | D26: =+SUMIF(Nómina!X:X,A26,Nómina!R:R) -> 2445 | E26: 4 | F26: 1.5 | G26: =+MIN(C26,I26/5) -> 108.18127 | H26: =MIN(B26,G26/C26*B26) -> 80.605651 | I26: =+(D26*POWER(1.645,2)*(0.5*0.5))/(POWER(E26/100,2)*(D26-1)+POWER(1.645,2)*(0.5*0.5))*F26 -> 540.90634

Sheet Fines-Sedes
A1: Región Educativa | B1: Código Distrito DGCyE | C1: Nombre de Distrito - Partido | D1: Sede | E1: COMISIONES | F1: ESTUDIANTES | G1: R | H1: Distrito | K1: distrito | L1: Región Educativa | M1: Código Distrito DGCyE | N1: Nombre de Distrito - Partido
A2: =+VLOOKUP(H2,$K:$N,2,FALSE) -> 01 | B2: =+VLOOKUP(H2,$K:$N,3,FALSE) -> 113 | C2: =+VLOOKUP(H2,$K:$N,4,FALSE) -> Berisso | D2: AGRUPACIÓN MARÍA ROLDÁN | E2: 1 | F2: 18 | G2: 1 | H2: BERISSO | K2: BERISSO | L2: 01 | M2: 113 | N2: Berisso
A3: =+VLOOKUP(H3,$K:$N,2,FALSE) -> 01 | B3: =+VLOOKUP(H3,$K:$N,3,FALSE) -> 113 | C3: =+VLOOKUP(H3,$K:$N,4,FALSE) -> Berisso | D3: C.Cultural y Polideportvo Papa Francisco S/N Berisso | E3: 1 | F3: 17 | G3: 1 | H3: BERISSO | K3: Coronel Brandsen | L3: 01 | M3: 014 | N3: Brandsen
A4: =+VLOOKUP(H4,$K:$N,2,FALSE) -> 01 | B4: =+VLOOKUP(H4,$K:$N,3,FALSE) -> 113 | C4: =+VLOOKUP(H4,$K:$N,4,FALSE) -> Berisso | D4: Casa Nuestra Patria | E4: 3 | F4: 69 | G4: 1 | H4: BERISSO | K4: Ensenada | L4: 01 | M4: 114 | N4: Ensenada
A5: =+VLOOKUP(H5,$K:$N,2,FALSE) -> 01 | B5: =+VLOOKUP(H5,$K:$N,3,FALSE) -> 113 | C5: =+VLOOKUP(H5,$K:$N,4,FALSE) -> Berisso | D5: CENTRO CULTURAL LA 163 | E5: 1 | F5: 22 | G5: 1 | H5: BERISSO | K5: La Plata | L5: 01 | M5: 001 | N5: La Plata
A6: =+VLOOKUP(H6,$K:$N,2,FALSE) -> 01 | B6: =+VLOOKUP(H6,$K:$N,3,FALSE) -> 113 | C6: =+VLOOKUP(H6,$K:$N,4,FALSE) -> Berisso | D6: CIC Barrio Obrero | E6: 1 | F6: 19 | G6: 1 | H6: BERISSO | K6: Magdalena | L6: 01 | M6: 064 | N6: Magdalena
A7: =+VLOOKUP(H7,$K:$N,2,FALSE) -> 01 | B7: =+VLOOKUP(H7,$K:$N,3,FALSE) -> 113 | C7: =+VLOOKUP(H7,$K:$N,4,FALSE) -> Berisso | D7: Club El Carmen | E7: 1 | F7: 13 | G7: 1 | H7: BERISSO | K7: Punta Indio | L7: 01 | M7: 134 | N7: Punta Indio
A8: =+VLOOKUP(H8,$K:$N,2,FALSE) -> 01 | B8: =+VLOOKUP(H8,$K:$N,3,FALSE) -> 113 | C8: =+VLOOKUP(H8,$K:$N,4,FALSE) -> Berisso | D8: Club Villa Nueva | E8: 1 | F8: 18 | G8: 1 | H8: BERISSO | K8: Avellaneda | L8: 02 | M8: 005 | N8: Avellaneda
A9: =+VLOOKUP(H9,$K:$N,2,FALSE) -> 01 | B9: =+VLOOKUP(H9,$K:$N,3,FALSE) -> 113 | C9: =+VLOOKUP(H9,$K:$N,4,FALSE) -> Berisso | D9: Club Villa Paula s/n Berisso | E9: 1 | F9: 27 | G9: 1 | H9: BERISSO | K9: Lanús | L9: 02 | M9: 111 | N9: Lanús
A10: =+VLOOKUP(H10,$K:$N,2,FALSE) -> 01 | B10: =+VLOOKUP(H10,$K:$N,3,FALSE) -> 113 | C10: =+VLOOKUP(H10,$K:$N,4,FALSE) -> Berisso | D10: CLUB VILLA PROGRESO | E10: 1 | F10: 14 | G10: 1 | H10: BERISSO | K10: Lomas de Zamora | L10: 02 | M10: 062 | N10: Lomas de Zamora
A11: =+VLOOKUP(H11,$K:$N,2,FALSE) -> 01 | B11: =+VLOOKUP(H11,$K:$N,3,FALSE) -> 113 | C11: =+VLOOKUP(H11,$K:$N,4,FALSE) -> Berisso | D11: COMEDOR LOS PEQUES S/N Berisso | E11: 1 | F11: 20 | G11: 1 | H11: BERISSO | K11: La Matanza 1 | L11: 03 | M11: 069 | N11: La Matanza
A12: =+VLOOKUP(H12,$K:$N,2,FALSE) -> 01 | B12: =+VLOOKUP(H12,$K:$N,3,FALSE) -> 113 | C12: =+VLOOKUP(H12,$K:$N,4,FALSE) -> Berisso | D12: Comedor Rayito de Luz | E12: 2 | F12: 37 | G12: 1 | H12: BERISSO | K12: La Matanza 2 | L12: 03 | M12: 069 | N12: La Matanza
A13: =+VLOOKUP(H13,$K:$N,2,FALSE) -> 01 | B13: =+VLOOKUP(H13,$K:$N,3,FALSE) -> 113 | C13: =+VLOOKUP(H13,$K:$N,4,FALSE) -> Berisso | D13: Construyendo Futuro | E13: 2 | F13: 26 | G13: 1 | H13: BERISSO | K13: La Matanza 3 | L13: 03 | M13: 069 | N13: La Matanza
... A78: =+VLOOKUP(H78,$K:$N,2,FALSE) -> 01 | B78: =+VLOOKUP(H78,$K:$N,3,FALSE) -> 001 | C78: =+VLOOKUP(H78,$K:$N,4,FALSE) -> La Plata | D78: Centro Sicardi S/N La Plata Parque Sicardi | E78: 1 | F78: 0 | G78: 1 | H78: La Plata | K78: General Villegas | L78: 16 | M78: 049 | N78: General Villegas
A79: =+VLOOKUP(H79,$K:$N,2,FALSE) -> 01 | B79: =+VLOOKUP(H79,$K:$N,3,FALSE) -> 001 | C79: =+VLOOKUP(H79,$K:$N,4,FALSE) -> La Plata | D79: CFL 428 | E79: 1 | F79: 13 | G79: 1 | H79: La Plata | L79: 16 | M79: 080 | N79: Pellegrini
A80: =+VLOOKUP(H80,$K:$N,2,FALSE) -> 01 | B80: =+VLOOKUP(H80,$K:$N,3,FALSE) -> 001 | C80: =+VLOOKUP(H80,$K:$N,4,FALSE) -> La Plata | D80: CFL N°424 S/N LA PLATA CENTRO | E80: 1 | F80: 0 | G80: 1 | H80: La Plata | K80: Rivadavia | L80: 16 | M80: 088 | N80: Rivadavia
A81: =+VLOOKUP(H81,$K:$N,2,FALSE) -> 01 | B81: =+VLOOKUP(H81,$K:$N,3,FALSE) -> 001 | C81: =+VLOOKUP(H81,$K:$N,4,FALSE) -> La Plata | D81: CFP 428 (Centro de Formación Profesional 428) | E81: 2 | F81: 35 | G81: 1 | H81: La Plata | K81: Saliquello | L81: 16 | M81: 120 | N81: Salliqueló
A82: =+VLOOKUP(H82,$K:$N,2,FALSE) -> 01 | B82: =+VLOOKUP(H82,$K:$N,3,FALSE) -> 001 | C82: =+VLOOKUP(H82,$K:$N,4,FALSE) -> La Plata | D82: CIC El Retiro | E82: 1 | F82: 5 | G82: 1 | H82: La Plata | K82: Trenque Lauquen | L82: 16 | M82: 106 | N82: Trenque Lauquen
A83: =+VLOOKUP(H83,$K:$N,2,FALSE) -> 01 | B83: =+VLOOKUP(H83,$K:$N,3,FALSE) -> 001 | C83: =+VLOOKUP(H83,$K:$N,4,FALSE) -> La Plata | D83: Club Corazones del Retiro S/N La Plata Olmos | E83: 1 | F83: 24 | G83: 1 | H83: La Plata | K83: Tres Lomas | L83: 16 | M83: 127 | N83: Tres Lomas
A84: =+VLOOKUP(H84,$K:$N,2,FALSE) -> 01 | B84: =+VLOOKUP(H84,$K:$N,3,FALSE) -> 001 | C84: =+VLOOKUP(H84,$K:$N,4,FALSE) -> La Plata | D84: CLUB DEPORTIVO Y BIBLIOTECA POPULAR ROMERENSE | E84: 1 | F84: 20 | G84: 1 | H84: La Plata | K84: Chascomús | L84: 17 | M84: 027 | N84: Chascomús
A85: =+VLOOKUP(H85,$K:$N,2,FALSE) -> 01 | B85: =+VLOOKUP(H85,$K:$N,3,FALSE) -> 001 | C85: =+VLOOKUP(H85,$K:$N,4,FALSE) -> La Plata | D85: CLUB LAS QUINTAS | E85: 2 | F85: 19 | G85: 1 | H85: La Plata | K85: General Belgrano | L85: 17 | M85: 036 | N85: General Belgrano
A86: =+VLOOKUP(H86,$K:$N,2,FALSE) -> 01 | B86: =+VLOOKUP(H86,$K:$N,3,FALSE) -> 001 | C86: =+VLOOKUP(H86,$K:$N,4,FALSE) -> La Plata | D86: CLUB LOS ABUELOS | E86: 1 | F86: 27 | G86: 1 | H86: La Plata | K86: General Paz | L86: 17 | M86: 041 | N86: General Paz
A87: =+VLOOKUP(H87,$K:$N,2,FALSE) -> 01 | B87: =+VLOOKUP(H87,$K:$N,3,FALSE) -> 001 | C87: =+VLOOKUP(H87,$K:$N,4,FALSE) -> La Plata | D87: Club Provincia | E87: 3 | F87: 65 | G87: 1 | H87: La Plata | K87: Lezama | L87: 17 | M87: 137 | N87: Lezama
A88: =+VLOOKUP(H88,$K:$N,2,FALSE) -> 01 | B88: =+VLOOKUP(H88,$K:$N,3,FALSE) -> 001 | C88: =+VLOOKUP(H88,$K:$N,4,FALSE) -> La Plata | D88: COLECTIVO LA CASA | E88: 1 | F88: 17 | G88: 1 | H88: La Plata | K88: Monte | L88: 17 | M88: 072 | N88: Monte
A89: =+VLOOKUP(H89,$K:$N,2,FALSE) -> 01 | B89: =+VLOOKUP(H89,$K:$N,3,FALSE) -> 001 | C89: =+VLOOKUP(H89,$K:$N,4,FALSE) -> La Plata | D89: COMEDOR CORAZONES CONTENTOS DEL KM 52 | E89: 1 | F89: 8 | G89: 1 | H89: La Plata | K89: Pila | L89: 17 | M89: 082 | N89: Pila
A90: =+VLOOKUP(H90,$K:$N,2,FALSE) -> 01 | B90: =+VLOOKUP(H90,$K:$N,3,FALSE) -> 001 | C90: =+VLOOKUP(H90,$K:$N,4,FALSE) -> La Plata | D90: COMEDOR LOS PIRULINES | E90: 1 | F90: 11 | G90: 1 | H90: La Plata | K90: Rauch | L90: 17 | M90: 087 | N90: Rauch
A91: =+VLOOKUP(H91,$K:$N,2,FALSE) -> 01 | B91: =+VLOOKUP(H91,$K:$N,3,FALSE) -> 001 | C91: =+VLOOKUP(H91,$K:$N,4,FALSE) -> La Plata | D91: COMEDOR PAN DE VIDA | E91: 1 | F91: 10 | G91: 1 | H91: La Plata | K91: Ayacucho | L91: 18 | M91: 006 | N91: Ayacucho
... A117: =+VLOOKUP(H117,$K:$N,2,FALSE) -> 01 | B117: =+VLOOKUP(H117,$K:$N,3,FALSE) -> 001 | C117: =+VLOOKUP(H117,$K:$N,4,FALSE) -> La Plata | D117: GIMNASIA Y ESGRIMA LA PLATA | E117: 3 | F117: 68 | G117: 1 | H117: La Plata | K117: Coronel Rosales | L117: 22 | M117: 112 | N117: Coronel de Marina L. Rosales
A118: =+VLOOKUP(H118,$K:$N,2,FALSE) -> 01 | B118: =+VLOOKUP(H118,$K:$N,3,FALSE) -> 001 | C118: =+VLOOKUP(H118,$K:$N,4,FALSE) -> La Plata | D118: HOSPITAL REENCUENTRO | E118: 1 | F118: 11 | G118: 1 | H118: La Plata | L118: 22 | M118: 126 | N118: Monte Hermoso
A119: =+VLOOKUP(H119,$K:$N,2,FALSE) -> 01 | B119: =+VLOOKUP(H119,$K:$N,3,FALSE) -> 001 | C119: =+VLOOKUP(H119,$K:$N,4,FALSE) -> La Plata | D119: JIRONES DE MI BARRIO - CLUB PARAGUAYO | E119: 3 | F119: 64 | G119: 1 | H119: La Plata | K119: Cármen de Patagones | L119: 22 | M119: 078 | N119: Patagones
A120: =+VLOOKUP(H120,$K:$N,2,FALSE) -> 01 | B120: =+VLOOKUP(H120,$K:$N,3,FALSE) -> 001 | C120: =+VLOOKUP(H120,$K:$N,4,FALSE) -> La Plata | D120: LA CASITA | E120: 1 | F120: 36 | G120: 1 | H120: La Plata | K120: Villarino | L120: 22 | M120: 110 | N120: Villarino
A121: =+VLOOKUP(H121,$K:$N,2,FALSE) -> 01 | B121: =+VLOOKUP(H121,$K:$N,3,FALSE) -> 001 | C121: =+VLOOKUP(H121,$K:$N,4,FALSE) -> La Plata | D121: LA HERMOSURA S/N La Plata La Hermosura | E121: 1 | F121: 0 | G121: 1 | H121: La Plata | K121: Adolfo Alsina | L121: 23 | M121: 002 | N121: Adolfo Alsina
A122: =+VLOOKUP(H122,$K:$N,2,FALSE) -> 01 | B122: =+VLOOKUP(H122,$K:$N,3,FALSE) -> 001 | C122: =+VLOOKUP(H122,$K:$N,4,FALSE) -> La Plata | D122: LA LIBERTAD FUTURA MOVIMIENTO UNIDAD POPULAR (MUP) | E122: 1 | F122: 16 | G122: 1 | H122: La Plata | K122: Coronel Suarez | L122: 23 | M122: 025 | N122: Coronel Suárez
A123: =+VLOOKUP(H123,$K:$N,2,FALSE) -> 01 | B123: =+VLOOKUP(H123,$K:$N,3,FALSE) -> 001 | C123: =+VLOOKUP(H123,$K:$N,4,FALSE) -> La Plata | D123: LA MILITANTE | E123: 2 | F123: 45 | G123: 1 | H123: La Plata | K123: Daireaux | L123: 23 | M123: 020 | N123: Daireaux
A124: =+VLOOKUP(H124,$K:$N,2,FALSE) -> 01 | B124: =+VLOOKUP(H124,$K:$N,3,FALSE) -> 001 | C124: =+VLOOKUP(H124,$K:$N,4,FALSE) -> La Plata | D124: LOS LIBROS NO MUERDEN | E124: 1 | F124: 15 | G124: 1 | H124: La Plata | K124: General Lamadrid | L124: 23 | M124: 038 | N124: General La Madrid
A125: =+VLOOKUP(H125,$K:$N,2,FALSE) -> 01 | B125: =+VLOOKUP(H125,$K:$N,3,FALSE) -> 001 | C125: =+VLOOKUP(H125,$K:$N,4,FALSE) -> La Plata | D125: MALVINAS ARGENTINAS S/N La Plata Los Hornos | E125: 1 | F125: 16 | G125: 1 | H125: La Plata | K125: Guamini | L125: 23 | M125: 051 | N125: Guaminí
A126: =+VLOOKUP(H126,$K:$N,2,FALSE) -> 01 | B126: =+VLOOKUP(H126,$K:$N,3,FALSE) -> 001 | C126: =+VLOOKUP(H126,$K:$N,4,FALSE) -> La Plata | D126: Mary Sanchez | E126: 3 | F126: 62 | G126: 1 | H126: La Plata | K126: Puan | L126: 23 | M126: 084 | N126: Puan
A127: =+VLOOKUP(H127,$K:$N,2,FALSE) -> 01 | B127: =+VLOOKUP(H127,$K:$N,3,FALSE) -> 001 | C127: =+VLOOKUP(H127,$K:$N,4,FALSE) -> La Plata | D127: Mary Sanchez S/N La Plata El Rincón | E127: 1 | F127: 14 | G127: 1 | H127: La Plata | K127: Saavedra | L127: 23 | M127: 091 | N127: Saavedra
A128: =+VLOOKUP(H128,$K:$N,2,FALSE) -> 01 | B128: =+VLOOKUP(H128,$K:$N,3,FALSE) -> 001 | C128: =+VLOOKUP(H128,$K:$N,4,FALSE) -> La Plata | D128: ME VERÁS VOLVER | E128: 1 | F128: 21 | G128: 1 | H128: La Plata | K128: Tornquist | L128: 23 | M128: 105 | N128: Tornquist
A129: =+VLOOKUP(H129,$K:$N,2,FALSE) -> 01 | B129: =+VLOOKUP(H129,$K:$N,3,FALSE) -> 001 | C129: =+VLOOKUP(H129,$K:$N,4,FALSE) -> La Plata | D129: Néstor y Cristina | E129: 1 | F129: 16 | G129: 1 | H129: La Plata | K129: 25 de mayo | L129: 24 | M129: 108 | N129: 25 de Mayo
A130: =+VLOOKUP(H130,$K:$N,2,FALSE) -> 01 | B130: =+VLOOKUP(H130,$K:$N,3,FALSE) -> 001 | C130: =+VLOOKUP(H130,$K:$N,4,FALSE) -> La Plata | D130: NIÑO JESUS (C.C.C) | E130: 3 | F130: 62 | G130: 1 | H130: La Plata | K130: General Alvear | L130: 24 | M130: 034 | N130: General Alvear
... A138: =+VLOOKUP(H138,$K:$N,2,FALSE) -> 01 | B138: =+VLOOKUP(H138,$K:$N,3,FALSE) -> 001 | C138: =+VLOOKUP(H138,$K:$N,4,FALSE) -> La Plata | D138: Polideportivo Los Hornos | E138: 2 | F138: 54 | G138: 1 | H138: La Plata | K138: Tapalque | L138: 25 | M138: 103 | N138: Tapalqué
A139: =+VLOOKUP(H139,$K:$N,2,FALSE) -> 01 | B139: =+VLOOKUP(H139,$K:$N,3,FALSE) -> 001 | C139: =+VLOOKUP(H139,$K:$N,4,FALSE) -> La Plata | D139: POR UN FUTURO MEJOR | E139: 1 | F139: 23 | G139: 1 | H139: La Plata
A140: =+VLOOKUP(H140,$K:$N,2,FALSE) -> 01 | B140: =+VLOOKUP(H140,$K:$N,3,FALSE) -> 001 | C140: =+VLOOKUP(H140,$K:$N,4,FALSE) -> La Plata | D140: Primero la Patria | E140: 1 | F140: 13 | G140: 1 | H140: La Plata
A141: =+VLOOKUP(H141,$K:$N,2,FALSE) -> 01 | B141: =+VLOOKUP(H141,$K:$N,3,FALSE) -> 001 | C141: =+VLOOKUP(H141,$K:$N,4,FALSE) -> La Plata | D141: Resistencia Cultural Barrio Los Robles (Rodol Demi | E141: 1 | F141: 9 | G141: 1 | H141: La Plata
A142: =+VLOOKUP(H142,$K:$N,2,FALSE) -> 01 | B142: =+VLOOKUP(H142,$K:$N,3,FALSE) -> 001 | C142: =+VLOOKUP(H142,$K:$N,4,FALSE) -> La Plata | D142: SAVOIA | E142: 1 | F142: 4 | G142: 1 | H142: La Plata
A143: =+VLOOKUP(H143,$K:$N,2,FALSE) -> 01 | B143: =+VLOOKUP(H143,$K:$N,3,FALSE) -> 001 | C143: =+VLOOKUP(H143,$K:$N,4,FALSE) -> La Plata | D143: Sitio de la Memoria Arana | E143: 1 | F143: 8 | G143: 1 | H143: La Plata
A144: =+VLOOKUP(H144,$K:$N,2,FALSE) -> 01 | B144: =+VLOOKUP(H144,$K:$N,3,FALSE) -> 001 | C144: =+VLOOKUP(H144,$K:$N,4,FALSE) -> La Plata | D144: TIEMPO PERFECTO | E144: 1 | F144: 9 | G144: 1 | H144: La Plata
A145: =+VLOOKUP(H145,$K:$N,2,FALSE) -> 01 | B145: =+VLOOKUP(H145,$K:$N,3,FALSE) -> 001 | C145: =+VLOOKUP(H145,$K:$N,4,FALSE) -> La Plata | D145: UB MALVINAS | E145: 1 | F145: 18 | G145: 1 | H145: La Plata
A146: =+VLOOKUP(H146,$K:$N,2,FALSE) -> 01 | B146: =+VLOOKUP(H146,$K:$N,3,FALSE) -> 001 | C146: =+VLOOKUP(H146,$K:$N,4,FALSE) -> La Plata | D146: UDA ETCHEVERRY S/N La Plata Angel Etcheverry | E146: 1 | F146: 0 | G146: 1 | H146: La Plata
A147: =+VLOOKUP(H147,$K:$N,2,FALSE) -> 01 | B147: =+VLOOKUP(H147,$K:$N,3,FALSE) -> 001 | C147: =+VLOOKUP(H147,$K:$N,4,FALSE) -> La Plata | D147: UTT OLMOS | E147: 3 | F147: 33 | G147: 1 | H147: La Plata
A148: =+VLOOKUP(H148,$K:$N,2,FALSE) -> 01 | B148: =+VLOOKUP(H148,$K:$N,3,FALSE) -> 064 | C148: =+VLOOKUP(H148,$K:$N,4,FALSE) -> Magdalena | D148: AMFAB S/N MAGDALENA MAGDALENA | E148: 1 | F148: 15 | G148: 1 | H148: Magdalena
A149: =+VLOOKUP(H149,$K:$N,2,FALSE) -> 01 | B149: =+VLOOKUP(H149,$K:$N,3,FALSE) -> 064 | C149: =+VLOOKUP(H149,$K:$N,4,FALSE) -> Magdalena | D149: BIBLOTECA AMOR AL ARTE ATALAYA 000 ATALAYA ATALAYA | E149: 1 | F149: 9 | G149: 1 | H149: Magdalena
A150: =+VLOOKUP(H150,$K:$N,2,FALSE) -> 01 | B150: =+VLOOKUP(H150,$K:$N,3,FALSE) -> 064 | C150: =+VLOOKUP(H150,$K:$N,4,FALSE) -> Magdalena | D150: CEPT N°29 | E150: 1 | F150: 14 | G150: 1 | H150: Magdalena
... A173: =+VLOOKUP(H173,$K:$N,2,FALSE) -> 01 | B173: =+VLOOKUP(H173,$K:$N,3,FALSE) -> 134 | C173: =+VLOOKUP(H173,$K:$N,4,FALSE) -> Punta Indio | D173: Sociedad de Fomento Punta Indio s/n PUNTA INDIO | E173: 1 | F173: 1 | G173: 1 | H173: Punta Indio
A174: =+VLOOKUP(H174,$K:$N,2,FALSE) -> 02 | B174: =+VLOOKUP(H174,$K:$N,3,FALSE) -> 005 | C174: =+VLOOKUP(H174,$K:$N,4,FALSE) -> Avellaneda | D174: 46029 | E174: 1 | F174: 20 | G174: 2 | H174: Avellaneda
A175: =+VLOOKUP(H175,$K:$N,2,FALSE) -> 02 | B175: =+VLOOKUP(H175,$K:$N,3,FALSE) -> 005 | C175: =+VLOOKUP(H175,$K:$N,4,FALSE) -> Avellaneda | D175: Agrupación Juvenil | E175: 1 | F175: 15 | G175: 2 | H175: Avellaneda
A176: =+VLOOKUP(H176,$K:$N,2,FALSE) -> 02 | B176: =+VLOOKUP(H176,$K:$N,3,FALSE) -> 005 | C176: =+VLOOKUP(H176,$K:$N,4,FALSE) -> Avellaneda | D176: Agrupación Juvenil 1905 Avellaneda Piñeyro | E176: 1 | F176: 0 | G176: 2 | H176: Avellaneda
A177: =+VLOOKUP(H177,$K:$N,2,FALSE) -> 02 | B177: =+VLOOKUP(H177,$K:$N,3,FALSE) -> 005 | C177: =+VLOOKUP(H177,$K:$N,4,FALSE) -> Avellaneda | D177: ATE | E177: 3 | F177: 50 | G177: 2 | H177: Avellaneda
A178: =+VLOOKUP(H178,$K:$N,2,FALSE) -> 02 | B178: =+VLOOKUP(H178,$K:$N,3,FALSE) -> 005 | C178: =+VLOOKUP(H178,$K:$N,4,FALSE) -> Avellaneda | D178: Ateneo "Cristina Conduccion" | E178: 3 | F178: 68 | G178: 2 | H178: Avellaneda
A179: =+VLOOKUP(H179,$K:$N,2,FALSE) -> 02 | B179: =+VLOOKUP(H179,$K:$N,3,FALSE) -> 005 | C179: =+VLOOKUP(H179,$K:$N,4,FALSE) -> Avellaneda | D179: BIBLIOTECA AZUCENA VILLAFLOR | E179: 1 | F179: 21 | G179: 2 | H179: Avellaneda
A180: =+VLOOKUP(H180,$K:$N,2,FALSE) -> 02 | B180: =+VLOOKUP(H180,$K:$N,3,FALSE) -> 005 | C180: =+VLOOKUP(H180,$K:$N,4,FALSE) -> Avellaneda | D180: Biblioteca Hugo Chavez | E180: 1 | F180: 19 | G180: 2 | H180: Avellaneda
A181: =+VLOOKUP(H181,$K:$N,2,FALSE) -> 02 | B181: =+VLOOKUP(H181,$K:$N,3,FALSE) -> 005 | C181: =+VLOOKUP(H181,$K:$N,4,FALSE) -> Avellaneda | D181: CC CORAZON DE ALICIA | E181: 1 | F181: 18 | G181: 2 | H181: Avellaneda
A182: =+VLOOKUP(H182,$K:$N,2,FALSE) -> 02 | B182: =+VLOOKUP(H182,$K:$N,3,FALSE) -> 005 | C182: =+VLOOKUP(H182,$K:$N,4,FALSE) -> Avellaneda | D182: CENS n° 458 | E182: 1 | F182: 24 | G182: 2 | H182: Avellaneda
A183: =+VLOOKUP(H183,$K:$N,2,FALSE) -> 02 | B183: =+VLOOKUP(H183,$K:$N,3,FALSE) -> 005 | C183: =+VLOOKUP(H183,$K:$N,4,FALSE) -> Avellaneda | D183: Centro Aime Paine | E183: 5 | F183: 102 | G183: 2 | H183: Avellaneda
A184: =+VLOOKUP(H184,$K:$N,2,FALSE) -> 02 | B184: =+VLOOKUP(H184,$K:$N,3,FALSE) -> 005 | C184: =+VLOOKUP(H184,$K:$N,4,FALSE) -> Avellaneda | D184: Centro Comunitario ARCO IRIS | E184: 1 | F184: 18 | G184: 2 | H184: Avellaneda
A185: =+VLOOKUP(H185,$K:$N,2,FALSE) -> 02 | B185: =+VLOOKUP(H185,$K:$N,3,FALSE) -> 005 | C185: =+VLOOKUP(H185,$K:$N,4,FALSE) -> Avellaneda | D185: Centro comunitario Eva Peron | E185: 1 | F185: 22 | G185: 2 | H185: Avellaneda
A186: =+VLOOKUP(H186,$K:$N,2,FALSE) -> 02 | B186: =+VLOOKUP(H186,$K:$N,3,FALSE) -> 005 | C186: =+VLOOKUP(H186,$K:$N,4,FALSE) -> Avellaneda | D186: Centro Comunitario Hebe Bonafini | E186: 1 | F186: 17 | G186: 2 | H186: Avellaneda
... A364: =+VLOOKUP(H364,$K:$N,2,FALSE) -> 02 | B364: =+VLOOKUP(H364,$K:$N,3,FALSE) -> 062 | C364: =+VLOOKUP(H364,$K:$N,4,FALSE) -> Lomas de Zamora | D364: VIOLETA PARRA | E364: 3 | F364: 35 | G364: 2 | H364: Lomas de Zamora
A365: =+VLOOKUP(H365,$K:$N,2,FALSE) -> 03 | B365: =+VLOOKUP(H365,$K:$N,3,FALSE) -> 069 | C365: =+VLOOKUP(H365,$K:$N,4,FALSE) -> La Matanza | D365: 504 | E365: 1 | F365: 27 | G365: 3 | H365: La Matanza 1
A366: =+VLOOKUP(H366,$K:$N,2,FALSE) -> 03 | B366: =+VLOOKUP(H366,$K:$N,3,FALSE) -> 069 | C366: =+VLOOKUP(H366,$K:$N,4,FALSE) -> La Matanza | D366: ASAMBLEA PERMANENTE DE LOS DERECHOS 3780 san justo san justo | E366: 1 | F366: 19 | G366: 3 | H366: La Matanza 1
A367: =+VLOOKUP(H367,$K:$N,2,FALSE) -> 03 | B367: =+VLOOKUP(H367,$K:$N,3,FALSE) -> 069 | C367: =+VLOOKUP(H367,$K:$N,4,FALSE) -> La Matanza | D367: CAPILLA SAN CAYETANO 1601 lomas del mirador lomas del mirador | E367: 1 | F367: 11 | G367: 3 | H367: La Matanza 1
A368: =+VLOOKUP(H368,$K:$N,2,FALSE) -> 03 | B368: =+VLOOKUP(H368,$K:$N,3,FALSE) -> 069 | C368: =+VLOOKUP(H368,$K:$N,4,FALSE) -> La Matanza | D368: CARITAS | E368: 6 | F368: 133 | G368: 3 | H368: La Matanza 1
A369: =+VLOOKUP(H369,$K:$N,2,FALSE) -> 03 | B369: =+VLOOKUP(H369,$K:$N,3,FALSE) -> 069 | C369: =+VLOOKUP(H369,$K:$N,4,FALSE) -> La Matanza | D369: CATEDRAL DE LA FE 2857 san justo san justo | E369: 1 | F369: 13 | G369: 3 | H369: La Matanza 1
A370: =+VLOOKUP(H370,$K:$N,2,FALSE) -> 03 | B370: =+VLOOKUP(H370,$K:$N,3,FALSE) -> 069 | C370: =+VLOOKUP(H370,$K:$N,4,FALSE) -> La Matanza | D370: CENTRO CULTURAL MI ESPERANZA | E370: 1 | F370: 11 | G370: 3 | H370: La Matanza 1
A371: =+VLOOKUP(H371,$K:$N,2,FALSE) -> 03 | B371: =+VLOOKUP(H371,$K:$N,3,FALSE) -> 069 | C371: =+VLOOKUP(H371,$K:$N,4,FALSE) -> La Matanza | D371: CENTRO CULTURAL NESTOR KIRCHNER | E371: 3 | F371: 82 | G371: 3 | H371: La Matanza 1
A372: =+VLOOKUP(H372,$K:$N,2,FALSE) -> 03 | B372: =+VLOOKUP(H372,$K:$N,3,FALSE) -> 069 | C372: =+VLOOKUP(H372,$K:$N,4,FALSE) -> La Matanza | D372: CENTRO CULTURAL PIERINA DEALLESSI | E372: 2 | F372: 55 | G372: 3 | H372: La Matanza 1
A373: =+VLOOKUP(H373,$K:$N,2,FALSE) -> 03 | B373: =+VLOOKUP(H373,$K:$N,3,FALSE) -> 069 | C373: =+VLOOKUP(H373,$K:$N,4,FALSE) -> La Matanza | D373: CIRCULO ITALIANO | E373: 2 | F373: 47 | G373: 3 | H373: La Matanza 1
A374: =+VLOOKUP(H374,$K:$N,2,FALSE) -> 03 | B374: =+VLOOKUP(H374,$K:$N,3,FALSE) -> 069 | C374: =+VLOOKUP(H374,$K:$N,4,FALSE) -> La Matanza | D374: CLUB DEPORTIVO SOCIAL Y DEFENSORES DE QUERANDI | E374: 2 | F374: 37 | G374: 3 | H374: La Matanza 1
A375: =+VLOOKUP(H375,$K:$N,2,FALSE) -> 03 | B375: =+VLOOKUP(H375,$K:$N,3,FALSE) -> 069 | C375: =+VLOOKUP(H375,$K:$N,4,FALSE) -> La Matanza | D375: CLUB PEDRO CASCO | E375: 2 | F375: 40 | G375: 3 | H375: La Matanza 1
A376: =+VLOOKUP(H376,$K:$N,2,FALSE) -> 03 | B376: =+VLOOKUP(H376,$K:$N,3,FALSE) -> 069 | C376: =+VLOOKUP(H376,$K:$N,4,FALSE) -> La Matanza | D376: Colonia mi Esperanza | E376: 3 | F376: 85 | G376: 3 | H376: La Matanza 1
A377: =+VLOOKUP(H377,$K:$N,2,FALSE) -> 03 | B377: =+VLOOKUP(H377,$K:$N,3,FALSE) -> 069 | C377: =+VLOOKUP(H377,$K:$N,4,FALSE) -> La Matanza | D377: CONSTRUCTORA | E377: 1 | F377: 0 | G377: 3 | H377: La Matanza 1
... A1091: =+VLOOKUP(H1091,$K:$N,2,FALSE) -> 07 | B1091: =+VLOOKUP(H1091,$K:$N,3,FALSE) -> 045 | C1091: =+VLOOKUP(H1091,$K:$N,4,FALSE) -> General San Martín | D1091: UOM 4538 Villa Ballester Villa Ballester | E1091: 1 | F1091: 0 | G1091: 7 | H1091: General San Martín
A1092: =+VLOOKUP(H1092,$K:$N,2,FALSE) -> 07 | B1092: =+VLOOKUP(H1092,$K:$N,3,FALSE) -> 135 | C1092: =+VLOOKUP(H1092,$K:$N,4,FALSE) -> Hurlingham | D1092: 46255 | E1092: 1 | F1092: 12 | G1092: 7 | H1092: Hurlingham
A1093: =+VLOOKUP(H1093,$K:$N,2,FALSE) -> 07 | B1093: =+VLOOKUP(H1093,$K:$N,3,FALSE) -> 135 | C1093: =+VLOOKUP(H1093,$K:$N,4,FALSE) -> Hurlingham | D1093: Cea 707 | E1093: 2 | F1093: 56 | G1093: 7 | H1093: Hurlingham
A1094: =+VLOOKUP(H1094,$K:$N,2,FALSE) -> 07 | B1094: =+VLOOKUP(H1094,$K:$N,3,FALSE) -> 135 | C1094: =+VLOOKUP(H1094,$K:$N,4,FALSE) -> Hurlingham | D1094: CENTRO CULTURAL WILLIAM MORRIS | E1094: 1 | F1094: 13 | G1094: 7 | H1094: Hurlingham
A1095: =+VLOOKUP(H1095,$K:$N,2,FALSE) -> 07 | B1095: =+VLOOKUP(H1095,$K:$N,3,FALSE) -> 135 | C1095: =+VLOOKUP(H1095,$K:$N,4,FALSE) -> Hurlingham | D1095: CFP Camargo ¨Malvinas Arg¨ | E1095: 1 | F1095: 22 | G1095: 7 | H1095: Hurlingham
A1096: =+VLOOKUP(H1096,$K:$N,2,FALSE) -> 07 | B1096: =+VLOOKUP(H1096,$K:$N,3,FALSE) -> 135 | C1096: =+VLOOKUP(H1096,$K:$N,4,FALSE) -> Hurlingham | D1096: CFP Malvinas Argentinas Solis | E1096: 2 | F1096: 43 | G1096: 7 | H1096: Hurlingham
A1097: =+VLOOKUP(H1097,$K:$N,2,FALSE) -> 07 | B1097: =+VLOOKUP(H1097,$K:$N,3,FALSE) -> 135 | C1097: =+VLOOKUP(H1097,$K:$N,4,FALSE) -> Hurlingham | D1097: Consejo Escolar | E1097: 1 | F1097: 19 | G1097: 7 | H1097: Hurlingham
A1098: =+VLOOKUP(H1098,$K:$N,2,FALSE) -> 07 | B1098: =+VLOOKUP(H1098,$K:$N,3,FALSE) -> 135 | C1098: =+VLOOKUP(H1098,$K:$N,4,FALSE) -> Hurlingham | D1098: Desarrollo Social B Mitre | E1098: 1 | F1098: 21 | G1098: 7 | H1098: Hurlingham
A1099: =+VLOOKUP(H1099,$K:$N,2,FALSE) -> 07 | B1099: =+VLOOKUP(H1099,$K:$N,3,FALSE) -> 135 | C1099: =+VLOOKUP(H1099,$K:$N,4,FALSE) -> Hurlingham | D1099: Epa 702 | E1099: 3 | F1099: 54 | G1099: 7 | H1099: Hurlingham
A1100: =+VLOOKUP(H1100,$K:$N,2,FALSE) -> 07 | B1100: =+VLOOKUP(H1100,$K:$N,3,FALSE) -> 135 | C1100: =+VLOOKUP(H1100,$K:$N,4,FALSE) -> Hurlingham | D1100: Epa 703 | E1100: 2 | F1100: 55 | G1100: 7 | H1100: Hurlingham
A1101: =+VLOOKUP(H1101,$K:$N,2,FALSE) -> 07 | B1101: =+VLOOKUP(H1101,$K:$N,3,FALSE) -> 135 | C1101: =+VLOOKUP(H1101,$K:$N,4,FALSE) -> Hurlingham | D1101: Heroes de malvinas | E1101: 1 | F1101: 23 | G1101: 7 | H1101: Hurlingham
A1102: =+VLOOKUP(H1102,$K:$N,2,FALSE) -> 07 | B1102: =+VLOOKUP(H1102,$K:$N,3,FALSE) -> 135 | C1102: =+VLOOKUP(H1102,$K:$N,4,FALSE) -> Hurlingham | D1102: Iglesia Esmirna | E1102: 1 | F1102: 11 | G1102: 7 | H1102: Hurlingham
A1103: =+VLOOKUP(H1103,$K:$N,2,FALSE) -> 07 | B1103: =+VLOOKUP(H1103,$K:$N,3,FALSE) -> 135 | C1103: =+VLOOKUP(H1103,$K:$N,4,FALSE) -> Hurlingham | D1103: Iglesia Nuevo Tiempo (ex catedral de la fé) | E1103: 2 | F1103: 48 | G1103: 7 | H1103: Hurlingham
A1104: =+VLOOKUP(H1104,$K:$N,2,FALSE) -> 07 | B1104: =+VLOOKUP(H1104,$K:$N,3,FALSE) -> 135 | C1104: =+VLOOKUP(H1104,$K:$N,4,FALSE) -> Hurlingham | D1104: Iglesia Tiempo de Dios 1510 Morris Morris | E1104: 1 | F1104: 2 | G1104: 7 | H1104: Hurlingham
... A1240: =+VLOOKUP(H1240,$K:$N,2,FALSE) -> 08 | B1240: =+VLOOKUP(H1240,$K:$N,3,FALSE) -> 100 | C1240: =+VLOOKUP(H1240,$K:$N,4,FALSE) -> Morón | D1240: UNION FERROVIARIOS 290 Haedo | E1240: 1 | F1240: 0 | G1240: 8 | H1240: Morón
A1241: =+VLOOKUP(H1241,$K:$N,2,FALSE) -> 09 | B1241: =+VLOOKUP(H1241,$K:$N,3,FALSE) -> 132 | C1241: =+VLOOKUP(H1241,$K:$N,4,FALSE) -> José C. Paz | D1241: 159 | E1241: 1 | F1241: 23 | G1241: 9 | H1241: José C Paz
A1242: =+VLOOKUP(H1242,$K:$N,2,FALSE) -> 09 | B1242: =+VLOOKUP(H1242,$K:$N,3,FALSE) -> 132 | C1242: =+VLOOKUP(H1242,$K:$N,4,FALSE) -> José C. Paz | D1242: Asociación Huellas de Fuego | E1242: 3 | F1242: 49 | G1242: 9 | H1242: José C Paz
A1243: =+VLOOKUP(H1243,$K:$N,2,FALSE) -> 09 | B1243: =+VLOOKUP(H1243,$K:$N,3,FALSE) -> 132 | C1243: =+VLOOKUP(H1243,$K:$N,4,FALSE) -> José C. Paz | D1243: CENTRO COMUNITARIO JUNTOS POR EL BARRIO S/N José C. Paz | E1243: 1 | F1243: 0 | G1243: 9 | H1243: José C Paz
...
