Workbook

Sheet Universo DEJAyAM
A1: Codigo | B1: Tipo | C1: Región Educativa | D1: Código Distrito DGCyE | E1: Nombre de Distrito - Partido | F1: CUE | G1: Anexo | H1: Clave | I1: Dependencia | J1: Tipo de Organización | K1: Sede Anexo Extensión | L1: Escuela Sede | M1: Nombre | N1: Ámbito Geográfico | O1: Matrícula Estimada | P1: Modalidad | Q1: Nivel | R1: Matricula Total | S1: Secciones | T1: Universo | U1: Universo_Excl. | V1: Estrato_Oferta | W1: Estrato_GEO | X1: Estrato | Y1: IVSE_T | Z1: ECE | AA1: Distrito _Boleto | AB1: criterios_seleccion_sede | AC1: Casos_Seleccionar_Lista | AD1: Fines_Direccion
A2: =+H2 -> 0043DS0011 | B2: Un.Serv. | C2: 19 | D2: 043 | E2: General Pueyrredón | F2: 609259 | G2: 0 | H2: 0043DS0011 | I2: Oficial | J2: CENTRO ESPECIALIZADO PARA ADULTOS CON ORIENTACIÓN EN SALUD (CEBAS) | K2: SEDE | M2: C.E.B.A.S. N 11 | N2: Urbano | O2: No | P2: Educación de Jóvenes y Adultos | Q2: Nivel Secundario | R2: 97 | S2: 6 | T2: 1 | V2: CEBAS | W2: =+IF(V2="","",IF(MID(V2,1,3)="ECE","UNICO",IF(V2="FINES",CONCATENATE("R",IF(OR(C2="16",C2="21",C2="22",C2="23"),"16212223",IF(OR(C2="15",C2="17",C2="24",C2="25"),"15172425",C2))),IF(V2="CEBAS","UNICO",IF(VALUE(C2)<=11,"AMBA","INTERIOR"))))) -> UNICO | X2: =+IF(V2="","-",CONCATENATE(V2,"_",W2)) -> CEBAS_UNICO | Y2: 0.063379868 | Z2: =+IFERROR(VLOOKUP(H2,#REF!,2,FALSE),"-") -> - | AA2: SIN | AB2: =+IF(W2="","-",IF(W2="UNICO","CENSO","MUESTRA")) -> CENSO | AC2: PRIMEROS | AD2: -
A3: =+H3 -> 0008DS0030 | B3: Un.Serv. | C3: 22 | D3: 008 | E3: Bahía Blanca | F3: 616446 | G3: 0 | H3: 0008DS0030 | I3: Oficial | J3: CENTRO ESPECIALIZADO PARA ADULTOS CON ORIENTACIÓN EN SALUD (CEBAS) | K3: SEDE | M3: C.E.B.A.S. N 30 "ENFERMERAS 1982 POR MALVINAS" | N3: Urbano | O3: No | P3: Educación de Jóvenes y Adultos | Q3: Nivel Secundario | R3: 48 | S3: 3 | T3: 1 | V3: CEBAS | W3: =+IF(V3="","",IF(MID(V3,1,3)="ECE","UNICO",IF(V3="FINES",CONCATENATE("R",IF(OR(C3="16",C3="21",C3="22",C3="23"),"16212223",IF(OR(C3="15",C3="17",C3="24",C3="25"),"15172425",C3))),IF(V3="CEBAS","UNICO",IF(VALUE(C3)<=11,"AMBA","INTERIOR"))))) -> UNICO | X3: =+IF(V3="","-",CONCATENATE(V3,"_",W3)) -> CEBAS_UNICO | Y3: 0.094380705 | Z3: =+IFERROR(VLOOKUP(H3,#REF!,2,FALSE),"-") -> - | AA3: SIN | AB3: =+IF(W3="","-",IF(W3="UNICO","CENSO","MUESTRA")) -> CENSO | AC3: PRIMEROS | AD3: -
A4: =+H4 -> 0062DS0016 | B4: Un.Serv. | C4: 02 | D4: 062 | E4: Lomas de Zamora | F4: 614623 | G4: 0 | H4: 0062DS0016 | I4: Oficial | J4: CENTRO ESPECIALIZADO PARA ADULTOS CON ORIENTACIÓN EN SALUD (CEBAS) | K4: SEDE | M4: C.E.B.A.S N 16 | N4: Urbano | O4: No | P4: Educación de Jóvenes y Adultos | Q4: Nivel Secundario | R4: 63 | S4: 6 | T4: 1 | V4: CEBAS | W4: =+IF(V4="","",IF(MID(V4,1,3)="ECE","UNICO",IF(V4="FINES",CONCATENATE("R",IF(OR(C4="16",C4="21",C4="22",C4="23"),"16212223",IF(OR(C4="15",C4="17",C4="24",C4="25"),"15172425",C4))),IF(V4="CEBAS","UNICO",IF(VALUE(C4)<=11,"AMBA","INTERIOR"))))) -> UNICO | X4: =+IF(V4="","-",CONCATENATE(V4,"_",W4)) -> CEBAS_UNICO | Y4: 0.096115828 | Z4: =+IFERROR(VLOOKUP(H4,#REF!,2,FALSE),"-") -> - | AA4: CON | AB4: =+IF(W4="","-",IF(W4="UNICO","CENSO","MUESTRA")) -> CENSO | AC4: PRIMEROS | AD4: -
A5: =+H5 -> 0111DS0049 | B5: Un.Serv. | C5: 02 | D5: 111 | E5: Lanús | F5: 620507 | G5: 0 | H5: 0111DS0049 | I5: Oficial | J5: CENTRO ESPECIALIZADO PARA ADULTOS CON ORIENTACIÓN EN SALUD (CEBAS) | K5: SEDE | M5: C.E.B.A.S. N 49 | N5: Urbano | O5: No | P5: Educación de Jóvenes y Adultos | Q5: Nivel Secundario | R5: 43 | S5: 3 | T5: 1 | V5: CEBAS | W5: =+IF(V5="","",IF(MID(V5,1,3)="ECE","UNICO",IF(V5="FINES",CONCATENATE("R",IF(OR(C5="16",C5="21",C5="22",C5="23"),"16212223",IF(OR(C5="15",C5="17",C5="24",C5="25"),"15172425",C5))),IF(V5="CEBAS","UNICO",IF(VALUE(C5)<=11,"AMBA","INTERIOR"))))) -> UNICO | X5: =+IF(V5="","-",CONCATENATE(V5,"_",W5)) -> CEBAS_UNICO | Y5: 0.14383187 | Z5: =+IFERROR(VLOOKUP(H5,#REF!,2,FALSE),"-") -> - | AA5: CON | AB5: =+IF(W5="","-",IF(W5="UNICO","CENSO","MUESTRA")) -> CENSO | AC5: ULTIMOS | AD5: -
A6: =+H6 -> 0100DS0028 | B6: Un.Serv. | C6: 08 | D6: 100 | E6: Morón | F6: 616437 | G6: 0 | H6: 0100DS0028 | I6: Oficial | J6: CENTRO ESPECIALIZADO PARA ADULTOS CON ORIENTACIÓN EN SALUD (CEBAS) | K6: SEDE | M6: C.E.B.A.S. N 28 | N6: Urbano | O6: No | P6: Educación de Jóvenes y Adultos | Q6: Nivel Secundario | R6: 109 | S6: 6 | T6: 1 | V6: CEBAS | W6: =+IF(V6="","",IF(MID(V6,1,3)="ECE","UNICO",IF(V6="FINES",CONCATENATE("R",IF(OR(C6="16",C6="21",C6="22",C6="23"),"16212223",IF(OR(C6="15",C6="17",C6="24",C6="25"),"15172425",C6))),IF(V6="CEBAS","UNICO",IF(VALUE(C6)<=11,"AMBA","INTERIOR"))))) -> UNICO | X6: =+IF(V6="","-",CONCATENATE(V6,"_",W6)) -> CEBAS_UNICO | Y6: 0.15550203 | Z6: =+IFERROR(VLOOKUP(H6,#REF!,2,FALSE),"-") -> - | AA6: CON | AB6: =+IF(W6="","-",IF(W6="UNICO","CENSO","MUESTRA")) -> CENSO | AC6: ULTIMOS | AD6: -
A7: =+H7 -> 0032DS0013 | B7: Un.Serv. | C7: 04 | D7: 032 | E7: Florencio Varela | F7: 608715 | G7: 0 | H7: 0032DS0013 | I7: Oficial | J7: CENTRO ESPECIALIZADO PARA ADULTOS CON ORIENTACIÓN EN SALUD (CEBAS) | K7: SEDE | M7: C.E.B.A.S. N 13 | N7: Urbano | O7: No | P7: Educación de Jóvenes y Adultos | Q7: Nivel Secundario | R7: 82 | S7: 3 | T7: 1 | V7: CEBAS | W7: =+IF(V7="","",IF(MID(V7,1,3)="ECE","UNICO",IF(V7="FINES",CONCATENATE("R",IF(OR(C7="16",C7="21",C7="22",C7="23"),"16212223",IF(OR(C7="15",C7="17",C7="24",C7="25"),"15172425",C7))),IF(V7="CEBAS","UNICO",IF(VALUE(C7)<=11,"AMBA","INTERIOR"))))) -> UNICO | X7: =+IF(V7="","-",CONCATENATE(V7,"_",W7)) -> CEBAS_UNICO | Y7: 0.17282251 | Z7: =+IFERROR(VLOOKUP(H7,#REF!,2,FALSE),"-") -> - | AA7: CON | AB7: =+IF(W7="","-",IF(W7="UNICO","CENSO","MUESTRA")) -> CENSO | AC7: PRIMEROS | AD7: -
A8: =+H8 -> 0001DS0001 | B8: Un.Serv. | C8: 01 | D8: 001 | E8: La Plata | F8: 609006 | G8: 0 | H8: 0001DS0001 | I8: Oficial | J8: CENTRO ESPECIALIZADO PARA ADULTOS CON ORIENTACIÓN EN SALUD (CEBAS) | K8: SEDE | M8: C.E.B.A.S. N 1 "FLOREAL FERRARA" | N8: Urbano | O8: No | P8: Educación de Jóvenes y Adultos | Q8: Nivel Secundario | R8: 256 | S8: 9 | T8: 1 | V8: CEBAS | W8: =+IF(V8="","",IF(MID(V8,1,3)="ECE","UNICO",IF(V8="FINES",CONCATENATE("R",IF(OR(C8="16",C8="21",C8="22",C8="23"),"16212223",IF(OR(C8="15",C8="17",C8="24",C8="25"),"15172425",C8))),IF(V8="CEBAS","UNICO",IF(VALUE(C8)<=11,"AMBA","INTERIOR"))))) -> UNICO | X8: =+IF(V8="","-",CONCATENATE(V8,"_",W8)) -> CEBAS_UNICO | Y8: 0.17714942 | Z8: =+IFERROR(VLOOKUP(H8,#REF!,2,FALSE),"-") -> - | AA8: CON | AB8: =+IF(W8="","-",IF(W8="UNICO","CENSO","MUESTRA")) -> CENSO | AC8: PRIMEROS | AD8: -
A9: =+H9 -> 0030DS0041 | B9: Un.Serv. | C9: 05 | D9: 030 | E9: Esteban Echeverría | F9: 620534 | G9: 0 | H9: 0030DS0041 | I9: Oficial | J9: CENTRO ESPECIALIZADO PARA ADULTOS CON ORIENTACIÓN EN SALUD (CEBAS) | K9: SEDE | M9: C.E.B.A.S. N 41 | N9: Urbano | O9: No | P9: Educación de Jóvenes y Adultos | Q9: Nivel Secundario | R9: 33 | S9: 3 | T9: 1 | V9: CEBAS | W9: =+IF(V9="","",IF(MID(V9,1,3)="ECE","UNICO",IF(V9="FINES",CONCATENATE("R",IF(OR(C9="16",C9="21",C9="22",C9="23"),"16212223",IF(OR(C9="15",C9="17",C9="24",C9="25"),"15172425",C9))),IF(V9="CEBAS","UNICO",IF(VALUE(C9)<=11,"AMBA","INTERIOR"))))) -> UNICO | X9: =+IF(V9="","-",CONCATENATE(V9,"_",W9)) -> CEBAS_UNICO | Y9: 0.18888588 | Z9: =+IFERROR(VLOOKUP(H9,#REF!,2,FALSE),"-") -> - | AA9: CON | AB9: =+IF(W9="","-",IF(W9="UNICO","CENSO","MUESTRA")) -> CENSO | AC9: ULTIMOS | AD9: -
A10: =+H10 -> 0094DS0047 | B10: Un.Serv. | C10: 13 | D10: 094 | E10: San Antonio de Areco | F10: 619088 | G10: 0 | H10: 0094DS0047 | I10: Oficial | J10: CENTRO ESPECIALIZADO PARA ADULTOS CON ORIENTACIÓN EN SALUD (CEBAS) | K10: SEDE | M10: C.E.B.A.S. N 47 | N10: Urbano | O10: No | P10: Educación de Jóvenes y Adultos | Q10: Nivel Secundario | R10: 33 | S10: 2 | T10: 1 | V10: CEBAS | W10: =+IF(V10="","",IF(MID(V10,1,3)="ECE","UNICO",IF(V10="FINES",CONCATENATE("R",IF(OR(C10="16",C10="21",C10="22",C10="23"),"16212223",IF(OR(C10="15",C10="17",C10="24",C10="25"),"15172425",C10))),IF(V10="CEBAS","UNICO",IF(VALUE(C10)<=11,"AMBA","INTERIOR"))))) -> UNICO | X10: =+IF(V10="","-",CONCATENATE(V10,"_",W10)) -> CEBAS_UNICO | Y10: 0.18974226 | Z10: =+IFERROR(VLOOKUP(H10,#REF!,2,FALSE),"-") -> - | AA10: SIN | AB10: =+IF(W10="","-",IF(W10="UNICO","CENSO","MUESTRA")) -> CENSO | AC10: ULTIMOS | AD10: -
A11: =+H11 -> 0076DS0019 | B11: Un.Serv. | C11: 15 | D11: 076 | E11: 9 de Julio | F11: 615601 | G11: 0 | H11: 0076DS0019 | I11: Oficial | J11: CENTRO ESPECIALIZADO PARA ADULTOS CON ORIENTACIÓN EN SALUD (CEBAS) | K11: SEDE | M11: C.E.B.A.S. N 19 | N11: Urbano | O11: No | P11: Educación de Jóvenes y Adultos | Q11: Nivel Secundario | R11: 39 | S11: 3 | T11: 1 | V11: CEBAS | W11: =+IF(V11="","",IF(MID(V11,1,3)="ECE","UNICO",IF(V11="FINES",CONCATENATE("R",IF(OR(C11="16",C11="21",C11="22",C11="23"),"16212223",IF(OR(C11="15",C11="17",C11="24",C11="25"),"15172425",C11))),IF(V11="CEBAS","UNICO",IF(VALUE(C11)<=11,"AMBA","INTERIOR"))))) -> UNICO | X11: =+IF(V11="","-",CONCATENATE(V11,"_",W11)) -> CEBAS_UNICO | Y11: 0.19851275 | Z11: =+IFERROR(VLOOKUP(H11,#REF!,2,FALSE),"-") -> - | AA11: SIN | AB11: =+IF(W11="","-",IF(W11="UNICO","CENSO","MUESTRA")) -> CENSO | AC11: ULTIMOS | AD11: -
A12: =+H12 -> 0055DS2370 | B12: Un.Serv. | C12: 06 | D12: 055 | E12: Tigre | F12: 616870 | G12: 1 | H12: 0055DS2370 | I12: Oficial | J12: CENTRO ESPECIALIZADO PARA ADULTOS CON ORIENTACIÓN EN SALUD (CEBAS) | K12: EXTENSION | L12: 0116DS0037 | M12: C.E.B.A.S. N°37 - EXTENSIÓN | N12: Urbano | O12: No | P12: Educación de Jóvenes y Adultos | Q12: Nivel Secundario | R12: 61 | S12: 3 | T12: 1 | V12: CEBAS | W12: =+IF(V12="","",IF(MID(V12,1,3)="ECE","UNICO",IF(V12="FINES",CONCATENATE("R",IF(OR(C12="16",C12="21",C12="22",C12="23"),"16212223",IF(OR(C12="15",C12="17",C12="24",C12="25"),"15172425",C12))),IF(V12="CEBAS","UNICO",IF(VALUE(C12)<=11,"AMBA","INTERIOR"))))) -> UNICO | X12: =+IF(V12="","-",CONCATENATE(V12,"_",W12)) -> CEBAS_UNICO | Y12: 0.20705157 | Z12: =+IFERROR(VLOOKUP(H12,#REF!,2,FALSE),"-") -> - | AA12: CON | AB12: =+IF(W12="","-",IF(W12="UNICO","CENSO","MUESTRA")) -> CENSO | AC12: ULTIMOS | AD12: -
A13: =+H13 -> 0001DS0048 | B13: Un.Serv. | C13: 01 | D13: 001 | E13: La Plata | F13: 620508 | G13: 0 | H13: 0001DS0048 | I13: Oficial | J13: CENTRO ESPECIALIZADO PARA ADULTOS CON ORIENTACIÓN EN SALUD (CEBAS) | K13: SEDE | M13: C.E.B.A.S. N 48 "DR. RENÉ FAVALORO" | N13: Urbano | O13: No | P13: Educación de Jóvenes y Adultos | Q13: Nivel Secundario | R13: 16 | S13: 1 | T13: 1 | V13: CEBAS | W13: =+IF(V13="","",IF(MID(V13,1,3)="ECE","UNICO",IF(V13="FINES",CONCATENATE("R",IF(OR(C13="16",C13="21",C13="22",C13="23"),"16212223",IF(OR(C13="15",C13="17",C13="24",C13="25"),"15172425",C13))),IF(V13="CEBAS","UNICO",IF(VALUE(C13)<=11,"AMBA","INTERIOR"))))) -> UNICO | X13: =+IF(V13="","-",CONCATENATE(V13,"_",W13)) -> CEBAS_UNICO | Y13: 0.25350336 | Z13: =+IFERROR(VLOOKUP(H13,#REF!,2,FALSE),"-") -> - | AA13: CON | AB13: =+IF(W13="","-",IF(W13="UNICO","CENSO","MUESTRA")) -> CENSO | AC13: ULTIMOS | AD13: -
A14: =+H14 -> 0045DS0002 | B14: Un.Serv. | C14: 07 | D14: 045 | E14: General San Martín | F14: 609445 | G14: 0 | H14: 0045DS0002 | I14: Oficial | J14: CENTRO ESPECIALIZADO PARA ADULTOS CON ORIENTACIÓN EN SALUD (CEBAS) | K14: SEDE | M14: C.E.B.A.S. N 2 "EDUCADOR PAULO FREIRE" | N14: Urbano | O14: No | P14: Educación de Jóvenes y Adultos | Q14: Nivel Secundario | R14: 89 | S14: 6 | T14: 1 | V14: CEBAS | W14: =+IF(V14="","",IF(MID(V14,1,3)="ECE","UNICO",IF(V14="FINES",CONCATENATE("R",IF(OR(C14="16",C14="21",C14="22",C14="23"),"16212223",IF(OR(C14="15",C14="17",C14="24",C14="25"),"15172425",C14))),IF(V14="CEBAS","UNICO",IF(VALUE(C14)<=11,"AMBA","INTERIOR"))))) -> UNICO | X14: =+IF(V14="","-",CONCATENATE(V14,"_",W14)) -> CEBAS_UNICO | Y14: 0.28876384 | Z14: =+IFERROR(VLOOKUP(H14,#REF!,2,FALSE),"-") -> - | AA14: CON | AB14: =+IF(W14="","-",IF(W14="UNICO","CENSO","MUESTRA")) -> CENSO | AC14: ULTIMOS | AD14: -
A15: =+H15 -> 0005DS0010 | B15: Un.Serv. | C15: 02 | D15: 005 | E15: Avellaneda | F15: 610303 | G15: 0 | H15: 0005DS0010 | I15: Oficial | J15: CENTRO ESPECIALIZADO PARA ADULTOS CON ORIENTACIÓN EN SALUD (CEBAS) | K15: SEDE | M15: C.E.B.A.S. N 10 | N15: Urbano | O15: No | P15: Educación de Jóvenes y Adultos | Q15: Nivel Secundario | R15: 124 | S15: 6 | T15: 1 | V15: CEBAS | W15: =+IF(V15="","",IF(MID(V15,1,3)="ECE","UNICO",IF(V15="FINES",CONCATENATE("R",IF(OR(C15="16",C15="21",C15="22",C15="23"),"16212223",IF(OR(C15="15",C15="17",C15="24",C15="25"),"15172425",C15))),IF(V15="CEBAS","UNICO",IF(VALUE(C15)<=11,"AMBA","INTERIOR"))))) -> UNICO | X15: =+IF(V15="","-",CONCATENATE(V15,"_",W15)) -> CEBAS_UNICO | Y15: 0.29353985 | Z15: =+IFERROR(VLOOKUP(H15,#REF!,2,FALSE),"-") -> - | AA15: CON | AB15: =+IF(W15="","-",IF(W15="UNICO","CENSO","MUESTRA")) -> CENSO | AC15: PRIMEROS | AD15: -
A16: =+H16 -> 0071DS0029 | B16: Un.Serv. | C16: 08 | D16: 071 | E16: Merlo | F16: 616233 | G16: 0 | H16: 0071DS0029 | I16: Oficial | J16: CENTRO ESPECIALIZADO PARA ADULTOS CON ORIENTACIÓN EN SALUD (CEBAS) | K16: SEDE | M16: C.E.B.A.S. N 29 | N16: Urbano | O16: No | P16: Educación de Jóvenes y Adultos | Q16: Nivel Secundario | R16: 102 | S16: 6 | T16: 1 | V16: CEBAS | W16: =+IF(V16="","",IF(MID(V16,1,3)="ECE","UNICO",IF(V16="FINES",CONCATENATE("R",IF(OR(C16="16",C16="21",C16="22",C16="23"),"16212223",IF(OR(C16="15",C16="17",C16="24",C16="25"),"15172425",C16))),IF(V16="CEBAS","UNICO",IF(VALUE(C16)<=11,"AMBA","INTERIOR"))))) -> UNICO | X16: =+IF(V16="","-",CONCATENATE(V16,"_",W16)) -> CEBAS_UNICO | Y16: 0.3499111 | Z16: =+IFERROR(VLOOKUP(H16,#REF!,2,FALSE),"-") -> - | AA16: CON | AB16: =+IF(W16="","-",IF(W16="UNICO","CENSO","MUESTRA")) -> CENSO | AC16: ULTIMOS | AD16: -
A17: =+H17 -> 0132DS0039 | B17: Un.Serv. | C17: 09 | D17: 132 | E17: José C. Paz | F17: 619103 | G17: 0 | H17: 0132DS0039 | I17: Oficial | J17: CENTRO ESPECIALIZADO PARA ADULTOS CON ORIENTACIÓN EN SALUD (CEBAS) | K17: SEDE | M17: C.E.B.A.S. N 39 | N17: Urbano | O17: No | P17: Educación de Jóvenes y Adultos | Q17: Nivel Secundario | R17: 96 | S17: 6 | T17: 1 | V17: CEBAS | W17: =+IF(V17="","",IF(MID(V17,1,3)="ECE","UNICO",IF(V17="FINES",CONCATENATE("R",IF(OR(C17="16",C17="21",C17="22",C17="23"),"16212223",IF(OR(C17="15",C17="17",C17="24",C17="25"),"15172425",C17))),IF(V17="CEBAS","UNICO",IF(VALUE(C17)<=11,"AMBA","INTERIOR"))))) -> UNICO | X17: =+IF(V17="","-",CONCATENATE(V17,"_",W17)) -> CEBAS_UNICO | Y17: 0.41227043 | Z17: =+IFERROR(VLOOKUP(H17,#REF!,2,FALSE),"-") -> - | AA17: CON | AB17: =+IF(W17="","-",IF(W17="UNICO","CENSO","MUESTRA")) -> CENSO | AC17: PRIMEROS | AD17: -
A18: =+H18 -> 0116DS0037 | B18: Un.Serv. | C18: 11 | D18: 116 | E18: Escobar | F18: 616870 | G18: 0 | H18: 0116DS0037 | I18: Oficial | J18: CENTRO ESPECIALIZADO PARA ADULTOS CON ORIENTACIÓN EN SALUD (CEBAS) | K18: SEDE | M18: C.E.B.A.S. N 37 | N18: Urbano | O18: No | P18: Educación de Jóvenes y Adultos | Q18: Nivel Secundario | R18: 54 | S18: 3 | T18: 1 | V18: CEBAS | W18: =+IF(V18="","",IF(MID(V18,1,3)="ECE","UNICO",IF(V18="FINES",CONCATENATE("R",IF(OR(C18="16",C18="21",C18="22",C18="23"),"16212223",IF(OR(C18="15",C18="17",C18="24",C18="25"),"15172425",C18))),IF(V18="CEBAS","UNICO",IF(VALUE(C18)<=11,"AMBA","INTERIOR"))))) -> UNICO | X18: =+IF(V18="","-",CONCATENATE(V18,"_",W18)) -> CEBAS_UNICO | Y18: 0.46929595 | Z18: =+IFERROR(VLOOKUP(H18,#REF!,2,FALSE),"-") -> - | AA18: CON | AB18: =+IF(W18="","-",IF(W18="UNICO","CENSO","MUESTRA")) -> CENSO | AC18: ULTIMOS | AD18: -
A19: =+H19 -> 0119DS0017 | B19: Un.Serv. | C19: 04 | D19: 119 | E19: Berazategui | F19: 614624 | G19: 0 | H19: 0119DS0017 | I19: Oficial | J19: CENTRO ESPECIALIZADO PARA ADULTOS CON ORIENTACIÓN EN SALUD (CEBAS) | K19: SEDE | M19: C.E.B.A.S. N 17 | N19: Urbano | O19: No | P19: Educación de Jóvenes y Adultos | Q19: Nivel Secundario | R19: 86 | S19: 6 | T19: 1 | V19: CEBAS | W19: =+IF(V19="","",IF(MID(V19,1,3)="ECE","UNICO",IF(V19="FINES",CONCATENATE("R",IF(OR(C19="16",C19="21",C19="22",C19="23"),"16212223",IF(OR(C19="15",C19="17",C19="24",C19="25"),"15172425",C19))),IF(V19="CEBAS","UNICO",IF(VALUE(C19)<=11,"AMBA","INTERIOR"))))) -> UNICO | X19: =+IF(V19="","-",CONCATENATE(V19,"_",W19)) -> CEBAS_UNICO | Y19: 0.47318311 | Z19: =+IFERROR(VLOOKUP(H19,#REF!,2,FALSE),"-") -> - | AA19: CON | AB19: =+IF(W19="","-",IF(W19="UNICO","CENSO","MUESTRA")) -> CENSO | AC19: PRIMEROS | AD19: -
A20: =+H20 -> 0001DS2480 | B20: Un.Serv. | C20: 01 | D20: 001 | E20: La Plata | F20: 620508 | G20: 1 | H20: 0001DS2480 | I20: Oficial | J20: CENTRO ESPECIALIZADO PARA ADULTOS CON ORIENTACIÓN EN SALUD (CEBAS) | K20: EXTENSION | L20: 0001DS0048 | M20: C.E.B.A.S. N 48 - EXTENSIÓN N 2480 | N20: Urbano | O20: No | P20: Educación de Jóvenes y Adultos | Q20: Nivel Secundario | R20: 77 | S20: 3 | T20: 1 | V20: CEBAS | W20: =+IF(V20="","",IF(MID(V20,1,3)="ECE","UNICO",IF(V20="FINES",CONCATENATE("R",IF(OR(C20="16",C20="21",C20="22",C20="23"),"16212223",IF(OR(C20="15",C20="17",C20="24",C20="25"),"15172425",C20))),IF(V20="CEBAS","UNICO",IF(VALUE(C20)<=11,"AMBA","INTERIOR"))))) -> UNICO | X20: =+IF(V20="","-",CONCATENATE(V20,"_",W20)) -> CEBAS_UNICO | Y20: 0.62820226 | Z20: =+IFERROR(VLOOKUP(H20,#REF!,2,FALSE),"-") -> - | AA20: CON | AB20: =+IF(W20="","-",IF(W20="UNICO","CENSO","MUESTRA")) -> CENSO | AC20: PRIMEROS | AD20: -
A21: =+H21 -> 0069DS0004 | B21: Un.Serv. | C21: 03 | D21: 069 | E21: La Matanza | F21: 607939 | G21: 0 | H21: 0069DS0004 | I21: Oficial | J21: CENTRO ESPECIALIZADO PARA ADULTOS CON ORIENTACIÓN EN SALUD (CEBAS) | K21: SEDE | M21: C.E.B.A.S. N 4 "IRMA LACIAR" | N21: Urbano | O21: No | P21: Educación de Jóvenes y Adultos | Q21: Nivel Secundario | R21: 82 | S21: 6 | T21: 1 | V21: CEBAS | W21: =+IF(V21="","",IF(MID(V21,1,3)="ECE","UNICO",IF(V21="FINES",CONCATENATE("R",IF(OR(C21="16",C21="21",C21="22",C21="23"),"16212223",IF(OR(C21="15",C21="17",C21="24",C21="25"),"15172425",C21))),IF(V21="CEBAS","UNICO",IF(VALUE(C21)<=11,"AMBA","INTERIOR"))))) -> UNICO | X21: =+IF(V21="","-",CONCATENATE(V21,"_",W21)) -> CEBAS_UNICO | Y21: 0.6792475 | Z21: =+IFERROR(VLOOKUP(H21,#REF!,2,FALSE),"-") -> - | AA21: CON | AB21: =+IF(W21="","-",IF(W21="UNICO","CENSO","MUESTRA")) -> CENSO | AC21: ULTIMOS | AD21: -
A22: =+H22 -> 0109DM0452 | B22: Un.Serv. | C22: 06 | D22: 109 | E22: Vicente López | F22: 623684 | G22: 0 | H22: 0109DM0452 | I22: Oficial | J22: CENTRO EDUCATIVO DE NIVEL SECUNDARIO (C.E.N.S.) | K22: SEDE | M22: CENS 452 "JORGE ALBERTO TAIANA" | N22: Urbano | O22: No | P22: Educación de Jóvenes y Adultos | Q22: Nivel Secundario | R22: 118 | S22: 9 | T22: 1 | V22: CENS | W22: =+IF(V22="","",IF(MID(V22,1,3)="ECE","UNICO",IF(V22="FINES",CONCATENATE("R",IF(OR(C22="16",C22="21",C22="22",C22="23"),"16212223",IF(OR(C22="15",C22="17",C22="24",C22="25"),"15172425",C22))),IF(V22="CEBAS","UNICO",IF(VALUE(C22)<=11,"AMBA","INTERIOR"))))) -> AMBA | X22: =+IF(V22="","-",CONCATENATE(V22,"_",W22)) -> CENS_AMBA | Y22: 0.018129991 | Z22: =+IFERROR(VLOOKUP(H22,#REF!,2,FALSE),"-") -> - | AA22: CON | AB22: =+IF(W22="","-",IF(W22="UNICO","CENSO","MUESTRA")) -> MUESTRA | AC22: PRIMEROS | AD22: -
A23: =+H23 -> 0062DM0456 | B23: Un.Serv. | C23: 02 | D23: 062 | E23: Lomas de Zamora | F23: 602517 | G23: 0 | H23: 0062DM0456 | I23: Oficial | J23: CENTRO EDUCATIVO DE NIVEL SECUNDARIO (C.E.N.S.) | K23: SEDE | M23: CENS 456 | N23: Urbano | O23: No | P23: Educación de Jóvenes y Adultos | Q23: Nivel Secundario | R23: 398 | S23: 24 | T23: 1 | V23: CENS | W23: =+IF(V23="","",IF(MID(V23,1,3)="ECE","UNICO",IF(V23="FINES",CONCATENATE("R",IF(OR(C23="16",C23="21",C23="22",C23="23"),"16212223",IF(OR(C23="15",C23="17",C23="24",C23="25"),"15172425",C23))),IF(V23="CEBAS","UNICO",IF(VALUE(C23)<=11,"AMBA","INTERIOR"))))) -> AMBA | X23: =+IF(V23="","-",CONCATENATE(V23,"_",W23)) -> CENS_AMBA | Y23: 0.078160366 | Z23: =+IFERROR(VLOOKUP(H23,#REF!,2,FALSE),"-") -> - | AA23: CON | AB23: =+IF(W23="","-",IF(W23="UNICO","CENSO","MUESTRA")) -> MUESTRA | AC23: PRIMEROS | AD23: -
A24: =+H24 -> 0045DM0452 | B24: Un.Serv. | C24: 07 | D24: 045 | E24: General San Martín | F24: 604217 | G24: 0 | H24: 0045DM0452 | I24: Oficial | J24: CENTRO EDUCATIVO DE NIVEL SECUNDARIO (C.E.N.S.) | K24: SEDE | M24: CENS 452 | N24: Urbano | O24: Sí | P24: Educación de Jóvenes y Adultos | Q24: Nivel Secundario | R24: 238 | S24: 13 | T24: 1 | V24: CENS | W24: =+IF(V24="","",IF(MID(V24,1,3)="ECE","UNICO",IF(V24="FINES",CONCATENATE("R",IF(OR(C24="16",C24="21",C24="22",C24="23"),"16212223",IF(OR(C24="15",C24="17",C24="24",C24="25"),"15172425",C24))),IF(V24="CEBAS","UNICO",IF(VALUE(C24)<=11,"AMBA","INTERIOR"))))) -> AMBA | X24: =+IF(V24="","-",CONCATENATE(V24,"_",W24)) -> CENS_AMBA | Y24: 0.079491764 | Z24: =+IFERROR(VLOOKUP(H24,#REF!,2,FALSE),"-") -> - | AA24: CON | AB24: =+IF(W24="","-",IF(W24="UNICO","CENSO","MUESTRA")) -> MUESTRA | AC24: ULTIMOS | AD24: -
A25: =+H25 -> 0100DM0458 | B25: Un.Serv. | C25: 08 | D25: 100 | E25: Morón | F25: 623719 | G25: 0 | H25: 0100DM0458 | I25: Oficial | J25: CENTRO EDUCATIVO DE NIVEL SECUNDARIO (C.E.N.S.) | K25: SEDE | M25: CENS 458 | N25: Urbano | O25: No | P25: Educación de Jóvenes y Adultos | Q25: Nivel Secundario | R25: 123 | S25: 11 | T25: 1 | V25: CENS | W25: =+IF(V25="","",IF(MID(V25,1,3)="ECE","UNICO",IF(V25="FINES",CONCATENATE("R",IF(OR(C25="16",C25="21",C25="22",C25="23"),"16212223",IF(OR(C25="15",C25="17",C25="24",C25="25"),"15172425",C25))),IF(V25="CEBAS","UNICO",IF(VALUE(C25)<=11,"AMBA","INTERIOR"))))) -> AMBA | X25: =+IF(V25="","-",CONCATENATE(V25,"_",W25)) -> CENS_AMBA | Y25: 0.09014573 | Z25: =+IFERROR(VLOOKUP(H25,#REF!,2,FALSE),"-") -> - | AA25: CON | AB25: =+IF(W25="","-",IF(W25="UNICO","CENSO","MUESTRA")) -> MUESTRA | AC25: PRIMEROS | AD25: -
A26: =+H26 -> 0096DM0458 | B26: Un.Serv. | C26: 06 | D26: 096 | E26: San Isidro | F26: 623674 | G26: 0 | H26: 0096DM0458 | I26: Oficial | J26: CENTRO EDUCATIVO DE NIVEL SECUNDARIO (C.E.N.S.) | K26: SEDE | M26: CENS 458 | N26: Urbano | O26: No | P26: Educación de Jóvenes y Adultos | Q26: Nivel Secundario | R26: 201 | S26: 9 | T26: 1 | V26: CENS | W26: =+IF(V26="","",IF(MID(V26,1,3)="ECE","UNICO",IF(V26="FINES",CONCATENATE("R",IF(OR(C26="16",C26="21",C26="22",C26="23"),"16212223",IF(OR(C26="15",C26="17",C26="24",C26="25"),"15172425",C26))),IF(V26="CEBAS","UNICO",IF(VALUE(C26)<=11,"AMBA","INTERIOR"))))) -> AMBA | X26: =+IF(V26="","-",CONCATENATE(V26,"_",W26)) -> CENS_AMBA | Y26: 0.094259013 | Z26: =+IFERROR(VLOOKUP(H26,#REF!,2,FALSE),"-") -> - | AA26: CON | AB26: =+IF(W26="","-",IF(W26="UNICO","CENSO","MUESTRA")) -> MUESTRA | AC26: PRIMEROS | AD26: -
A27: =+H27 -> 0001DM0465 | B27: Un.Serv. | C27: 01 | D27: 001 | E27: La Plata | F27: 623591 | G27: 0 | H27: 0001DM0465 | I27: Oficial | J27: CENTRO EDUCATIVO DE NIVEL SECUNDARIO (C.E.N.S.) | K27: SEDE | M27: CENS 465 | N27: Urbano | O27: No | P27: Educación de Jóvenes y Adultos | Q27: Nivel Secundario | R27: 63 | S27: 8 | T27: 1 | V27: CENS | W27: =+IF(V27="","",IF(MID(V27,1,3)="ECE","UNICO",IF(V27="FINES",CONCATENATE("R",IF(OR(C27="16",C27="21",C27="22",C27="23"),"16212223",IF(OR(C27="15",C27="17",C27="24",C27="25"),"15172425",C27))),IF(V27="CEBAS","UNICO",IF(VALUE(C27)<=11,"AMBA","INTERIOR"))))) -> AMBA | X27: =+IF(V27="","-",CONCATENATE(V27,"_",W27)) -> CENS_AMBA | Y27: 0.099921968 | Z27: =+IFERROR(VLOOKUP(H27,#REF!,2,FALSE),"-") -> - | AA27: CON | AB27: =+IF(W27="","-",IF(W27="UNICO","CENSO","MUESTRA")) -> MUESTRA | AC27: PRIMEROS | AD27: -
A28: =+H28 -> 0111DM0457 | B28: Un.Serv. | C28: 02 | D28: 111 | E28: Lanús | F28: 623599 | G28: 0 | H28: 0111DM0457 | I28: Oficial | J28: CENTRO EDUCATIVO DE NIVEL SECUNDARIO (C.E.N.S.) | K28: SEDE | M28: CENS 457 "MARY SÁNCHEZ" | N28: Urbano | O28: No | P28: Educación de Jóvenes y Adultos | Q28: Nivel Secundario | R28: 299 | S28: 12 | T28: 1 | V28: CENS | W28: =+IF(V28="","",IF(MID(V28,1,3)="ECE","UNICO",IF(V28="FINES",CONCATENATE("R",IF(OR(C28="16",C28="21",C28="22",C28="23"),"16212223",IF(OR(C28="15",C28="17",C28="24",C28="25"),"15172425",C28))),IF(V28="CEBAS","UNICO",IF(VALUE(C28)<=11,"AMBA","INTERIOR"))))) -> AMBA | X28: =+IF(V28="","-",CONCATENATE(V28,"_",W28)) -> CENS_AMBA | Y28: 0.10202887 | Z28: =+IFERROR(VLOOKUP(H28,#REF!,2,FALSE),"-") -> - | AA28: CON | AB28: =+IF(W28="","-",IF(W28="UNICO","CENSO","MUESTRA")) -> MUESTRA | AC28: PRIMEROS | AD28: -
A29: =+H29 -> 0001DM0476 | B29: Un.Serv. | C29: 01 | D29: 001 | E29: La Plata | F29: 624407 | G29: 0 | H29: 0001DM0476 | I29: Oficial | J29: CENTRO EDUCATIVO DE NIVEL SECUNDARIO (C.E.N.S.) | K29: SEDE | M29: CENS 476 | N29: Urbano | O29: No | P29: Educación de Jóvenes y Adultos | Q29: Nivel Secundario | R29: 64 | S29: 9 | T29: 1 | V29: CENS | W29: =+IF(V29="","",IF(MID(V29,1,3)="ECE","UNICO",IF(V29="FINES",CONCATENATE("R",IF(OR(C29="16",C29="21",C29="22",C29="23"),"16212223",IF(OR(C29="15",C29="17",C29="24",C29="25"),"15172425",C29))),IF(V29="CEBAS","UNICO",IF(VALUE(C29)<=11,"AMBA","INTERIOR"))))) -> AMBA | X29: =+IF(V29="","-",CONCATENATE(V29,"_",W29)) -> CENS_AMBA | Y29: 0.10650747 | Z29: =+IFERROR(VLOOKUP(H29,#REF!,2,FALSE),"-") -> - | AA29: CON | AB29: =+IF(W29="","-",IF(W29="UNICO","CENSO","MUESTRA")) -> MUESTRA | AC29: ULTIMOS | AD29: -
A30: =+H30 -> 0062DM0452 | B30: Un.Serv. | C30: 02 | D30: 062 | E30: Lomas de Zamora | F30: 602730 | G30: 0 | H30: 0062DM0452 | I30: Oficial | J30: CENTRO EDUCATIVO DE NIVEL SECUNDARIO (C.E.N.S.) | K30: SEDE | M30: CENS 452 | N30: Urbano | O30: No | P30: Educación de Jóvenes y Adultos | Q30: Nivel Secundario | R30: 252 | S30: 21 | T30: 1 | V30: CENS | W30: =+IF(V30="","",IF(MID(V30,1,3)="ECE","UNICO",IF(V30="FINES",CONCATENATE("R",IF(OR(C30="16",C30="21",C30="22",C30="23"),"16212223",IF(OR(C30="15",C30="17",C30="24",C30="25"),"15172425",C30))),IF(V30="CEBAS","UNICO",IF(VALUE(C30)<=11,"AMBA","INTERIOR"))))) -> AMBA | X30: =+IF(V30="","-",CONCATENATE(V30,"_",W30)) -> CENS_AMBA | Y30: 0.11244939 | Z30: =+IFERROR(VLOOKUP(H30,#REF!,2,FALSE),"-") -> - | AA30: CON | AB30: =+IF(W30="","-",IF(W30="UNICO","CENSO","MUESTRA")) -> MUESTRA | AC30: ULTIMOS | AD30: -
A31: =+H31 -> 0062DM3724 | B31: Un.Serv. | C31: 02 | D31: 062 | E31: Lomas de Zamora | F31: 624645 | G31: 4 | H31: 0062DM3724 | I31: Oficial | J31: CENTRO EDUCATIVO DE NIVEL SECUNDARIO (C.E.N.S.) | K31: ANEXO | L31: 0062DM0472 | M31: CENS 472 - ANEXO 4 | N31: Urbano | O31: No | P31: Educación de Jóvenes y Adultos | Q31: Nivel Secundario | R31: 39 | S31: 3 | T31: 1 | V31: CENS | W31: =+IF(V31="","",IF(MID(V31,1,3)="ECE","UNICO",IF(V31="FINES",CONCATENATE("R",IF(OR(C31="16",C31="21",C31="22",C31="23"),"16212223",IF(OR(C31="15",C31="17",C31="24",C31="25"),"15172425",C31))),IF(V31="CEBAS","UNICO",IF(VALUE(C31)<=11,"AMBA","INTERIOR"))))) -> AMBA | X31: =+IF(V31="","-",CONCATENATE(V31,"_",W31)) -> CENS_AMBA | Y31: 0.11556709 | Z31: =+IFERROR(VLOOKUP(H31,#REF!,2,FALSE),"-") -> - | AA31: CON | AB31: =+IF(W31="","-",IF(W31="UNICO","CENSO","MUESTRA")) -> MUESTRA | AC31: ULTIMOS | AD31: -
A32: =+H32 -> 0001DM0469 | B32: Un.Serv. | C32: 01 | D32: 001 | E32: La Plata | F32: 606407 | G32: 0 | H32: 0001DM0469 | I32: Oficial | J32: CENTRO EDUCATIVO DE NIVEL SECUNDARIO (C.E.N.S.) | K32: SEDE | M32: CENS 469 "ALICIA MOREAU DE JUSTO" | N32: Urbano | O32: No | P32: Educación de Jóvenes y Adultos | Q32: Nivel Secundario | R32: 167 | S32: 11 | T32: 1 | V32: CENS | W32: =+IF(V32="","",IF(MID(V32,1,3)="ECE","UNICO",IF(V32="FINES",CONCATENATE("R",IF(OR(C32="16",C32="21",C32="22",C32="23"),"16212223",IF(OR(C32="15",C32="17",C32="24",C32="25"),"15172425",C32))),IF(V32="CEBAS","UNICO",IF(VALUE(C32)<=11,"AMBA","INTERIOR"))))) -> AMBA | X32: =+IF(V32="","-",CONCATENATE(V32,"_",W32)) -> CENS_AMBA | Y32: 0.11938538 | Z32: =+IFERROR(VLOOKUP(H32,#REF!,2,FALSE),"-") -> - | AA32: CON | AB32: =+IF(W32="","-",IF(W32="UNICO","CENSO","MUESTRA")) -> MUESTRA | AC32: ULTIMOS | AD32: -
A33: =+H33 -> 0001DM0453 | B33: Un.Serv. | C33: 01 | D33: 001 | E33: La Plata | F33: 620391 | G33: 0 | H33: 0001DM0453 | I33: Oficial | J33: CENTRO EDUCATIVO DE NIVEL SECUNDARIO (C.E.N.S.) | K33: SEDE | M33: CENS 453 | N33: Urbano | O33: No | P33: Educación de Jóvenes y Adultos | Q33: Nivel Secundario | R33: 234 | S33: 11 | T33: 1 | V33: CENS | W33: =+IF(V33="","",IF(MID(V33,1,3)="ECE","UNICO",IF(V33="FINES",CONCATENATE("R",IF(OR(C33="16",C33="21",C33="22",C33="23"),"16212223",IF(OR(C33="15",C33="17",C33="24",C33="25"),"15172425",C33))),IF(V33="CEBAS","UNICO",IF(VALUE(C33)<=11,"AMBA","INTERIOR"))))) -> AMBA | X33: =+IF(V33="","-",CONCATENATE(V33,"_",W33)) -> CENS_AMBA | Y33: 0.12524939 | Z33: =+IFERROR(VLOOKUP(H33,#REF!,2,FALSE),"-") -> - | AA33: CON | AB33: =+IF(W33="","-",IF(W33="UNICO","CENSO","MUESTRA")) -> MUESTRA | AC33: ULTIMOS | AD33: -
A34: =+H34 -> 0045DM0458 | B34: Un.Serv. | C34: 07 | D34: 045 | E34: General San Martín | F34: 614694 | G34: 0 | H34: 0045DM0458 | I34: Oficial | J34: CENTRO EDUCATIVO DE NIVEL SECUNDARIO (C.E.N.S.) | K34: SEDE | M34: CENS 458 "PROFESOR RAMÓN CARRILLO" | N34: Urbano | O34: No | P34: Educación de Jóvenes y Adultos | Q34: Nivel Secundario | R34: 142 | S34: 8 | T34: 1 | V34: CENS | W34: =+IF(V34="","",IF(MID(V34,1,3)="ECE","UNICO",IF(V34="FINES",CONCATENATE("R",IF(OR(C34="16",C34="21",C34="22",C34="23"),"16212223",IF(OR(C34="15",C34="17",C34="24",C34="25"),"15172425",C34))),IF(V34="CEBAS","UNICO",IF(VALUE(C34)<=11,"AMBA","INTERIOR"))))) -> AMBA | X34: =+IF(V34="","-",CONCATENATE(V34,"_",W34)) -> CENS_AMBA | Y34: 0.12557191 | Z34: =+IFERROR(VLOOKUP(H34,#REF!,2,FALSE),"-") -> - | AA34: CON | AB34: =+IF(W34="","-",IF(W34="UNICO","CENSO","MUESTRA")) -> MUESTRA | AC34: PRIMEROS | AD34: -
A35: =+H35 -> 0001DM0463 | B35: Un.Serv. | C35: 01 | D35: 001 | E35: La Plata | F35: 602865 | G35: 0 | H35: 0001DM0463 | I35: Oficial | J35: CENTRO EDUCATIVO DE NIVEL SECUNDARIO (C.E.N.S.) | K35: SEDE | M35: CENS 463 | N35: Urbano | O35: No | P35: Educación de Jóvenes y Adultos | Q35: Nivel Secundario | R35: 136 | S35: 17 | T35: 1 | V35: CENS | W35: =+IF(V35="","",IF(MID(V35,1,3)="ECE","UNICO",IF(V35="FINES",CONCATENATE("R",IF(OR(C35="16",C35="21",C35="22",C35="23"),"16212223",IF(OR(C35="15",C35="17",C35="24",C35="25"),"15172425",C35))),IF(V35="CEBAS","UNICO",IF(VALUE(C35)<=11,"AMBA","INTERIOR"))))) -> AMBA | X35: =+IF(V35="","-",CONCATENATE(V35,"_",W35)) -> CENS_AMBA | Y35: 0.12561181 | Z35: =+IFERROR(VLOOKUP(H35,#REF!,2,FALSE),"-") -> - | AA35: CON | AB35: =+IF(W35="","-",IF(W35="UNICO","CENSO","MUESTRA")) -> MUESTRA | AC35: PRIMEROS | AD35: -
A36: =+H36 -> 0001DM0468 | B36: Un.Serv. | C36: 01 | D36: 001 | E36: La Plata | F36: 608823 | G36: 0 | H36: 0001DM0468 | I36: Oficial | J36: CENTRO EDUCATIVO DE NIVEL SECUNDARIO (C.E.N.S.) | K36: SEDE | M36: CENS 468 | N36: Urbano | O36: No | P36: Educación de Jóvenes y Adultos | Q36: Nivel Secundario | R36: 83 | S36: 6 | T36: 1 | V36: CENS | W36: =+IF(V36="","",IF(MID(V36,1,3)="ECE","UNICO",IF(V36="FINES",CONCATENATE("R",IF(OR(C36="16",C36="21",C36="22",C36="23"),"16212223",IF(OR(C36="15",C36="17",C36="24",C36="25"),"15172425",C36))),IF(V36="CEBAS","UNICO",IF(VALUE(C36)<=11,"AMBA","INTERIOR"))))) -> AMBA | X36: =+IF(V36="","-",CONCATENATE(V36,"_",W36)) -> CENS_AMBA | Y36: 0.12627655 | Z36: =+IFERROR(VLOOKUP(H36,#REF!,2,FALSE),"-") -> - | AA36: CON | AB36: =+IF(W36="","-",IF(W36="UNICO","CENSO","MUESTRA")) -> MUESTRA | AC36: PRIMEROS | AD36: -
A37: =+H37 -> 0069DM0485 | B37: Un.Serv. | C37: 03 | D37: 069 | E37: La Matanza | F37: 623614 | G37: 0 | H37: 0069DM0485 | I37: Oficial | J37: CENTRO EDUCATIVO DE NIVEL SECUNDARIO (C.E.N.S.) | K37: SEDE | M37: CENS 485 "CLAUDIA FALCONE" | N37: Urbano | O37: No | P37: Educación de Jóvenes y Adultos | Q37: Nivel Secundario | R37: 115 | S37: 9 | T37: 1 | V37: CENS | W37: =+IF(V37="","",IF(MID(V37,1,3)="ECE","UNICO",IF(V37="FINES",CONCATENATE("R",IF(OR(C37="16",C37="21",C37="22",C37="23"),"16212223",IF(OR(C37="15",C37="17",C37="24",C37="25"),"15172425",C37))),IF(V37="CEBAS","UNICO",IF(VALUE(C37)<=11,"AMBA","INTERIOR"))))) -> AMBA | X37: =+IF(V37="","-",CONCATENATE(V37,"_",W37)) -> CENS_AMBA | Y37: 0.12728534 | Z37: =+IFERROR(VLOOKUP(H37,#REF!,2,FALSE),"-") -> - | AA37: CON | AB37: =+IF(W37="","-",IF(W37="UNICO","CENSO","MUESTRA")) -> MUESTRA | AC37: ULTIMOS | AD37: -
A38: =+H38 -> 0117DM0452 | B38: Un.Serv. | C38: 07 | D38: 117 | E38: Tres de Febrero | F38: 623693 | G38: 0 | H38: 0117DM0452 | I38: Oficial | J38: CENTRO EDUCATIVO DE NIVEL SECUNDARIO (C.E.N.S.) | K38: SEDE | M38: CENS 452 "RENÉ FAVALORO" | N38: Urbano | O38: Sí | P38: Educación de Jóvenes y Adultos | Q38: Nivel Secundario | R38: 165 | S38: 8 | T38: 1 | V38: CENS | W38: =+IF(V38="","",IF(MID(V38,1,3)="ECE","UNICO",IF(V38="FINES",CONCATENATE("R",IF(OR(C38="16",C38="21",C38="22",C38="23"),"16212223",IF(OR(C38="15",C38="17",C38="24",C38="25"),"15172425",C38))),IF(V38="CEBAS","UNICO",IF(VALUE(C38)<=11,"AMBA","INTERIOR"))))) -> AMBA | X38: =+IF(V38="","-",CONCATENATE(V38,"_",W38)) -> CENS_AMBA | Y38: 0.12868268 | Z38: =+IFERROR(VLOOKUP(H38,#REF!,2,FALSE),"-") -> - | AA38: CON | AB38: =+IF(W38="","-",IF(W38="UNICO","CENSO","MUESTRA")) -> MUESTRA | AC38: ULTIMOS | AD38: -
A39: =+H39 -> 0111DM0452 | B39: Un.Serv. | C39: 02 | D39: 111 | E39: Lanús | F39: 605065 | G39: 0 | H39: 0111DM0452 | I39: Oficial | J39: CENTRO EDUCATIVO DE NIVEL SECUNDARIO (C.E.N.S.) | K39: SEDE | M39: CENS 452 | N39: Urbano | O39: No | P39: Educación de Jóvenes y Adultos | Q39: Nivel Secundario | R39: 556 | S39: 64 | T39: 1 | V39: CENS | W39: =+IF(V39="","",IF(MID(V39,1,3)="ECE","UNICO",IF(V39="FINES",CONCATENATE("R",IF(OR(C39="16",C39="21",C39="22",C39="23"),"16212223",IF(OR(C39="15",C39="17",C39="24",C39="25"),"15172425",C39))),IF(V39="CEBAS","UNICO",IF(VALUE(C39)<=11,"AMBA","INTERIOR"))))) -> AMBA | X39: =+IF(V39="","-",CONCATENATE(V39,"_",W39)) -> CENS_AMBA | Y39: 0.13554969 | Z39: =+IFERROR(VLOOKUP(H39,#REF!,2,FALSE),"-") -> - | AA39: CON | AB39: =+IF(W39="","-",IF(W39="UNICO","CENSO","MUESTRA")) -> MUESTRA | AC39: PRIMEROS | AD39: -
A40: =+H40 -> 0096DM0452 | B40: Un.Serv. | C40: 06 | D40: 096 | E40: San Isidro | F40: 614309 | G40: 0 | H40: 0096DM0452 | I40: Oficial | J40: CENTRO EDUCATIVO DE NIVEL SECUNDARIO (C.E.N.S.) | K40: SEDE | M40: CENS 452 "DR. RAÚL RICARDO ALFONSÍN" | N40: Urbano | O40: No | P40: Educación de Jóvenes y Adultos | Q40: Nivel Secundario | R40: 146 | S40: 9 | T40: 1 | V40: CENS | W40: =+IF(V40="","",IF(MID(V40,1,3)="ECE","UNICO",IF(V40="FINES",CONCATENATE("R",IF(OR(C40="16",C40="21",C40="22",C40="23"),"16212223",IF(OR(C40="15",C40="17",C40="24",C40="25"),"15172425",C40))),IF(V40="CEBAS","UNICO",IF(VALUE(C40)<=11,"AMBA","INTERIOR"))))) -> AMBA | X40: =+IF(V40="","-",CONCATENATE(V40,"_",W40)) -> CENS_AMBA | Y40: 0.13575546 | Z40: =+IFERROR(VLOOKUP(H40,#REF!,2,FALSE),"-") -> - | AA40: CON | AB40: =+IF(W40="","-",IF(W40="UNICO","CENSO","MUESTRA")) -> MUESTRA | AC40: PRIMEROS | AD40: -
A41: =+H41 -> 0062DM0463 | B41: Un.Serv. | C41: 02 | D41: 062 | E41: Lomas de Zamora | F41: 623600 | G41: 0 | H41: 0062DM0463 | I41: Oficial | J41: CENTRO EDUCATIVO DE NIVEL SECUNDARIO (C.E.N.S.) | K41: SEDE | M41: CENS 463 | N41: Urbano | O41: No | P41: Educación de Jóvenes y Adultos | Q41: Nivel Secundario | R41: 184 | S41: 8 | T41: 1 | V41: CENS | W41: =+IF(V41="","",IF(MID(V41,1,3)="ECE","UNICO",IF(V41="FINES",CONCATENATE("R",IF(OR(C41="16",C41="21",C41="22",C41="23"),"16212223",IF(OR(C41="15",C41="17",C41="24",C41="25"),"15172425",C41))),IF(V41="CEBAS","UNICO",IF(VALUE(C41)<=11,"AMBA","INTERIOR"))))) -> AMBA | X41: =+IF(V41="","-",CONCATENATE(V41,"_",W41)) -> CENS_AMBA | Y41: 0.13736091 | Z41: =+IFERROR(VLOOKUP(H41,#REF!,2,FALSE),"-") -> - | AA41: CON | AB41: =+IF(W41="","-",IF(W41="UNICO","CENSO","MUESTRA")) -> MUESTRA | AC41: ULTIMOS | AD41: -
A42: =+H42 -> 0100DM0464 | B42: Un.Serv. | C42: 08 | D42: 100 | E42: Morón | F42: 623724 | G42: 0 | H42: 0100DM0464 | I42: Oficial | J42: CENTRO EDUCATIVO DE NIVEL SECUNDARIO (C.E.N.S.) | K42: SEDE | M42: CENS 464 | N42: Urbano | O42: No | P42: Educación de Jóvenes y Adultos | Q42: Nivel Secundario | R42: 90 | S42: 6 | T42: 1 | V42: CENS | W42: =+IF(V42="","",IF(MID(V42,1,3)="ECE","UNICO",IF(V42="FINES",CONCATENATE("R",IF(OR(C42="16",C42="21",C42="22",C42="23"),"16212223",IF(OR(C42="15",C42="17",C42="24",C42="25"),"15172425",C42))),IF(V42="CEBAS","UNICO",IF(VALUE(C42)<=11,"AMBA","INTERIOR"))))) -> AMBA | X42: =+IF(V42="","-",CONCATENATE(V42,"_",W42)) -> CENS_AMBA | Y42: 0.14025847 | Z42: =+IFERROR(VLOOKUP(H42,#REF!,2,FALSE),"-") -> - | AA42: CON | AB42: =+IF(W42="","-",IF(W42="UNICO","CENSO","MUESTRA")) -> MUESTRA | AC42: PRIMEROS | AD42: -
A43: =+H43 -> 0001DM0458 | B43: Un.Serv. | C43: 01 | D43: 001 | E43: La Plata | F43: 602867 | G43: 0 | H43: 0001DM0458 | I43: Oficial | J43: CENTRO EDUCATIVO DE NIVEL SECUNDARIO (C.E.N.S.) | K43: SEDE | M43: CENS 458 | N43: Urbano | O43: No | P43: Educación de Jóvenes y Adultos | Q43: Nivel Secundario | R43: 108 | S43: 7 | T43: 1 | V43: CENS | W43: =+IF(V43="","",IF(MID(V43,1,3)="ECE","UNICO",IF(V43="FINES",CONCATENATE("R",IF(OR(C43="16",C43="21",C43="22",C43="23"),"16212223",IF(OR(C43="15",C43="17",C43="24",C43="25"),"15172425",C43))),IF(V43="CEBAS","UNICO",IF(VALUE(C43)<=11,"AMBA","INTERIOR"))))) -> AMBA | X43: =+IF(V43="","-",CONCATENATE(V43,"_",W43)) -> CENS_AMBA | Y43: 0.14412626 | Z43: =+IFERROR(VLOOKUP(H43,#REF!,2,FALSE),"-") -> - | AA43: CON | AB43: =+IF(W43="","-",IF(W43="UNICO","CENSO","MUESTRA")) -> MUESTRA | AC43: PRIMEROS | AD43: -
... A148: =+H148 -> 0099DM0452 | B148: Un.Serv. | C148: 05 | D148: 099 | E148: San Vicente | F148: 601539 | G148: 0 | H148: 0099DM0452 | I148: Oficial | J148: CENTRO EDUCATIVO DE NIVEL SECUNDARIO (C.E.N.S.) | K148: SEDE | M148: CENS 452 "BOMBEROS VOLUNTARIOS ARGENTINOS" | N148: Urbano | O148: No | P148: Educación de Jóvenes y Adultos | Q148: Nivel Secundario | R148: 193 | S148: 14 | T148: 1 | V148: CENS | W148: =+IF(V148="","",IF(MID(V148,1,3)="ECE","UNICO",IF(V148="FINES",CONCATENATE("R",IF(OR(C148="16",C148="21",C148="22",C148="23"),"16212223",IF(OR(C148="15",C148="17",C148="24",C148="25"),"15172425",C148))),IF(V148="CEBAS","UNICO",IF(VALUE(C148)<=11,"AMBA","INTERIOR"))))) -> AMBA | X148: =+IF(V148="","-",CONCATENATE(V148,"_",W148)) -> CENS_AMBA | Y148: 0.3858436 | Z148: =+IFERROR(VLOOKUP(H148,#REF!,2,FALSE),"-") -> - | AA148: CON | AB148: =+IF(W148="","-",IF(W148="UNICO","CENSO","MUESTRA")) -> MUESTRA | AC148: PRIMEROS | AD148: -
A149: =+H149 -> 0055DM2550 | B149: Un.Serv. | C149: 06 | D149: 055 | E149: Tigre | F149: 621165 | G149: 1 | H149: 0055DM2550 | I149: Oficial | J149: CENTRO EDUCATIVO DE NIVEL SECUNDARIO (C.E.N.S.) | K149: EXTENSION | L149: 0055DM0455 | M149: CENS 455 - EXTENSIÓN N 1 | N149: Urbano | O149: No | P149: Educación de Jóvenes y Adultos | Q149: Nivel Secundario | R149: 52 | S149: 3 | T149: 1 | V149: CENS | W149: =+IF(V149="","",IF(MID(V149,1,3)="ECE","UNICO",IF(V149="FINES",CONCATENATE("R",IF(OR(C149="16",C149="21",C149="22",C149="23"),"16212223",IF(OR(C149="15",C149="17",C149="24",C149="25"),"15172425",C149))),IF(V149="CEBAS","UNICO",IF(VALUE(C149)<=11,"AMBA","INTERIOR"))))) -> AMBA | X149: =+IF(V149="","-",CONCATENATE(V149,"_",W149)) -> CENS_AMBA | Y149: 0.388074 | Z149: =+IFERROR(VLOOKUP(H149,#REF!,2,FALSE),"-") -> - | AA149: CON | AB149: =+IF(W149="","-",IF(W149="UNICO","CENSO","MUESTRA")) -> MUESTRA | AC149: ULTIMOS | AD149: -
A150: =+H150 -> 0031DM0452 | B150: Un.Serv. | C150: 11 | D150: 031 | E150: Exaltación de la Cruz | F150: 623762 | G150: 0 | H150: 0031DM0452 | I150: Oficial | J150: CENTRO EDUCATIVO DE NIVEL SECUNDARIO (C.E.N.S.) | K150: SEDE | M150: CENS 452 | N150: Urbano | O150: No | P150: Educación de Jóvenes y Adultos | Q150: Nivel Secundario | R150: 63 | S150: 6 | T150: 1 | V150: CENS | W150: =+IF(V150="","",IF(MID(V150,1,3)="ECE","UNICO",IF(V150="FINES",CONCATENATE("R",IF(OR(C150="16",C150="21",C150="22",C150="23"),"16212223",IF(OR(C150="15",C150="17",C150="24",C150="25"),"15172425",C150))),IF(V150="CEBAS","UNICO",IF(VALUE(C150)<=11,"AMBA","INTERIOR"))))) -> AMBA | X150: =+IF(V150="","-",CONCATENATE(V150,"_",W150)) -> CENS_AMBA | Y150: 0.38812442 | Z150: =+IFERROR(VLOOKUP(H150,#REF!,2,FALSE),"-") -> - | AA150: CON | AB150: =+IF(W150="","-",IF(W150="UNICO","CENSO","MUESTRA")) -> MUESTRA | AC150: ULTIMOS | AD150: -
A151: =+H151 -> 0001DM0456 | B151: Un.Serv. | C151: 01 | D151: 001 | E151: La Plata | F151: 620529 | G151: 0 | H151: 0001DM0456 | I151: Oficial | J151: CENTRO EDUCATIVO DE NIVEL SECUNDARIO (C.E.N.S.) | K151: SEDE | M151: CENS 456 | N151: Urbano | O151: No | P151: Educación de Jóvenes y Adultos | Q151: Nivel Secundario | R151: 160 | S151: 9 | T151: 1 | V151: CENS | W151: =+IF(V151="","",IF(MID(V151,1,3)="ECE","UNICO",IF(V151="FINES",CONCATENATE("R",IF(OR(C151="16",C151="21",C151="22",C151="23"),"16212223",IF(OR(C151="15",C151="17",C151="24",C151="25"),"15172425",C151))),IF(V151="CEBAS","UNICO",IF(VALUE(C151)<=11,"AMBA","INTERIOR"))))) -> AMBA | X151: =+IF(V151="","-",CONCATENATE(V151,"_",W151)) -> CENS_AMBA | Y151: 0.3893581 | Z151: =+IFERROR(VLOOKUP(H151,#REF!,2,FALSE),"-") -> - | AA151: CON | AB151: =+IF(W151="","-",IF(W151="UNICO","CENSO","MUESTRA")) -> MUESTRA | AC151: PRIMEROS | AD151: -
A152: =+H152 -> 0100DM0462 | B152: Un.Serv. | C152: 08 | D152: 100 | E152: Morón | F152: 610728 | G152: 0 | H152: 0100DM0462 | I152: Oficial | J152: CENTRO EDUCATIVO DE NIVEL SECUNDARIO (C.E.N.S.) | K152: SEDE | M152: CENS 462 | N152: Urbano | O152: No | P152: Educación de Jóvenes y Adultos | Q152: Nivel Secundario | R152: 99 | S152: 6 | T152: 1 | V152: CENS | W152: =+IF(V152="","",IF(MID(V152,1,3)="ECE","UNICO",IF(V152="FINES",CONCATENATE("R",IF(OR(C152="16",C152="21",C152="22",C152="23"),"16212223",IF(OR(C152="15",C152="17",C152="24",C152="25"),"15172425",C152))),IF(V152="CEBAS","UNICO",IF(VALUE(C152)<=11,"AMBA","INTERIOR"))))) -> AMBA | X152: =+IF(V152="","-",CONCATENATE(V152,"_",W152)) -> CENS_AMBA | Y152: 0.39021103 | Z152: =+IFERROR(VLOOKUP(H152,#REF!,2,FALSE),"-") -> - | AA152: CON | AB152: =+IF(W152="","-",IF(W152="UNICO","CENSO","MUESTRA")) -> MUESTRA | AC152: PRIMEROS | AD152: -
A153: =+H153 -> 0135DM0456 | B153: Un.Serv. | C153: 07 | D153: 135 | E153: Hurlingham | F153: 623692 | G153: 0 | H153: 0135DM0456 | I153: Oficial | J153: CENTRO EDUCATIVO DE NIVEL SECUNDARIO (C.E.N.S.) | K153: SEDE | M153: CENS 456 | N153: Urbano | O153: No | P153: Educación de Jóvenes y Adultos | Q153: Nivel Secundario | R153: 91 | S153: 6 | T153: 1 | V153: CENS | W153: =+IF(V153="","",IF(MID(V153,1,3)="ECE","UNICO",IF(V153="FINES",CONCATENATE("R",IF(OR(C153="16",C153="21",C153="22",C153="23"),"16212223",IF(OR(C153="15",C153="17",C153="24",C153="25"),"15172425",C153))),IF(V153="CEBAS","UNICO",IF(VALUE(C153)<=11,"AMBA","INTERIOR"))))) -> AMBA | X153: =+IF(V153="","-",CONCATENATE(V153,"_",W153)) -> CENS_AMBA | Y153: 0.39389497 | Z153: =+IFERROR(VLOOKUP(H153,#REF!,2,FALSE),"-") -> - | AA153: CON | AB153: =+IF(W153="","-",IF(W153="UNICO","CENSO","MUESTRA")) -> MUESTRA | AC153: ULTIMOS | AD153: -
A154: =+H154 -> 0136DM0453 | B154: Un.Serv. | C154: 08 | D154: 136 | E154: Ituzaingó | F154: 623704 | G154: 0 | H154: 0136DM0453 | I154: Oficial | J154: CENTRO EDUCATIVO DE NIVEL SECUNDARIO (C.E.N.S.) | K154: SEDE | M154: CENS 453 | N154: Urbano | O154: No | P154: Educación de Jóvenes y Adultos | Q154: Nivel Secundario | R154: 51 | S154: 5 | T154: 1 | V154: CENS | W154: =+IF(V154="","",IF(MID(V154,1,3)="ECE","UNICO",IF(V154="FINES",CONCATENATE("R",IF(OR(C154="16",C154="21",C154="22",C154="23"),"16212223",IF(OR(C154="15",C154="17",C154="24",C154="25"),"15172425",C154))),IF(V154="CEBAS","UNICO",IF(VALUE(C154)<=11,"AMBA","INTERIOR"))))) -> AMBA | X154: =+IF(V154="","-",CONCATENATE(V154,"_",W154)) -> CENS_AMBA | Y154: 0.39782077 | Z154: =+IFERROR(VLOOKUP(H154,#REF!,2,FALSE),"-") -> - | AA154: CON | AB154: =+IF(W154="","-",IF(W154="UNICO","CENSO","MUESTRA")) -> MUESTRA | AC154: ULTIMOS | AD154: -
A155: =+H155 -> 0100DM0459 | B155: Un.Serv. | C155: 08 | D155: 100 | E155: Morón | F155: 623720 | G155: 0 | H155: 0100DM0459 | I155: Oficial | J155: CENTRO EDUCATIVO DE NIVEL SECUNDARIO (C.E.N.S.) | K155: SEDE | M155: CENS 459 | N155: Urbano | O155: No | P155: Educación de Jóvenes y Adultos | Q155: Nivel Secundario | R155: 131 | S155: 8 | T155: 1 | V155: CENS | W155: =+IF(V155="","",IF(MID(V155,1,3)="ECE","UNICO",IF(V155="FINES",CONCATENATE("R",IF(OR(C155="16",C155="21",C155="22",C155="23"),"16212223",IF(OR(C155="15",C155="17",C155="24",C155="25"),"15172425",C155))),IF(V155="CEBAS","UNICO",IF(VALUE(C155)<=11,"AMBA","INTERIOR"))))) -> AMBA | X155: =+IF(V155="","-",CONCATENATE(V155,"_",W155)) -> CENS_AMBA | Y155: 0.39832037 | Z155: =+IFERROR(VLOOKUP(H155,#REF!,2,FALSE),"-") -> - | AA155: CON | AB155: =+IF(W155="","-",IF(W155="UNICO","CENSO","MUESTRA")) -> MUESTRA | AC155: ULTIMOS | AD155: -
A156: =+H156 -> 0119DM0457 | B156: Un.Serv. | C156: 04 | D156: 119 | E156: Berazategui | F156: 623908 | G156: 0 | H156: 0119DM0457 | I156: Oficial | J156: CENTRO EDUCATIVO DE NIVEL SECUNDARIO (C.E.N.S.) | K156: SEDE | M156: CENS 457 | N156: Urbano | O156: No | P156: Educación de Jóvenes y Adultos | Q156: Nivel Secundario | R156: 54 | S156: 3 | T156: 1 | V156: CENS | W156: =+IF(V156="","",IF(MID(V156,1,3)="ECE","UNICO",IF(V156="FINES",CONCATENATE("R",IF(OR(C156="16",C156="21",C156="22",C156="23"),"16212223",IF(OR(C156="15",C156="17",C156="24",C156="25"),"15172425",C156))),IF(V156="CEBAS","UNICO",IF(VALUE(C156)<=11,"AMBA","INTERIOR"))))) -> AMBA | X156: =+IF(V156="","-",CONCATENATE(V156,"_",W156)) -> CENS_AMBA | Y156: 0.40046396 | Z156: =+IFERROR(VLOOKUP(H156,#REF!,2,FALSE),"-") -> - | AA156: CON | AB156: =+IF(W156="","-",IF(W156="UNICO","CENSO","MUESTRA")) -> MUESTRA | AC156: ULTIMOS | AD156: -
A157: =+H157 -> 0070DM0453 | B157: Un.Serv. | C157: 10 | D157: 070 | E157: Mercedes | F157: 623959 | G157: 0 | H157: 0070DM0453 | I157: Oficial | J157: CENTRO EDUCATIVO DE NIVEL SECUNDARIO (C.E.N.S.) | K157: SEDE | M157: CENS 453 | N157: Urbano | O157: No | P157: Educación de Jóvenes y Adultos | Q157: Nivel Secundario | R157: 97 | S157: 6 | T157: 1 | V157: CENS | W157: =+IF(V157="","",IF(MID(V157,1,3)="ECE","UNICO",IF(V157="FINES",CONCATENATE("R",IF(OR(C157="16",C157="21",C157="22",C157="23"),"16212223",IF(OR(C157="15",C157="17",C157="24",C157="25"),"15172425",C157))),IF(V157="CEBAS","UNICO",IF(VALUE(C157)<=11,"AMBA","INTERIOR"))))) -> AMBA | X157: =+IF(V157="","-",CONCATENATE(V157,"_",W157)) -> CENS_AMBA | Y157: 0.40359144 | Z157: =+IFERROR(VLOOKUP(H157,#REF!,2,FALSE),"-") -> - | AA157: SIN | AB157: =+IF(W157="","-",IF(W157="UNICO","CENSO","MUESTRA")) -> MUESTRA | AC157: PRIMEROS | AD157: -
A158: =+H158 -> 0132DM0451 | B158: Un.Serv. | C158: 09 | D158: 132 | E158: José C. Paz | F158: 623193 | G158: 0 | H158: 0132DM0451 | I158: Oficial | J158: CENTRO EDUCATIVO DE NIVEL SECUNDARIO (C.E.N.S.) | K158: SEDE | M158: CENS 451 "MÓNICA LEMOS" | N158: Urbano | O158: No | P158: Educación de Jóvenes y Adultos | Q158: Nivel Secundario | R158: 85 | S158: 6 | T158: 1 | V158: CENS | W158: =+IF(V158="","",IF(MID(V158,1,3)="ECE","UNICO",IF(V158="FINES",CONCATENATE("R",IF(OR(C158="16",C158="21",C158="22",C158="23"),"16212223",IF(OR(C158="15",C158="17",C158="24",C158="25"),"15172425",C158))),IF(V158="CEBAS","UNICO",IF(VALUE(C158)<=11,"AMBA","INTERIOR"))))) -> AMBA | X158: =+IF(V158="","-",CONCATENATE(V158,"_",W158)) -> CENS_AMBA | Y158: 0.40501982 | Z158: =+IFERROR(VLOOKUP(H158,#REF!,2,FALSE),"-") -> - | AA158: CON | AB158: =+IF(W158="","-",IF(W158="UNICO","CENSO","MUESTRA")) -> MUESTRA | AC158: PRIMEROS | AD158: -
A159: =+H159 -> 0001DM3561 | B159: Un.Serv. | C159: 01 | D159: 001 | E159: La Plata | F159: 620529 | G159: 1 | H159: 0001DM3561 | I159: Oficial | J159: CENTRO EDUCATIVO DE NIVEL SECUNDARIO (C.E.N.S.) | K159: ANEXO | L159: 0001DM0456 | M159: ANEXO N°1 DEL CENS 456 | N159: Urbano | O159: No | P159: Educación de Jóvenes y Adultos | Q159: Nivel Secundario | R159: 100 | S159: 6 | T159: 1 | V159: CENS | W159: =+IF(V159="","",IF(MID(V159,1,3)="ECE","UNICO",IF(V159="FINES",CONCATENATE("R",IF(OR(C159="16",C159="21",C159="22",C159="23"),"16212223",IF(OR(C159="15",C159="17",C159="24",C159="25"),"15172425",C159))),IF(V159="CEBAS","UNICO",IF(VALUE(C159)<=11,"AMBA","INTERIOR"))))) -> AMBA | X159: =+IF(V159="","-",CONCATENATE(V159,"_",W159)) -> CENS_AMBA | Y159: 0.40871615 | Z159: =+IFERROR(VLOOKUP(H159,#REF!,2,FALSE),"-") -> - | AA159: CON | AB159: =+IF(W159="","-",IF(W159="UNICO","CENSO","MUESTRA")) -> MUESTRA | AC159: PRIMEROS | AD159: -
A160: =+H160 -> 0132DM0458 | B160: Un.Serv. | C160: 09 | D160: 132 | E160: José C. Paz | F160: 623728 | G160: 0 | H160: 0132DM0458 | I160: Oficial | J160: CENTRO EDUCATIVO DE NIVEL SECUNDARIO (C.E.N.S.) | K160: SEDE | M160: CENS 458 | N160: Urbano | O160: No | P160: Educación de Jóvenes y Adultos | Q160: Nivel Secundario | R160: 118 | S160: 5 | T160: 1 | V160: CENS | W160: =+IF(V160="","",IF(MID(V160,1,3)="ECE","UNICO",IF(V160="FINES",CONCATENATE("R",IF(OR(C160="16",C160="21",C160="22",C160="23"),"16212223",IF(OR(C160="15",C160="17",C160="24",C160="25"),"15172425",C160))),IF(V160="CEBAS","UNICO",IF(VALUE(C160)<=11,"AMBA","INTERIOR"))))) -> AMBA | X160: =+IF(V160="","-",CONCATENATE(V160,"_",W160)) -> CENS_AMBA | Y160: 0.41267937 | Z160: =+IFERROR(VLOOKUP(H160,#REF!,2,FALSE),"-") -> - | AA160: CON | AB160: =+IF(W160="","-",IF(W160="UNICO","CENSO","MUESTRA")) -> MUESTRA | AC160: ULTIMOS | AD160: -
A161: =+H161 -> 0132DM0454 | B161: Un.Serv. | C161: 09 | D161: 132 | E161: José C. Paz | F161: 623729 | G161: 0 | H161: 0132DM0454 | I161: Oficial | J161: CENTRO EDUCATIVO DE NIVEL SECUNDARIO (C.E.N.S.) | K161: SEDE | M161: CENS 454 | N161: Urbano | O161: No | P161: Educación de Jóvenes y Adultos | Q161: Nivel Secundario | R161: 200 | S161: 7 | T161: 1 | V161: CENS | W161: =+IF(V161="","",IF(MID(V161,1,3)="ECE","UNICO",IF(V161="FINES",CONCATENATE("R",IF(OR(C161="16",C161="21",C161="22",C161="23"),"16212223",IF(OR(C161="15",C161="17",C161="24",C161="25"),"15172425",C161))),IF(V161="CEBAS","UNICO",IF(VALUE(C161)<=11,"AMBA","INTERIOR"))))) -> AMBA | X161: =+IF(V161="","-",CONCATENATE(V161,"_",W161)) -> CENS_AMBA | Y161: 0.41370913 | Z161: =+IFERROR(VLOOKUP(H161,#REF!,2,FALSE),"-") -> - | AA161: CON | AB161: =+IF(W161="","-",IF(W161="UNICO","CENSO","MUESTRA")) -> MUESTRA | AC161: ULTIMOS | AD161: -
A162: =+H162 -> 0069DM0491 | B162: Un.Serv. | C162: 03 | D162: 069 | E162: La Matanza | F162: 623620 | G162: 0 | H162: 0069DM0491 | I162: Oficial | J162: CENTRO EDUCATIVO DE NIVEL SECUNDARIO (C.E.N.S.) | K162: SEDE | M162: CENS 491 | N162: Urbano | O162: No | P162: Educación de Jóvenes y Adultos | Q162: Nivel Secundario | R162: 71 | S162: 4 | T162: 1 | V162: CENS | W162: =+IF(V162="","",IF(MID(V162,1,3)="ECE","UNICO",IF(V162="FINES",CONCATENATE("R",IF(OR(C162="16",C162="21",C162="22",C162="23"),"16212223",IF(OR(C162="15",C162="17",C162="24",C162="25"),"15172425",C162))),IF(V162="CEBAS","UNICO",IF(VALUE(C162)<=11,"AMBA","INTERIOR"))))) -> AMBA | X162: =+IF(V162="","-",CONCATENATE(V162,"_",W162)) -> CENS_AMBA | Y162: 0.41425392 | Z162: =+IFERROR(VLOOKUP(H162,#REF!,2,FALSE),"-") -> - | AA162: CON | AB162: =+IF(W162="","-",IF(W162="UNICO","CENSO","MUESTRA")) -> MUESTRA | AC162: PRIMEROS | AD162: -
A163: =+H163 -> 0004DM0456 | B163: Un.Serv. | C163: 05 | D163: 004 | E163: Almirante Brown | F163: 624173 | G163: 0 | H163: 0004DM0456 | I163: Oficial | J163: CENTRO EDUCATIVO DE NIVEL SECUNDARIO (C.E.N.S.) | K163: SEDE | M163: CENS 456 | N163: Urbano | O163: No | P163: Educación de Jóvenes y Adultos | Q163: Nivel Secundario | R163: 90 | S163: 3 | T163: 1 | V163: CENS | W163: =+IF(V163="","",IF(MID(V163,1,3)="ECE","UNICO",IF(V163="FINES",CONCATENATE("R",IF(OR(C163="16",C163="21",C163="22",C163="23"),"16212223",IF(OR(C163="15",C163="17",C163="24",C163="25"),"15172425",C163))),IF(V163="CEBAS","UNICO",IF(VALUE(C163)<=11,"AMBA","INTERIOR"))))) -> AMBA | X163: =+IF(V163="","-",CONCATENATE(V163,"_",W163)) -> CENS_AMBA | Y163: 0.41483073 | Z163: =+IFERROR(VLOOKUP(H163,#REF!,2,FALSE),"-") -> - | AA163: CON | AB163: =+IF(W163="","-",IF(W163="UNICO","CENSO","MUESTRA")) -> MUESTRA | AC163: PRIMEROS | AD163: -
A164: =+H164 -> 0044DM0451 | B164: Un.Serv. | C164: 10 | D164: 044 | E164: General Rodríguez | F164: 604058 | G164: 0 | H164: 0044DM0451 | I164: Oficial | J164: CENTRO EDUCATIVO DE NIVEL SECUNDARIO (C.E.N.S.) | K164: SEDE | M164: CENS 451 "ALFONSINA STORNI" | N164: Urbano | O164: No | P164: Educación de Jóvenes y Adultos | Q164: Nivel Secundario | R164: 737 | S164: 23 | T164: 1 | V164: CENS | W164: =+IF(V164="","",IF(MID(V164,1,3)="ECE","UNICO",IF(V164="FINES",CONCATENATE("R",IF(OR(C164="16",C164="21",C164="22",C164="23"),"16212223",IF(OR(C164="15",C164="17",C164="24",C164="25"),"15172425",C164))),IF(V164="CEBAS","UNICO",IF(VALUE(C164)<=11,"AMBA","INTERIOR"))))) -> AMBA | X164: =+IF(V164="","-",CONCATENATE(V164,"_",W164)) -> CENS_AMBA | Y164: 0.41525301 | Z164: =+IFERROR(VLOOKUP(H164,#REF!,2,FALSE),"-") -> - | AA164: CON | AB164: =+IF(W164="","-",IF(W164="UNICO","CENSO","MUESTRA")) -> MUESTRA | AC164: PRIMEROS | AD164: -
A165: =+H165 -> 0083DM0453 | B165: Un.Serv. | C165: 11 | D165: 083 | E165: Pilar | F165: 623764 | G165: 0 | H165: 0083DM0453 | I165: Oficial | J165: CENTRO EDUCATIVO DE NIVEL SECUNDARIO (C.E.N.S.) | K165: SEDE | M165: CENS 453 "DOMINGO FAUSTINO SARMIENTO" | N165: Urbano | O165: No | P165: Educación de Jóvenes y Adultos | Q165: Nivel Secundario | R165: 130 | S165: 9 | T165: 1 | V165: CENS | W165: =+IF(V165="","",IF(MID(V165,1,3)="ECE","UNICO",IF(V165="FINES",CONCATENATE("R",IF(OR(C165="16",C165="21",C165="22",C165="23"),"16212223",IF(OR(C165="15",C165="17",C165="24",C165="25"),"15172425",C165))),IF(V165="CEBAS","UNICO",IF(VALUE(C165)<=11,"AMBA","INTERIOR"))))) -> AMBA | X165: =+IF(V165="","-",CONCATENATE(V165,"_",W165)) -> CENS_AMBA | Y165: 0.41787207 | Z165: =+IFERROR(VLOOKUP(H165,#REF!,2,FALSE),"-") -> - | AA165: CON | AB165: =+IF(W165="","-",IF(W165="UNICO","CENSO","MUESTRA")) -> MUESTRA | AC165: PRIMEROS | AD165: -
A166: =+H166 -> 0073DM2540 | B166: Un.Serv. | C166: 09 | D166: 073 | E166: Moreno | F166: 621170 | G166: 1 | H166: 0073DM2540 | I166: Oficial | J166: CENTRO EDUCATIVO DE NIVEL SECUNDARIO (C.E.N.S.) | K166: EXTENSION | L166: 0055DM0454 | M166: CENS 454 - EXTENSIÓN I | N166: Urbano | O166: No | P166: Educación de Jóvenes y Adultos | Q166: Nivel Secundario | R166: 39 | S166: 3 | T166: 1 | V166: CENS | W166: =+IF(V166="","",IF(MID(V166,1,3)="ECE","UNICO",IF(V166="FINES",CONCATENATE("R",IF(OR(C166="16",C166="21",C166="22",C166="23"),"16212223",IF(OR(C166="15",C166="17",C166="24",C166="25"),"15172425",C166))),IF(V166="CEBAS","UNICO",IF(VALUE(C166)<=11,"AMBA","INTERIOR"))))) -> AMBA | X166: =+IF(V166="","-",CONCATENATE(V166,"_",W166)) -> CENS_AMBA | Y166: 0.42099131 | Z166: =+IFERROR(VLOOKUP(H166,#REF!,2,FALSE),"-") -> - | AA166: CON | AB166: =+IF(W166="","-",IF(W166="UNICO","CENSO","MUESTRA")) -> MUESTRA | AC166: PRIMEROS | AD166: -
A167: =+H167 -> 0001DM0459 | B167: Un.Serv. | C167: 01 | D167: 001 | E167: La Plata | F167: 623588 | G167: 0 | H167: 0001DM0459 | I167: Oficial | J167: CENTRO EDUCATIVO DE NIVEL SECUNDARIO (C.E.N.S.) | K167: SEDE | M167: CENS 459 | N167: Urbano | O167: No | P167: Educación de Jóvenes y Adultos | Q167: Nivel Secundario | R167: 77 | S167: 4 | T167: 1 | V167: CENS | W167: =+IF(V167="","",IF(MID(V167,1,3)="ECE","UNICO",IF(V167="FINES",CONCATENATE("R",IF(OR(C167="16",C167="21",C167="22",C167="23"),"16212223",IF(OR(C167="15",C167="17",C167="24",C167="25"),"15172425",C167))),IF(V167="CEBAS","UNICO",IF(VALUE(C167)<=11,"AMBA","INTERIOR"))))) -> AMBA | X167: =+IF(V167="","-",CONCATENATE(V167,"_",W167)) -> CENS_AMBA | Y167: 0.42364257 | Z167: =+IFERROR(VLOOKUP(H167,#REF!,2,FALSE),"-") -> - | AA167: CON | AB167: =+IF(W167="","-",IF(W167="UNICO","CENSO","MUESTRA")) -> MUESTRA | AC167: ULTIMOS | AD167: -
A168: =+H168 -> 0100DM0453 | B168: Un.Serv. | C168: 08 | D168: 100 | E168: Morón | F168: 610731 | G168: 0 | H168: 0100DM0453 | I168: Oficial | J168: CENTRO EDUCATIVO DE NIVEL SECUNDARIO (C.E.N.S.) | K168: SEDE | M168: CENS 453 | N168: Urbano | O168: No | P168: Educación de Jóvenes y Adultos | Q168: Nivel Secundario | R168: 124 | S168: 8 | T168: 1 | V168: CENS | W168: =+IF(V168="","",IF(MID(V168,1,3)="ECE","UNICO",IF(V168="FINES",CONCATENATE("R",IF(OR(C168="16",C168="21",C168="22",C168="23"),"16212223",IF(OR(C168="15",C168="17",C168="24",C168="25"),"15172425",C168))),IF(V168="CEBAS","UNICO",IF(VALUE(C168)<=11,"AMBA","INTERIOR"))))) -> AMBA | X168: =+IF(V168="","-",CONCATENATE(V168,"_",W168)) -> CENS_AMBA | Y168: 0.42454753 | Z168: =+IFERROR(VLOOKUP(H168,#REF!,2,FALSE),"-") -> - | AA168: CON | AB168: =+IF(W168="","-",IF(W168="UNICO","CENSO","MUESTRA")) -> MUESTRA | AC168: ULTIMOS | AD168: -
A169: =+H169 -> 0005DM0453 | B169: Un.Serv. | C169: 02 | D169: 005 | E169: Avellaneda | F169: 607800 | G169: 0 | H169: 0005DM0453 | I169: Oficial | J169: CENTRO EDUCATIVO DE NIVEL SECUNDARIO (C.E.N.S.) | K169: SEDE | M169: CENS 453 | N169: Urbano | O169: No | P169: Educación de Jóvenes y Adultos | Q169: Nivel Secundario | R169: 415 | S169: 23 | T169: 1 | V169: CENS | W169: =+IF(V169="","",IF(MID(V169,1,3)="ECE","UNICO",IF(V169="FINES",CONCATENATE("R",IF(OR(C169="16",C169="21",C169="22",C169="23"),"16212223",IF(OR(C169="15",C169="17",C169="24",C169="25"),"15172425",C169))),IF(V169="CEBAS","UNICO",IF(VALUE(C169)<=11,"AMBA","INTERIOR"))))) -> AMBA | X169: =+IF(V169="","-",CONCATENATE(V169,"_",W169)) -> CENS_AMBA | Y169: 0.42633427 | Z169: =+IFERROR(VLOOKUP(H169,#REF!,2,FALSE),"-") -> - | AA169: CON | AB169: =+IF(W169="","-",IF(W169="UNICO","CENSO","MUESTRA")) -> MUESTRA | AC169: ULTIMOS | AD169: -
A170: =+H170 -> 0071DM0461 | B170: Un.Serv. | C170: 08 | D170: 071 | E170: Merlo | F170: 623712 | G170: 0 | H170: 0071DM0461 | I170: Oficial | J170: CENTRO EDUCATIVO DE NIVEL SECUNDARIO (C.E.N.S.) | K170: SEDE | M170: CENS 461 | N170: Urbano | O170: No | P170: Educación de Jóvenes y Adultos | Q170: Nivel Secundario | R170: 227 | S170: 11 | T170: 1 | V170: CENS | W170: =+IF(V170="","",IF(MID(V170,1,3)="ECE","UNICO",IF(V170="FINES",CONCATENATE("R",IF(OR(C170="16",C170="21",C170="22",C170="23"),"16212223",IF(OR(C170="15",C170="17",C170="24",C170="25"),"15172425",C170))),IF(V170="CEBAS","UNICO",IF(VALUE(C170)<=11,"AMBA","INTERIOR"))))) -> AMBA | X170: =+IF(V170="","-",CONCATENATE(V170,"_",W170)) -> CENS_AMBA | Y170: 0.43532355 | Z170: =+IFERROR(VLOOKUP(H170,#REF!,2,FALSE),"-") -> - | AA170: CON | AB170: =+IF(W170="","-",IF(W170="UNICO","CENSO","MUESTRA")) -> MUESTRA | AC170: ULTIMOS | AD170: -
A171: =+H171 -> 0005DM0458 | B171: Un.Serv. | C171: 02 | D171: 005 | E171: Avellaneda | F171: 624533 | G171: 0 | H171: 0005DM0458 | I171: Oficial | J171: CENTRO EDUCATIVO DE NIVEL SECUNDARIO (C.E.N.S.) | K171: SEDE | M171: CENS 458 | N171: Urbano | O171: No | P171: Educación de Jóvenes y Adultos | Q171: Nivel Secundario | R171: 92 | S171: 4 | T171: 1 | V171: CENS | W171: =+IF(V171="","",IF(MID(V171,1,3)="ECE","UNICO",IF(V171="FINES",CONCATENATE("R",IF(OR(C171="16",C171="21",C171="22",C171="23"),"16212223",IF(OR(C171="15",C171="17",C171="24",C171="25"),"15172425",C171))),IF(V171="CEBAS","UNICO",IF(VALUE(C171)<=11,"AMBA","INTERIOR"))))) -> AMBA | X171: =+IF(V171="","-",CONCATENATE(V171,"_",W171)) -> CENS_AMBA | Y171: 0.43557208 | Z171: =+IFERROR(VLOOKUP(H171,#REF!,2,FALSE),"-") -> - | AA171: CON | AB171: =+IF(W171="","-",IF(W171="UNICO","CENSO","MUESTRA")) -> MUESTRA | AC171: PRIMEROS | AD171: -
A172: =+H172 -> 0069DM0457 | B172: Un.Serv. | C172: 03 | D172: 069 | E172: La Matanza | F172: 616820 | G172: 0 | H172: 0069DM0457 | I172: Oficial | J172: CENTRO EDUCATIVO DE NIVEL SECUNDARIO (C.E.N.S.) | K172: SEDE | M172: CENS 457 | N172: Urbano | O172: No | P172: Educación de Jóvenes y Adultos | Q172: Nivel Secundario | R172: 246 | S172: 21 | T172: 1 | V172: CENS | W172: =+IF(V172="","",IF(MID(V172,1,3)="ECE","UNICO",IF(V172="FINES",CONCATENATE("R",IF(OR(C172="16",C172="21",C172="22",C172="23"),"16212223",IF(OR(C172="15",C172="17",C172="24",C172="25"),"15172425",C172))),IF(V172="CEBAS","UNICO",IF(VALUE(C172)<=11,"AMBA","INTERIOR"))))) -> AMBA | X172: =+IF(V172="","-",CONCATENATE(V172,"_",W172)) -> CENS_AMBA | Y172: 0.44160564 | Z172: =+IFERROR(VLOOKUP(H172,#REF!,2,FALSE),"-") -> - | AA172: CON | AB172: =+IF(W172="","-",IF(W172="UNICO","CENSO","MUESTRA")) -> MUESTRA | AC172: PRIMEROS | AD172: -
A173: =+H173 -> 0113DM0452 | B173: Un.Serv. | C173: 01 | D173: 113 | E173: Berisso | F173: 623583 | G173: 0 | H173: 0113DM0452 | I173: Oficial | J173: CENTRO EDUCATIVO DE NIVEL SECUNDARIO (C.E.N.S.) | K173: SEDE | M173: CENS 452 | N173: Urbano | O173: No | P173: Educación de Jóvenes y Adultos | Q173: Nivel Secundario | R173: 185 | S173: 8 | T173: 1 | V173: CENS | W173: =+IF(V173="","",IF(MID(V173,1,3)="ECE","UNICO",IF(V173="FINES",CONCATENATE("R",IF(OR(C173="16",C173="21",C173="22",C173="23"),"16212223",IF(OR(C173="15",C173="17",C173="24",C173="25"),"15172425",C173))),IF(V173="CEBAS","UNICO",IF(VALUE(C173)<=11,"AMBA","INTERIOR"))))) -> AMBA | X173: =+IF(V173="","-",CONCATENATE(V173,"_",W173)) -> CENS_AMBA | Y173: 0.44214324 | Z173: =+IFERROR(VLOOKUP(H173,#REF!,2,FALSE),"-") -> - | AA173: CON | AB173: =+IF(W173="","-",IF(W173="UNICO","CENSO","MUESTRA")) -> MUESTRA | AC173: PRIMEROS | AD173: -
A174: =+H174 -> 0119DM0456 | B174: Un.Serv. | C174: 04 | D174: 119 | E174: Berazategui | F174: 623644 | G174: 0 | H174: 0119DM0456 | I174: Oficial | J174: CENTRO EDUCATIVO DE NIVEL SECUNDARIO (C.E.N.S.) | K174: SEDE | M174: CENS 456 | N174: Urbano | O174: No | P174: Educación de Jóvenes y Adultos | Q174: Nivel Secundario | R174: 184 | S174: 9 | T174: 1 | V174: CENS | W174: =+IF(V174="","",IF(MID(V174,1,3)="ECE","UNICO",IF(V174="FINES",CONCATENATE("R",IF(OR(C174="16",C174="21",C174="22",C174="23"),"16212223",IF(OR(C174="15",C174="17",C174="24",C174="25"),"15172425",C174))),IF(V174="CEBAS","UNICO",IF(VALUE(C174)<=11,"AMBA","INTERIOR"))))) -> AMBA | X174: =+IF(V174="","-",CONCATENATE(V174,"_",W174)) -> CENS_AMBA | Y174: 0.44227708 | Z174: =+IFERROR(VLOOKUP(H174,#REF!,2,FALSE),"-") -> - | AA174: CON | AB174: =+IF(W174="","-",IF(W174="UNICO","CENSO","MUESTRA")) -> MUESTRA | AC174: ULTIMOS | AD174: -
A175: =+H175 -> 0119DM0455 | B175: Un.Serv. | C175: 04 | D175: 119 | E175: Berazategui | F175: 623643 | G175: 0 | H175: 0119DM0455 | I175: Oficial | J175: CENTRO EDUCATIVO DE NIVEL SECUNDARIO (C.E.N.S.) | K175: SEDE | M175: CENS 455 | N175: Urbano | O175: No | P175: Educación de Jóvenes y Adultos | Q175: Nivel Secundario | R175: 54 | S175: 6 | T175: 1 | V175: CENS | W175: =+IF(V175="","",IF(MID(V175,1,3)="ECE","UNICO",IF(V175="FINES",CONCATENATE("R",IF(OR(C175="16",C175="21",C175="22",C175="23"),"16212223",IF(OR(C175="15",C175="17",C175="24",C175="25"),"15172425",C175))),IF(V175="CEBAS","UNICO",IF(VALUE(C175)<=11,"AMBA","INTERIOR"))))) -> AMBA | X175: =+IF(V175="","-",CONCATENATE(V175,"_",W175)) -> CENS_AMBA | Y175: 0.44555044 | Z175: =+IFERROR(VLOOKUP(H175,#REF!,2,FALSE),"-") -> - | AA175: CON | AB175: =+IF(W175="","-",IF(W175="UNICO","CENSO","MUESTRA")) -> MUESTRA | AC175: PRIMEROS | AD175: -
A176: =+H176 -> 0116DM0455 | B176: Un.Serv. | C176: 11 | D176: 116 | E176: Escobar | F176: 624126 | G176: 0 | H176: 0116DM0455 | I176: Oficial | J176: CENTRO EDUCATIVO DE NIVEL SECUNDARIO (C.E.N.S.) | K176: SEDE | M176: CENS 455 | N176: Urbano | O176: No | P176: Educación de Jóvenes y Adultos | Q176: Nivel Secundario | R176: 52 | S176: 3 | T176: 1 | V176: CENS | W176: =+IF(V176="","",IF(MID(V176,1,3)="ECE","UNICO",IF(V176="FINES",CONCATENATE("R",IF(OR(C176="16",C176="21",C176="22",C176="23"),"16212223",IF(OR(C176="15",C176="17",C176="24",C176="25"),"15172425",C176))),IF(V176="CEBAS","UNICO",IF(VALUE(C176)<=11,"AMBA","INTERIOR"))))) -> AMBA | X176: =+IF(V176="","-",CONCATENATE(V176,"_",W176)) -> CENS_AMBA | Y176: 0.44570285 | Z176: =+IFERROR(VLOOKUP(H176,#REF!,2,FALSE),"-") -> - | AA176: CON | AB176: =+IF(W176="","-",IF(W176="UNICO","CENSO","MUESTRA")) -> MUESTRA | AC176: ULTIMOS | AD176: -
A177: =+H177 -> 0069DM0482 | B177: Un.Serv. | C177: 03 | D177: 069 | E177: La Matanza | F177: 623633 | G177: 0 | H177: 0069DM0482 | I177: Oficial | J177: CENTRO EDUCATIVO DE NIVEL SECUNDARIO (C.E.N.S.) | K177: SEDE | M177: CENS 482 | N177: Urbano | O177: No | P177: Educación de Jóvenes y Adultos | Q177: Nivel Secundario | R177: 102 | S177: 10 | T177: 1 | V177: CENS | W177: =+IF(V177="","",IF(MID(V177,1,3)="ECE","UNICO",IF(V177="FINES",CONCATENATE("R",IF(OR(C177="16",C177="21",C177="22",C177="23"),"16212223",IF(OR(C177="15",C177="17",C177="24",C177="25"),"15172425",C177))),IF(V177="CEBAS","UNICO",IF(VALUE(C177)<=11,"AMBA","INTERIOR"))))) -> AMBA | X177: =+IF(V177="","-",CONCATENATE(V177,"_",W177)) -> CENS_AMBA | Y177: 0.44794213 | Z177: =+IFERROR(VLOOKUP(H177,#REF!,2,FALSE),"-") -> - | AA177: CON | AB177: =+IF(W177="","-",IF(W177="UNICO","CENSO","MUESTRA")) -> MUESTRA | AC177: ULTIMOS | AD177: -
A178: =+H178 -> 0055DM0464 | B178: Un.Serv. | C178: 06 | D178: 055 | E178: Tigre | F178: 623683 | G178: 0 | H178: 0055DM0464 | I178: Oficial | J178: CENTRO EDUCATIVO DE NIVEL SECUNDARIO (C.E.N.S.) | K178: SEDE | M178: CENS 464 | N178: Urbano | O178: No | P178: Educación de Jóvenes y Adultos | Q178: Nivel Secundario | R178: 58 | S178: 3 | T178: 1 | V178: CENS | W178: =+IF(V178="","",IF(MID(V178,1,3)="ECE","UNICO",IF(V178="FINES",CONCATENATE("R",IF(OR(C178="16",C178="21",C178="22",C178="23"),"16212223",IF(OR(C178="15",C178="17",C178="24",C178="25"),"15172425",C178))),IF(V178="CEBAS","UNICO",IF(VALUE(C178)<=11,"AMBA","INTERIOR"))))) -> AMBA | X178: =+IF(V178="","-",CONCATENATE(V178,"_",W178)) -> CENS_AMBA | Y178: 0.44800343 | Z178: =+IFERROR(VLOOKUP(H178,#REF!,2,FALSE),"-") -> - | AA178: CON | AB178: =+IF(W178="","-",IF(W178="UNICO","CENSO","MUESTRA")) -> MUESTRA | AC178: PRIMEROS | AD178: -
A179: =+H179 -> 0073DM0454 | B179: Un.Serv. | C179: 09 | D179: 073 | E179: Moreno | F179: 603356 | G179: 0 | H179: 0073DM0454 | I179: Oficial | J179: CENTRO EDUCATIVO DE NIVEL SECUNDARIO (C.E.N.S.) | K179: SEDE | M179: CENS 454 "REPÚBLICA ARGENTINA" | N179: Urbano | O179: No | P179: Educación de Jóvenes y Adultos | Q179: Nivel Secundario | R179: 194 | S179: 9 | T179: 1 | V179: CENS | W179: =+IF(V179="","",IF(MID(V179,1,3)="ECE","UNICO",IF(V179="FINES",CONCATENATE("R",IF(OR(C179="16",C179="21",C179="22",C179="23"),"16212223",IF(OR(C179="15",C179="17",C179="24",C179="25"),"15172425",C179))),IF(V179="CEBAS","UNICO",IF(VALUE(C179)<=11,"AMBA","INTERIOR"))))) -> AMBA | X179: =+IF(V179="","-",CONCATENATE(V179,"_",W179)) -> CENS_AMBA | Y179: 0.44843472 | Z179: =+IFERROR(VLOOKUP(H179,#REF!,2,FALSE),"-") -> - | AA179: CON | AB179: =+IF(W179="","-",IF(W179="UNICO","CENSO","MUESTRA")) -> MUESTRA | AC179: ULTIMOS | AD179: -
A180: =+H180 -> 0062DM3722 | B180: Un.Serv. | C180: 02 | D180: 062 | E180: Lomas de Zamora | F180: 624645 | G180: 2 | H180: 0062DM3722 | I180: Oficial | J180: CENTRO EDUCATIVO DE NIVEL SECUNDARIO (C.E.N.S.) | K180: ANEXO | L180: 0062DM0472 | M180: CENS 472 - ANEXO 2 | N180: Urbano | O180: No | P180: Educación de Jóvenes y Adultos | Q180: Nivel Secundario | R180: 24 | S180: 3 | T180: 1 | V180: CENS | W180: =+IF(V180="","",IF(MID(V180,1,3)="ECE","UNICO",IF(V180="FINES",CONCATENATE("R",IF(OR(C180="16",C180="21",C180="22",C180="23"),"16212223",IF(OR(C180="15",C180="17",C180="24",C180="25"),"15172425",C180))),IF(V180="CEBAS","UNICO",IF(VALUE(C180)<=11,"AMBA","INTERIOR"))))) -> AMBA | X180: =+IF(V180="","-",CONCATENATE(V180,"_",W180)) -> CENS_AMBA | Y180: 0.44888323 | Z180: =+IFERROR(VLOOKUP(H180,#REF!,2,FALSE),"-") -> - | AA180: CON | AB180: =+IF(W180="","-",IF(W180="UNICO","CENSO","MUESTRA")) -> MUESTRA | AC180: ULTIMOS | AD180: -
A181: =+H181 -> 0085DM0455 | B181: Un.Serv. | C181: 04 | D181: 085 | E181: Quilmes | F181: 623651 | G181: 0 | H181: 0085DM0455 | I181: Oficial | J181: CENTRO EDUCATIVO DE NIVEL SECUNDARIO (C.E.N.S.) | K181: SEDE | M181: CENS 455 | N181: Urbano | O181: No | P181: Educación de Jóvenes y Adultos | Q181: Nivel Secundario | R181: 270 | S181: 11 | T181: 1 | V181: CENS | W181: =+IF(V181="","",IF(MID(V181,1,3)="ECE","UNICO",IF(V181="FINES",CONCATENATE("R",IF(OR(C181="16",C181="21",C181="22",C181="23"),"16212223",IF(OR(C181="15",C181="17",C181="24",C181="25"),"15172425",C181))),IF(V181="CEBAS","UNICO",IF(VALUE(C181)<=11,"AMBA","INTERIOR"))))) -> AMBA | X181: =+IF(V181="","-",CONCATENATE(V181,"_",W181)) -> CENS_AMBA | Y181: 0.45044084 | Z181: =+IFERROR(VLOOKUP(H181,#REF!,2,FALSE),"-") -> - | AA181: CON | AB181: =+IF(W181="","-",IF(W181="UNICO","CENSO","MUESTRA")) -> MUESTRA | AC181: ULTIMOS | AD181: -
A182: =+H182 -> 0069DM0480 | B182: Un.Serv. | C182: 03 | D182: 069 | E182: La Matanza | F182: 623631 | G182: 0 | H182: 0069DM0480 | I182: Oficial | J182: CENTRO EDUCATIVO DE NIVEL SECUNDARIO (C.E.N.S.) | K182: SEDE | M182: CENS 480 | N182: Urbano | O182: No | P182: Educación de Jóvenes y Adultos | Q182: Nivel Secundario | R182: 63 | S182: 6 | T182: 1 | V182: CENS | W182: =+IF(V182="","",IF(MID(V182,1,3)="ECE","UNICO",IF(V182="FINES",CONCATENATE("R",IF(OR(C182="16",C182="21",C182="22",C182="23"),"16212223",IF(OR(C182="15",C182="17",C182="24",C182="25"),"15172425",C182))),IF(V182="CEBAS","UNICO",IF(VALUE(C182)<=11,"AMBA","INTERIOR"))))) -> AMBA | X182: =+IF(V182="","-",CONCATENATE(V182,"_",W182)) -> CENS_AMBA | Y182: 0.45849062 | Z182: =+IFERROR(VLOOKUP(H182,#REF!,2,FALSE),"-") -> - | AA182: CON | AB182: =+IF(W182="","-",IF(W182="UNICO","CENSO","MUESTRA")) -> MUESTRA | AC182: PRIMEROS | AD182: -
A183: =+H183 -> 0111DM0451 | B183: Un.Serv. | C183: 02 | D183: 111 | E183: Lanús | F183: 602414 | G183: 0 | H183: 0111DM0451 | I183: Oficial | J183: CENTRO EDUCATIVO DE NIVEL SECUNDARIO (C.E.N.S.) | K183: SEDE | M183: CENS 451 | N183: Urbano | O183: No | P183: Educación de Jóvenes y Adultos | Q183: Nivel Secundario | R183: 114 | S183: 7 | T183: 1 | V183: CENS | W183: =+IF(V183="","",IF(MID(V183,1,3)="ECE","UNICO",IF(V183="FINES",CONCATENATE("R",IF(OR(C183="16",C183="21",C183="22",C183="23"),"16212223",IF(OR(C183="15",C183="17",C183="24",C183="25"),"15172425",C183))),IF(V183="CEBAS","UNICO",IF(VALUE(C183)<=11,"AMBA","INTERIOR"))))) -> AMBA | X183: =+IF(V183="","-",CONCATENATE(V183,"_",W183)) -> CENS_AMBA | Y183: 0.46210402 | Z183: =+IFERROR(VLOOKUP(H183,#REF!,2,FALSE),"-") -> - | AA183: CON | AB183: =+IF(W183="","-",IF(W183="UNICO","CENSO","MUESTRA")) -> MUESTRA | AC183: PRIMEROS | AD183: -
A184: =+H184 -> 0069DM0484 | B184: Un.Serv. | C184: 03 | D184: 069 | E184: La Matanza | F184: 623635 | G184: 0 | H184: 0069DM0484 | I184: Oficial | J184: CENTRO EDUCATIVO DE NIVEL SECUNDARIO (C.E.N.S.) | K184: SEDE | M184: CENS 484 | N184: Urbano | O184: No | P184: Educación de Jóvenes y Adultos | Q184: Nivel Secundario | R184: 49 | S184: 3 | T184: 1 | V184: CENS | W184: =+IF(V184="","",IF(MID(V184,1,3)="ECE","UNICO",IF(V184="FINES",CONCATENATE("R",IF(OR(C184="16",C184="21",C184="22",C184="23"),"16212223",IF(OR(C184="15",C184="17",C184="24",C184="25"),"15172425",C184))),IF(V184="CEBAS","UNICO",IF(VALUE(C184)<=11,"AMBA","INTERIOR"))))) -> AMBA | X184: =+IF(V184="","-",CONCATENATE(V184,"_",W184)) -> CENS_AMBA | Y184: 0.46672781 | Z184: =+IFERROR(VLOOKUP(H184,#REF!,2,FALSE),"-") -> - | AA184: CON | AB184: =+IF(W184="","-",IF(W184="UNICO","CENSO","MUESTRA")) -> MUESTRA | AC184: ULTIMOS | AD184: -
A185: =+H185 -> 0135DM0451 | B185: Un.Serv. | C185: 07 | D185: 135 | E185: Hurlingham | F185: 605672 | G185: 0 | H185: 0135DM0451 | I185: Oficial | J185: CENTRO EDUCATIVO DE NIVEL SECUNDARIO (C.E.N.S.) | K185: SEDE | M185: CENS 451 "MANUEL BELGRANO" | N185: Urbano | O185: No | P185: Educación de Jóvenes y Adultos | Q185: Nivel Secundario | R185: 172 | S185: 9 | T185: 1 | V185: CENS | W185: =+IF(V185="","",IF(MID(V185,1,3)="ECE","UNICO",IF(V185="FINES",CONCATENATE("R",IF(OR(C185="16",C185="21",C185="22",C185="23"),"16212223",IF(OR(C185="15",C185="17",C185="24",C185="25"),"15172425",C185))),IF(V185="CEBAS","UNICO",IF(VALUE(C185)<=11,"AMBA","INTERIOR"))))) -> AMBA | X185: =+IF(V185="","-",CONCATENATE(V185,"_",W185)) -> CENS_AMBA | Y185: 0.46731537 | Z185: =+IFERROR(VLOOKUP(H185,#REF!,2,FALSE),"-") -> - | AA185: CON | AB185: =+IF(W185="","-",IF(W185="UNICO","CENSO","MUESTRA")) -> MUESTRA | AC185: ULTIMOS | AD185: -
A186: =+H186 -> 0111DM0455 | B186: Un.Serv. | C186: 02 | D186: 111 | E186: Lanús | F186: 623598 | G186: 0 | H186: 0111DM0455 | I186: Oficial | J186: CENTRO EDUCATIVO DE NIVEL SECUNDARIO (C.E.N.S.) | K186: SEDE | M186: CENS 455 | N186: Urbano | O186: No | P186: Educación de Jóvenes y Adultos | Q186: Nivel Secundario | R186: 91 | S186: 6 | T186: 1 | V186: CENS | W186: =+IF(V186="","",IF(MID(V186,1,3)="ECE","UNICO",IF(V186="FINES",CONCATENATE("R",IF(OR(C186="16",C186="21",C186="22",C186="23"),"16212223",IF(OR(C186="15",C186="17",C186="24",C186="25"),"15172425",C186))),IF(V186="CEBAS","UNICO",IF(VALUE(C186)<=11,"AMBA","INTERIOR"))))) -> AMBA | X186: =+IF(V186="","-",CONCATENATE(V186,"_",W186)) -> CENS_AMBA | Y186: 0.46791924 | Z186: =+IFERROR(VLOOKUP(H186,#REF!,2,FALSE),"-") -> - | AA186: CON | AB186: =+IF(W186="","-",IF(W186="UNICO","CENSO","MUESTRA")) -> MUESTRA | AC186: ULTIMOS | AD186: -
A187: =+H187 -> 0069DM0463 | B187: Un.Serv. | C187: 03 | D187: 069 | E187: La Matanza | F187: 623606 | G187: 0 | H187: 0069DM0463 | I187: Oficial | J187: CENTRO EDUCATIVO DE NIVEL SECUNDARIO (C.E.N.S.) | K187: SEDE | M187: CENS 463 | N187: Urbano | O187: No | P187: Educación de Jóvenes y Adultos | Q187: Nivel Secundario | R187: 34 | S187: 4 | T187: 1 | V187: CENS | W187: =+IF(V187="","",IF(MID(V187,1,3)="ECE","UNICO",IF(V187="FINES",CONCATENATE("R",IF(OR(C187="16",C187="21",C187="22",C187="23"),"16212223",IF(OR(C187="15",C187="17",C187="24",C187="25"),"15172425",C187))),IF(V187="CEBAS","UNICO",IF(VALUE(C187)<=11,"AMBA","INTERIOR"))))) -> AMBA | X187: =+IF(V187="","-",CONCATENATE(V187,"_",W187)) -> CENS_AMBA | Y187: 0.47115194 | Z187: =+IFERROR(VLOOKUP(H187,#REF!,2,FALSE),"-") -> - | AA187: CON | AB187: =+IF(W187="","-",IF(W187="UNICO","CENSO","MUESTRA")) -> MUESTRA | AC187: PRIMEROS | AD187: -
A188: =+H188 -> 0099DM0453 | B188: Un.Serv. | C188: 05 | D188: 099 | E188: San Vicente | F188: 623667 | G188: 0 | H188: 0099DM0453 | I188: Oficial | J188: CENTRO EDUCATIVO DE NIVEL SECUNDARIO (C.E.N.S.) | K188: SEDE | M188: CENS 453 | N188: Urbano | O188: No | P188: Educación de Jóvenes y Adultos | Q188: Nivel Secundario | R188: 127 | S188: 7 | T188: 1 | V188: CENS | W188: =+IF(V188="","",IF(MID(V188,1,3)="ECE","UNICO",IF(V188="FINES",CONCATENATE("R",IF(OR(C188="16",C188="21",C188="22",C188="23"),"16212223",IF(OR(C188="15",C188="17",C188="24",C188="25"),"15172425",C188))),IF(V188="CEBAS","UNICO",IF(VALUE(C188)<=11,"AMBA","INTERIOR"))))) -> AMBA | X188: =+IF(V188="","-",CONCATENATE(V188,"_",W188)) -> CENS_AMBA | Y188: 0.47319455 | Z188: =+IFERROR(VLOOKUP(H188,#REF!,2,FALSE),"-") -> - | AA188: CON | AB188: =+IF(W188="","-",IF(W188="UNICO","CENSO","MUESTRA")) -> MUESTRA | AC188: PRIMEROS | AD188: -
A189: =+H189 -> 0111DM0454 | B189: Un.Serv. | C189: 02 | D189: 111 | E189: Lanús | F189: 623596 | G189: 0 | H189: 0111DM0454 | I189: Oficial | J189: CENTRO EDUCATIVO DE NIVEL SECUNDARIO (C.E.N.S.) | K189: SEDE | M189: CENS 454 | N189: Urbano | O189: No | P189: Educación de Jóvenes y Adultos | Q189: Nivel Secundario | R189: 196 | S189: 7 | T189: 1 | V189: CENS | W189: =+IF(V189="","",IF(MID(V189,1,3)="ECE","UNICO",IF(V189="FINES",CONCATENATE("R",IF(OR(C189="16",C189="21",C189="22",C189="23"),"16212223",IF(OR(C189="15",C189="17",C189="24",C189="25"),"15172425",C189))),IF(V189="CEBAS","UNICO",IF(VALUE(C189)<=11,"AMBA","INTERIOR"))))) -> AMBA | X189: =+IF(V189="","-",CONCATENATE(V189,"_",W189)) -> CENS_AMBA | Y189: 0.47532658 | Z189: =+IFERROR(VLOOKUP(H189,#REF!,2,FALSE),"-") -> - | AA189: CON | AB189: =+IF(W189="","-",IF(W189="UNICO","CENSO","MUESTRA")) -> MUESTRA | AC189: PRIMEROS | AD189: -
A190: =+H190 -> 0083DM0457 | B190: Un.Serv. | C190: 11 | D190: 083 | E190: Pilar | F190: 623976 | G190: 0 | H190: 0083DM0457 | I190: Oficial | J190: CENTRO EDUCATIVO DE NIVEL SECUNDARIO (C.E.N.S.) | K190: SEDE | M190: CENS 457 "PRESIDENTE RAÚL RICARDO ALFONSÍN" | N190: Urbano | O190: No | P190: Educación de Jóvenes y Adultos | Q190: Nivel Secundario | R190: 57 | S190: 3 | T190: 1 | V190: CENS | W190: =+IF(V190="","",IF(MID(V190,1,3)="ECE","UNICO",IF(V190="FINES",CONCATENATE("R",IF(OR(C190="16",C190="21",C190="22",C190="23"),"16212223",IF(OR(C190="15",C190="17",C190="24",C190="25"),"15172425",C190))),IF(V190="CEBAS","UNICO",IF(VALUE(C190)<=11,"AMBA","INTERIOR"))))) -> AMBA | X190: =+IF(V190="","-",CONCATENATE(V190,"_",W190)) -> CENS_AMBA | Y190: 0.47540111 | Z190: =+IFERROR(VLOOKUP(H190,#REF!,2,FALSE),"-") -> - | AA190: CON | AB190: =+IF(W190="","-",IF(W190="UNICO","CENSO","MUESTRA")) -> MUESTRA | AC190: PRIMEROS | AD190: -
A191: =+H191 -> 0069DM0468 | B191: Un.Serv. | C191: 03 | D191: 069 | E191: La Matanza | F191: 623611 | G191: 0 | H191: 0069DM0468 | I191: Oficial | J191: CENTRO EDUCATIVO DE NIVEL SECUNDARIO (C.E.N.S.) | K191: SEDE | M191: CENS 468 | N191: Urbano | O191: No | P191: Educación de Jóvenes y Adultos | Q191: Nivel Secundario | R191: 64 | S191: 6 | T191: 1 | V191: CENS | W191: =+IF(V191="","",IF(MID(V191,1,3)="ECE","UNICO",IF(V191="FINES",CONCATENATE("R",IF(OR(C191="16",C191="21",C191="22",C191="23"),"16212223",IF(OR(C191="15",C191="17",C191="24",C191="25"),"15172425",C191))),IF(V191="CEBAS","UNICO",IF(VALUE(C191)<=11,"AMBA","INTERIOR"))))) -> AMBA | X191: =+IF(V191="","-",CONCATENATE(V191,"_",W191)) -> CENS_AMBA | Y191: 0.47669315 | Z191: =+IFERROR(VLOOKUP(H191,#REF!,2,FALSE),"-") -> - | AA191: CON | AB191: =+IF(W191="","-",IF(W191="UNICO","CENSO","MUESTRA")) -> MUESTRA | AC191: PRIMEROS | AD191: -
A192: =+H192 -> 0069DM0467 | B192: Un.Serv. | C192: 03 | D192: 069 | E192: La Matanza | F192: 623610 | G192: 0 | H192: 0069DM0467 | I192: Oficial | J192: CENTRO EDUCATIVO DE NIVEL SECUNDARIO (C.E.N.S.) | K192: SEDE | M192: CENS 467 "LUCIANO ARRUGA" | N192: Urbano | O192: No | P192: Educación de Jóvenes y Adultos | Q192: Nivel Secundario | R192: 171 | S192: 10 | T192: 1 | V192: CENS | W192: =+IF(V192="","",IF(MID(V192,1,3)="ECE","UNICO",IF(V192="FINES",CONCATENATE("R",IF(OR(C192="16",C192="21",C192="22",C192="23"),"16212223",IF(OR(C192="15",C192="17",C192="24",C192="25"),"15172425",C192))),IF(V192="CEBAS","UNICO",IF(VALUE(C192)<=11,"AMBA","INTERIOR"))))) -> AMBA | X192: =+IF(V192="","-",CONCATENATE(V192,"_",W192)) -> CENS_AMBA | Y192: 0.47791883 | Z192: =+IFERROR(VLOOKUP(H192,#REF!,2,FALSE),"-") -> - | AA192: CON | AB192: =+IF(W192="","-",IF(W192="UNICO","CENSO","MUESTRA")) -> MUESTRA | AC192: ULTIMOS | AD192: -
... A239: =+H239 -> 0069DM0486 | B239: Un.Serv. | C239: 03 | D239: 069 | E239: La Matanza | F239: 623615 | G239: 0 | H239: 0069DM0486 | I239: Oficial | J239: CENTRO EDUCATIVO DE NIVEL SECUNDARIO (C.E.N.S.) | K239: SEDE | M239: CENS 486 | N239: Urbano | O239: No | P239: Educación de Jóvenes y Adultos | Q239: Nivel Secundario | R239: 87 | S239: 6 | T239: 1 | V239: CENS | W239: =+IF(V239="","",IF(MID(V239,1,3)="ECE","UNICO",IF(V239="FINES",CONCATENATE("R",IF(OR(C239="16",C239="21",C239="22",C239="23"),"16212223",IF(OR(C239="15",C239="17",C239="24",C239="25"),"15172425",C239))),IF(V239="CEBAS","UNICO",IF(VALUE(C239)<=11,"AMBA","INTERIOR"))))) -> AMBA | X239: =+IF(V239="","-",CONCATENATE(V239,"_",W239)) -> CENS_AMBA | Y239: 0.56747096 | Z239: =+IFERROR(VLOOKUP(H239,#REF!,2,FALSE),"-") -> - | AA239: CON | AB239: =+IF(W239="","-",IF(W239="UNICO","CENSO","MUESTRA")) -> MUESTRA | AC239: PRIMEROS | AD239: -
A240: =+H240 -> 0113DM2760 | B240: Un.Serv. | C240: 01 | D240: 113 | E240: Berisso | F240: 624407 | G240: 1 | H240: 0113DM2760 | I240: Oficial | J240: CENTRO EDUCATIVO DE NIVEL SECUNDARIO (C.E.N.S.) | K240: EXTENSION | L240: 0001DM0476 | M240: CENS 476 EXTENSIÓN I - BERISSO | N240: Urbano | O240: No | P240: Educación de Jóvenes y Adultos | Q240: Nivel Secundario | R240: 22 | S240: 3 | T240: 1 | V240: CENS | W240: =+IF(V240="","",IF(MID(V240,1,3)="ECE","UNICO",IF(V240="FINES",CONCATENATE("R",IF(OR(C240="16",C240="21",C240="22",C240="23"),"16212223",IF(OR(C240="15",C240="17",C240="24",C240="25"),"15172425",C240))),IF(V240="CEBAS","UNICO",IF(VALUE(C240)<=11,"AMBA","INTERIOR"))))) -> AMBA | X240: =+IF(V240="","-",CONCATENATE(V240,"_",W240)) -> CENS_AMBA | Y240: 0.56849957 | Z240: =+IFERROR(VLOOKUP(H240,#REF!,2,FALSE),"-") -> - | AA240: CON | AB240: =+IF(W240="","-",IF(W240="UNICO","CENSO","MUESTRA")) -> MUESTRA | AC240: ULTIMOS | AD240: -
A241: =+H241 -> 0015DM0452 | B241: Un.Serv. | C241: 11 | D241: 015 | E241: Campana | F241: 605897 | G241: 0 | H241: 0015DM0452 | I241: Oficial | J241: CENTRO EDUCATIVO DE NIVEL SECUNDARIO (C.E.N.S.) | K241: SEDE | M241: CENS 452 | N241: Urbano | O241: No | P241: Educación de Jóvenes y Adultos | Q241: Nivel Secundario | R241: 156 | S241: 9 | T241: 1 | V241: CENS | W241: =+IF(V241="","",IF(MID(V241,1,3)="ECE","UNICO",IF(V241="FINES",CONCATENATE("R",IF(OR(C241="16",C241="21",C241="22",C241="23"),"16212223",IF(OR(C241="15",C241="17",C241="24",C241="25"),"15172425",C241))),IF(V241="CEBAS","UNICO",IF(VALUE(C241)<=11,"AMBA","INTERIOR"))))) -> AMBA | X241: =+IF(V241="","-",CONCATENATE(V241,"_",W241)) -> CENS_AMBA | Y241: 0.57042825 | Z241: =+IFERROR(VLOOKUP(H241,#REF!,2,FALSE),"-") -> - | AA241: CON | AB241: =+IF(W241="","-",IF(W241="UNICO","CENSO","MUESTRA")) -> MUESTRA | AC241: PRIMEROS | AD241: -
A242: =+H242 -> 0055DM0458 | B242: Un.Serv. | C242: 06 | D242: 055 | E242: Tigre | F242: 623676 | G242: 0 | H242: 0055DM0458 | I242: Oficial | J242: CENTRO EDUCATIVO DE NIVEL SECUNDARIO (C.E.N.S.) | K242: SEDE | M242: CENS 458 | N242: Urbano | O242: No | P242: Educación de Jóvenes y Adultos | Q242: Nivel Secundario | R242: 187 | S242: 9 | T242: 1 | V242: CENS | W242: =+IF(V242="","",IF(MID(V242,1,3)="ECE","UNICO",IF(V242="FINES",CONCATENATE("R",IF(OR(C242="16",C242="21",C242="22",C242="23"),"16212223",IF(OR(C242="15",C242="17",C242="24",C242="25"),"15172425",C242))),IF(V242="CEBAS","UNICO",IF(VALUE(C242)<=11,"AMBA","INTERIOR"))))) -> AMBA | X242: =+IF(V242="","-",CONCATENATE(V242,"_",W242)) -> CENS_AMBA | Y242: 0.57045775 | Z242: =+IFERROR(VLOOKUP(H242,#REF!,2,FALSE),"-") -> - | AA242: CON | AB242: =+IF(W242="","-",IF(W242="UNICO","CENSO","MUESTRA")) -> MUESTRA | AC242: ULTIMOS | AD242: -
A243: =+H243 -> 0069DM0474 | B243: Un.Serv. | C243: 03 | D243: 069 | E243: La Matanza | F243: 623622 | G243: 0 | H243: 0069DM0474 | I243: Oficial | J243: CENTRO EDUCATIVO DE NIVEL SECUNDARIO (C.E.N.S.) | K243: SEDE | M243: CENS 474 | N243: Urbano | O243: No | P243: Educación de Jóvenes y Adultos | Q243: Nivel Secundario | R243: 107 | S243: 6 | T243: 1 | V243: CENS | W243: =+IF(V243="","",IF(MID(V243,1,3)="ECE","UNICO",IF(V243="FINES",CONCATENATE("R",IF(OR(C243="16",C243="21",C243="22",C243="23"),"16212223",IF(OR(C243="15",C243="17",C243="24",C243="25"),"15172425",C243))),IF(V243="CEBAS","UNICO",IF(VALUE(C243)<=11,"AMBA","INTERIOR"))))) -> AMBA | X243: =+IF(V243="","-",CONCATENATE(V243,"_",W243)) -> CENS_AMBA | Y243: 0.57096469 | Z243: =+IFERROR(VLOOKUP(H243,#REF!,2,FALSE),"-") -> - | AA243: CON | AB243: =+IF(W243="","-",IF(W243="UNICO","CENSO","MUESTRA")) -> MUESTRA | AC243: ULTIMOS | AD243: -
A244: =+H244 -> 0069DM3522 | B244: Un.Serv. | C244: 03 | D244: 069 | E244: La Matanza | F244: 614307 | G244: 2 | H244: 0069DM3522 | I244: Oficial | J244: CENTRO EDUCATIVO DE NIVEL SECUNDARIO (C.E.N.S.) | K244: ANEXO | L244: 0069DM0452 | M244: CENS 452 - ANEXO II | N244: Urbano | O244: No | P244: Educación de Jóvenes y Adultos | Q244: Nivel Secundario | R244: 146 | S244: 13 | T244: 1 | V244: CENS | W244: =+IF(V244="","",IF(MID(V244,1,3)="ECE","UNICO",IF(V244="FINES",CONCATENATE("R",IF(OR(C244="16",C244="21",C244="22",C244="23"),"16212223",IF(OR(C244="15",C244="17",C244="24",C244="25"),"15172425",C244))),IF(V244="CEBAS","UNICO",IF(VALUE(C244)<=11,"AMBA","INTERIOR"))))) -> AMBA | X244: =+IF(V244="","-",CONCATENATE(V244,"_",W244)) -> CENS_AMBA | Y244: 0.57122707 | Z244: =+IFERROR(VLOOKUP(H244,#REF!,2,FALSE),"-") -> - | AA244: CON | AB244: =+IF(W244="","-",IF(W244="UNICO","CENSO","MUESTRA")) -> MUESTRA | AC244: PRIMEROS | AD244: -
A245: =+H245 -> 0133DM0455 | B245: Un.Serv. | C245: 09 | D245: 133 | E245: Malvinas Argentinas | F245: 623735 | G245: 0 | H245: 0133DM0455 | I245: Oficial | J245: CENTRO EDUCATIVO DE NIVEL SECUNDARIO (C.E.N.S.) | K245: SEDE | M245: CENS 455 | N245: Urbano | O245: No | P245: Educación de Jóvenes y Adultos | Q245: Nivel Secundario | R245: 219 | S245: 6 | T245: 1 | V245: CENS | W245: =+IF(V245="","",IF(MID(V245,1,3)="ECE","UNICO",IF(V245="FINES",CONCATENATE("R",IF(OR(C245="16",C245="21",C245="22",C245="23"),"16212223",IF(OR(C245="15",C245="17",C245="24",C245="25"),"15172425",C245))),IF(V245="CEBAS","UNICO",IF(VALUE(C245)<=11,"AMBA","INTERIOR"))))) -> AMBA | X245: =+IF(V245="","-",CONCATENATE(V245,"_",W245)) -> CENS_AMBA | Y245: 0.57123738 | Z245: =+IFERROR(VLOOKUP(H245,#REF!,2,FALSE),"-") -> - | AA245: CON | AB245: =+IF(W245="","-",IF(W245="UNICO","CENSO","MUESTRA")) -> MUESTRA | AC245: ULTIMOS | AD245: -
A246: =+H246 -> 0004DM0454 | B246: Un.Serv. | C246: 05 | D246: 004 | E246: Almirante Brown | F246: 623909 | G246: 0 | H246: 0004DM0454 | I246: Oficial | J246: CENTRO EDUCATIVO DE NIVEL SECUNDARIO (C.E.N.S.) | K246: SEDE | M246: CENS 454 | N246: Urbano | O246: No | P246: Educación de Jóvenes y Adultos | Q246: Nivel Secundario | R246: 56 | S246: 3 | T246: 1 | V246: CENS | W246: =+IF(V246="","",IF(MID(V246,1,3)="ECE","UNICO",IF(V246="FINES",CONCATENATE("R",IF(OR(C246="16",C246="21",C246="22",C246="23"),"16212223",IF(OR(C246="15",C246="17",C246="24",C246="25"),"15172425",C246))),IF(V246="CEBAS","UNICO",IF(VALUE(C246)<=11,"AMBA","INTERIOR"))))) -> AMBA | X246: =+IF(V246="","-",CONCATENATE(V246,"_",W246)) -> CENS_AMBA | Y246: 0.572905 | Z246: =+IFERROR(VLOOKUP(H246,#REF!,2,FALSE),"-") -> - | AA246: CON | AB246: =+IF(W246="","-",IF(W246="UNICO","CENSO","MUESTRA")) -> MUESTRA | AC246: PRIMEROS | AD246: -
A247: =+H247 -> 0045DM0459 | B247: Un.Serv. | C247: 07 | D247: 045 | E247: General San Martín | F247: 616742 | G247: 0 | H247: 0045DM0459 | I247: Oficial | J247: CENTRO EDUCATIVO DE NIVEL SECUNDARIO (C.E.N.S.) | K247: SEDE | M247: CENS 459 | N247: Urbano | O247: No | P247: Educación de Jóvenes y Adultos | Q247: Nivel Secundario | R247: 132 | S247: 6 | T247: 1 | V247: CENS | W247: =+IF(V247="","",IF(MID(V247,1,3)="ECE","UNICO",IF(V247="FINES",CONCATENATE("R",IF(OR(C247="16",C247="21",C247="22",C247="23"),"16212223",IF(OR(C247="15",C247="17",C247="24",C247="25"),"15172425",C247))),IF(V247="CEBAS","UNICO",IF(VALUE(C247)<=11,"AMBA","INTERIOR"))))) -> AMBA | X247: =+IF(V247="","-",CONCATENATE(V247,"_",W247)) -> CENS_AMBA | Y247: 0.57423827 | Z247: =+IFERROR(VLOOKUP(H247,#REF!,2,FALSE),"-") -> - | AA247: CON | AB247: =+IF(W247="","-",IF(W247="UNICO","CENSO","MUESTRA")) -> MUESTRA | AC247: ULTIMOS | AD247: -
A248: =+H248 -> 0071DM0453 | B248: Un.Serv. | C248: 08 | D248: 071 | E248: Merlo | F248: 615661 | G248: 0 | H248: 0071DM0453 | I248: Oficial | J248: CENTRO EDUCATIVO DE NIVEL SECUNDARIO (C.E.N.S.) | K248: SEDE | M248: CENS 453 | N248: Urbano | O248: No | P248: Educación de Jóvenes y Adultos | Q248: Nivel Secundario | R248: 59 | S248: 3 | T248: 1 | V248: CENS | W248: =+IF(V248="","",IF(MID(V248,1,3)="ECE","UNICO",IF(V248="FINES",CONCATENATE("R",IF(OR(C248="16",C248="21",C248="22",C248="23"),"16212223",IF(OR(C248="15",C248="17",C248="24",C248="25"),"15172425",C248))),IF(V248="CEBAS","UNICO",IF(VALUE(C248)<=11,"AMBA","INTERIOR"))))) -> AMBA | X248: =+IF(V248="","-",CONCATENATE(V248,"_",W248)) -> CENS_AMBA | Y248: 0.57695808 | Z248: =+IFERROR(VLOOKUP(H248,#REF!,2,FALSE),"-") -> - | AA248: CON | AB248: =+IF(W248="","-",IF(W248="UNICO","CENSO","MUESTRA")) -> MUESTRA | AC248: ULTIMOS | AD248: -
A249: =+H249 -> 0116DM0452 | B249: Un.Serv. | C249: 11 | D249: 116 | E249: Escobar | F249: 623761 | G249: 0 | H249: 0116DM0452 | I249: Oficial | J249: CENTRO EDUCATIVO DE NIVEL SECUNDARIO (C.E.N.S.) | K249: SEDE | M249: CENS 452 | N249: Urbano | O249: No | P249: Educación de Jóvenes y Adultos | Q249: Nivel Secundario | R249: 245 | S249: 7 | T249: 1 | V249: CENS | W249: =+IF(V249="","",IF(MID(V249,1,3)="ECE","UNICO",IF(V249="FINES",CONCATENATE("R",IF(OR(C249="16",C249="21",C249="22",C249="23"),"16212223",IF(OR(C249="15",C249="17",C249="24",C249="25"),"15172425",C249))),IF(V249="CEBAS","UNICO",IF(VALUE(C249)<=11,"AMBA","INTERIOR"))))) -> AMBA | X249: =+IF(V249="","-",CONCATENATE(V249,"_",W249)) -> CENS_AMBA | Y249: 0.57987466 | Z249: =+IFERROR(VLOOKUP(H249,#REF!,2,FALSE),"-") -> - | AA249: CON | AB249: =+IF(W249="","-",IF(W249="UNICO","CENSO","MUESTRA")) -> MUESTRA | AC249: PRIMEROS | AD249: -
A250: =+H250 -> 0055DM0454 | B250: Un.Serv. | C250: 06 | D250: 055 | E250: Tigre | F250: 621170 | G250: 0 | H250: 0055DM0454 | I250: Oficial | J250: CENTRO EDUCATIVO DE NIVEL SECUNDARIO (C.E.N.S.) | K250: SEDE | M250: CENS 454 "BACHILLERATO POPULAR RAICES" | N250: Urbano | O250: No | P250: Educación de Jóvenes y Adultos | Q250: Nivel Secundario | R250: 70 | S250: 3 | T250: 1 | V250: CENS | W250: =+IF(V250="","",IF(MID(V250,1,3)="ECE","UNICO",IF(V250="FINES",CONCATENATE("R",IF(OR(C250="16",C250="21",C250="22",C250="23"),"16212223",IF(OR(C250="15",C250="17",C250="24",C250="25"),"15172425",C250))),IF(V250="CEBAS","UNICO",IF(VALUE(C250)<=11,"AMBA","INTERIOR"))))) -> AMBA | X250: =+IF(V250="","-",CONCATENATE(V250,"_",W250)) -> CENS_AMBA | Y250: 0.58067562 | Z250: =+IFERROR(VLOOKUP(H250,#REF!,2,FALSE),"-") -> - | AA250: CON | AB250: =+IF(W250="","-",IF(W250="UNICO","CENSO","MUESTRA")) -> MUESTRA | AC250: ULTIMOS | AD250: -
...

Sheet MARCO
A1: Codigo | B1: Tipo | C1: Región Educativa | D1: Código Distrito DGCyE | E1: Nombre de Distrito - Partido | F1: CUE | G1: Anexo | H1: Clave | I1: Dependencia | J1: Tipo de Organización | K1: Sede Anexo Extensión | L1: Escuela Sede | M1: Nombre | N1: Ámbito Geográfico | O1: Matrícula Estimada | P1: Modalidad | Q1: Nivel | R1: Matricula Total | S1: Secciones | T1: Universo | U1: Universo_Excl. | V1: Estrato_Oferta | W1: Estrato_GEO | X1: Estrato | Y1: IVSE_T | Z1: ECE | AA1: Distrito _Boleto | AB1: criterios_seleccion_sede | AC1: Casos_Seleccionar_Lista | AD1: Fines_Direccion | AE1: Fines_Módulo | AF1: Prueba_Piloto
A2: =+H2 -> 0043DS0011 | B2: Un.Serv. | C2: 19 | D2: 043 | E2: General Pueyrredón | F2: 609259 | G2: 0 | H2: 0043DS0011 | I2: Oficial | J2: CENTRO ESPECIALIZADO PARA ADULTOS CON ORIENTACIÓN EN SALUD (CEBAS) | K2: SEDE | M2: C.E.B.A.S. N 11 | N2: Urbano | O2: No | P2: Educación de Jóvenes y Adultos | Q2: Nivel Secundario | R2: 97 | S2: 6 | T2: 1 | V2: CEBAS | W2: =+IF(V2="","",IF(MID(V2,1,3)="ECE","UNICO",IF(V2="FINES",CONCATENATE("R",IF(OR(C2="16",C2="21",C2="22",C2="23"),"16212223",IF(OR(C2="15",C2="17",C2="24",C2="25"),"15172425",C2))),IF(V2="CEBAS","UNICO",IF(VALUE(C2)<=11,"AMBA","INTERIOR"))))) -> UNICO | X2: =+IF(V2="","-",CONCATENATE(V2,"_",W2)) -> CEBAS_UNICO | Y2: 0.063379868 | Z2: =+IFERROR(VLOOKUP(H2,#REF!,2,FALSE),"-") -> - | AA2: SIN | AB2: =+IF(W2="","-",IF(W2="UNICO","CENSO","MUESTRA")) -> CENSO | AC2: PRIMEROS | AD2: - | AF2: =+COUNTIF(Piloto!C:C,MARCO!A2) -> 0
A3: =+H3 -> 0008DS0030 | B3: Un.Serv. | C3: 22 | D3: 008 | E3: Bahía Blanca | F3: 616446 | G3: 0 | H3: 0008DS0030 | I3: Oficial | J3: CENTRO ESPECIALIZADO PARA ADULTOS CON ORIENTACIÓN EN SALUD (CEBAS) | K3: SEDE | M3: C.E.B.A.S. N 30 "ENFERMERAS 1982 POR MALVINAS" | N3: Urbano | O3: No | P3: Educación de Jóvenes y Adultos | Q3: Nivel Secundario | R3: 48 | S3: 3 | T3: 1 | V3: CEBAS | W3: =+IF(V3="","",IF(MID(V3,1,3)="ECE","UNICO",IF(V3="FINES",CONCATENATE("R",IF(OR(C3="16",C3="21",C3="22",C3="23"),"16212223",IF(OR(C3="15",C3="17",C3="24",C3="25"),"15172425",C3))),IF(V3="CEBAS","UNICO",IF(VALUE(C3)<=11,"AMBA","INTERIOR"))))) -> UNICO | X3: =+IF(V3="","-",CONCATENATE(V3,"_",W3)) -> CEBAS_UNICO | Y3: 0.094380705 | Z3: =+IFERROR(VLOOKUP(H3,#REF!,2,FALSE),"-") -> - | AA3: SIN | AB3: =+IF(W3="","-",IF(W3="UNICO","CENSO","MUESTRA")) -> CENSO | AC3: PRIMEROS | AD3: - | AF3: =+COUNTIF(Piloto!C:C,MARCO!A3) -> 0
A4: =+H4 -> 0062DS0016 | B4: Un.Serv. | C4: 02 | D4: 062 | E4: Lomas de Zamora | F4: 614623 | G4: 0 | H4: 0062DS0016 | I4: Oficial | J4: CENTRO ESPECIALIZADO PARA ADULTOS CON ORIENTACIÓN EN SALUD (CEBAS) | K4: SEDE | M4: C.E.B.A.S N 16 | N4: Urbano | O4: No | P4: Educación de Jóvenes y Adultos | Q4: Nivel Secundario | R4: 63 | S4: 6 | T4: 1 | V4: CEBAS | W4: =+IF(V4="","",IF(MID(V4,1,3)="ECE","UNICO",IF(V4="FINES",CONCATENATE("R",IF(OR(C4="16",C4="21",C4="22",C4="23"),"16212223",IF(OR(C4="15",C4="17",C4="24",C4="25"),"15172425",C4))),IF(V4="CEBAS","UNICO",IF(VALUE(C4)<=11,"AMBA","INTERIOR"))))) -> UNICO | X4: =+IF(V4="","-",CONCATENATE(V4,"_",W4)) -> CEBAS_UNICO | Y4: 0.096115828 | Z4: =+IFERROR(VLOOKUP(H4,#REF!,2,FALSE),"-") -> - | AA4: CON | AB4: =+IF(W4="","-",IF(W4="UNICO","CENSO","MUESTRA")) -> CENSO | AC4: PRIMEROS | AD4: - | AF4: =+COUNTIF(Piloto!C:C,MARCO!A4) -> 0
A5: =+H5 -> 0111DS0049 | B5: Un.Serv. | C5: 02 | D5: 111 | E5: Lanús | F5: 620507 | G5: 0 | H5: 0111DS0049 | I5: Oficial | J5: CENTRO ESPECIALIZADO PARA ADULTOS CON ORIENTACIÓN EN SALUD (CEBAS) | K5: SEDE | M5: C.E.B.A.S. N 49 | N5: Urbano | O5: No | P5: Educación de Jóvenes y Adultos | Q5: Nivel Secundario | R5: 43 | S5: 3 | T5: 1 | V5: CEBAS | W5: =+IF(V5="","",IF(MID(V5,1,3)="ECE","UNICO",IF(V5="FINES",CONCATENATE("R",IF(OR(C5="16",C5="21",C5="22",C5="23"),"16212223",IF(OR(C5="15",C5="17",C5="24",C5="25"),"15172425",C5))),IF(V5="CEBAS","UNICO",IF(VALUE(C5)<=11,"AMBA","INTERIOR"))))) -> UNICO | X5: =+IF(V5="","-",CONCATENATE(V5,"_",W5)) -> CEBAS_UNICO | Y5: 0.14383187 | Z5: =+IFERROR(VLOOKUP(H5,#REF!,2,FALSE),"-") -> - | AA5: CON | AB5: =+IF(W5="","-",IF(W5="UNICO","CENSO","MUESTRA")) -> CENSO | AC5: ULTIMOS | AD5: - | AF5: =+COUNTIF(Piloto!C:C,MARCO!A5) -> 0
A6: =+H6 -> 0100DS0028 | B6: Un.Serv. | C6: 08 | D6: 100 | E6: Morón | F6: 616437 | G6: 0 | H6: 0100DS0028 | I6: Oficial | J6: CENTRO ESPECIALIZADO PARA ADULTOS CON ORIENTACIÓN EN SALUD (CEBAS) | K6: SEDE | M6: C.E.B.A.S. N 28 | N6: Urbano | O6: No | P6: Educación de Jóvenes y Adultos | Q6: Nivel Secundario | R6: 109 | S6: 6 | T6: 1 | V6: CEBAS | W6: =+IF(V6="","",IF(MID(V6,1,3)="ECE","UNICO",IF(V6="FINES",CONCATENATE("R",IF(OR(C6="16",C6="21",C6="22",C6="23"),"16212223",IF(OR(C6="15",C6="17",C6="24",C6="25"),"15172425",C6))),IF(V6="CEBAS","UNICO",IF(VALUE(C6)<=11,"AMBA","INTERIOR"))))) -> UNICO | X6: =+IF(V6="","-",CONCATENATE(V6,"_",W6)) -> CEBAS_UNICO | Y6: 0.15550203 | Z6: =+IFERROR(VLOOKUP(H6,#REF!,2,FALSE),"-") -> - | AA6: CON | AB6: =+IF(W6="","-",IF(W6="UNICO","CENSO","MUESTRA")) -> CENSO | AC6: ULTIMOS | AD6: - | AF6: =+COUNTIF(Piloto!C:C,MARCO!A6) -> 0
A7: =+H7 -> 0032DS0013 | B7: Un.Serv. | C7: 04 | D7: 032 | E7: Florencio Varela | F7: 608715 | G7: 0 | H7: 0032DS0013 | I7: Oficial | J7: CENTRO ESPECIALIZADO PARA ADULTOS CON ORIENTACIÓN EN SALUD (CEBAS) | K7: SEDE | M7: C.E.B.A.S. N 13 | N7: Urbano | O7: No | P7: Educación de Jóvenes y Adultos | Q7: Nivel Secundario | R7: 82 | S7: 3 | T7: 1 | V7: CEBAS | W7: =+IF(V7="","",IF(MID(V7,1,3)="ECE","UNICO",IF(V7="FINES",CONCATENATE("R",IF(OR(C7="16",C7="21",C7="22",C7="23"),"16212223",IF(OR(C7="15",C7="17",C7="24",C7="25"),"15172425",C7))),IF(V7="CEBAS","UNICO",IF(VALUE(C7)<=11,"AMBA","INTERIOR"))))) -> UNICO | X7: =+IF(V7="","-",CONCATENATE(V7,"_",W7)) -> CEBAS_UNICO | Y7: 0.17282251 | Z7: =+IFERROR(VLOOKUP(H7,#REF!,2,FALSE),"-") -> - | AA7: CON | AB7: =+IF(W7="","-",IF(W7="UNICO","CENSO","MUESTRA")) -> CENSO | AC7: PRIMEROS | AD7: - | AF7: =+COUNTIF(Piloto!C:C,MARCO!A7) -> 0
A8: =+H8 -> 0001DS0001 | B8: Un.Serv. | C8: 01 | D8: 001 | E8: La Plata | F8: 609006 | G8: 0 | H8: 0001DS0001 | I8: Oficial | J8: CENTRO ESPECIALIZADO PARA ADULTOS CON ORIENTACIÓN EN SALUD (CEBAS) | K8: SEDE | M8: C.E.B.A.S. N 1 "FLOREAL FERRARA" | N8: Urbano | O8: No | P8: Educación de Jóvenes y Adultos | Q8: Nivel Secundario | R8: 256 | S8: 9 | T8: 1 | V8: CEBAS | W8: =+IF(V8="","",IF(MID(V8,1,3)="ECE","UNICO",IF(V8="FINES",CONCATENATE("R",IF(OR(C8="16",C8="21",C8="22",C8="23"),"16212223",IF(OR(C8="15",C8="17",C8="24",C8="25"),"15172425",C8))),IF(V8="CEBAS","UNICO",IF(VALUE(C8)<=11,"AMBA","INTERIOR"))))) -> UNICO | X8: =+IF(V8="","-",CONCATENATE(V8,"_",W8)) -> CEBAS_UNICO | Y8: 0.17714942 | Z8: =+IFERROR(VLOOKUP(H8,#REF!,2,FALSE),"-") -> - | AA8: CON | AB8: =+IF(W8="","-",IF(W8="UNICO","CENSO","MUESTRA")) -> CENSO | AC8: PRIMEROS | AD8: - | AF8: =+COUNTIF(Piloto!C:C,MARCO!A8) -> 0
A9: =+H9 -> 0030DS0041 | B9: Un.Serv. | C9: 05 | D9: 030 | E9: Esteban Echeverría | F9: 620534 | G9: 0 | H9: 0030DS0041 | I9: Oficial | J9: CENTRO ESPECIALIZADO PARA ADULTOS CON ORIENTACIÓN EN SALUD (CEBAS) | K9: SEDE | M9: C.E.B.A.S. N 41 | N9: Urbano | O9: No | P9: Educación de Jóvenes y Adultos | Q9: Nivel Secundario | R9: 33 | S9: 3 | T9: 1 | V9: CEBAS | W9: =+IF(V9="","",IF(MID(V9,1,3)="ECE","UNICO",IF(V9="FINES",CONCATENATE("R",IF(OR(C9="16",C9="21",C9="22",C9="23"),"16212223",IF(OR(C9="15",C9="17",C9="24",C9="25"),"15172425",C9))),IF(V9="CEBAS","UNICO",IF(VALUE(C9)<=11,"AMBA","INTERIOR"))))) -> UNICO | X9: =+IF(V9="","-",CONCATENATE(V9,"_",W9)) -> CEBAS_UNICO | Y9: 0.18888588 | Z9: =+IFERROR(VLOOKUP(H9,#REF!,2,FALSE),"-") -> - | AA9: CON | AB9: =+IF(W9="","-",IF(W9="UNICO","CENSO","MUESTRA")) -> CENSO | AC9: ULTIMOS | AD9: - | AF9: =+COUNTIF(Piloto!C:C,MARCO!A9) -> 0
A10: =+H10 -> 0094DS0047 | B10: Un.Serv. | C10: 13 | D10: 094 | E10: San Antonio de Areco | F10: 619088 | G10: 0 | H10: 0094DS0047 | I10: Oficial | J10: CENTRO ESPECIALIZADO PARA ADULTOS CON ORIENTACIÓN EN SALUD (CEBAS) | K10: SEDE | M10: C.E.B.A.S. N 47 | N10: Urbano | O10: No | P10: Educación de Jóvenes y Adultos | Q10: Nivel Secundario | R10: 33 | S10: 2 | T10: 1 | V10: CEBAS | W10: =+IF(V10="","",IF(MID(V10,1,3)="ECE","UNICO",IF(V10="FINES",CONCATENATE("R",IF(OR(C10="16",C10="21",C10="22",C10="23"),"16212223",IF(OR(C10="15",C10="17",C10="24",C10="25"),"15172425",C10))),IF(V10="CEBAS","UNICO",IF(VALUE(C10)<=11,"AMBA","INTERIOR"))))) -> UNICO | X10: =+IF(V10="","-",CONCATENATE(V10,"_",W10)) -> CEBAS_UNICO | Y10: 0.18974226 | Z10: =+IFERROR(VLOOKUP(H10,#REF!,2,FALSE),"-") -> - | AA10: SIN | AB10: =+IF(W10="","-",IF(W10="UNICO","CENSO","MUESTRA")) -> CENSO | AC10: ULTIMOS | AD10: - | AF10: =+COUNTIF(Piloto!C:C,MARCO!A10) -> 0
A11: =+H11 -> 0076DS0019 | B11: Un.Serv. | C11: 15 | D11: 076 | E11: 9 de Julio | F11: 615601 | G11: 0 | H11: 0076DS0019 | I11: Oficial | J11: CENTRO ESPECIALIZADO PARA ADULTOS CON ORIENTACIÓN EN SALUD (CEBAS) | K11: SEDE | M11: C.E.B.A.S. N 19 | N11: Urbano | O11: No | P11: Educación de Jóvenes y Adultos | Q11: Nivel Secundario | R11: 39 | S11: 3 | T11: 1 | V11: CEBAS | W11: =+IF(V11="","",IF(MID(V11,1,3)="ECE","UNICO",IF(V11="FINES",CONCATENATE("R",IF(OR(C11="16",C11="21",C11="22",C11="23"),"16212223",IF(OR(C11="15",C11="17",C11="24",C11="25"),"15172425",C11))),IF(V11="CEBAS","UNICO",IF(VALUE(C11)<=11,"AMBA","INTERIOR"))))) -> UNICO | X11: =+IF(V11="","-",CONCATENATE(V11,"_",W11)) -> CEBAS_UNICO | Y11: 0.19851275 | Z11: =+IFERROR(VLOOKUP(H11,#REF!,2,FALSE),"-") -> - | AA11: SIN | AB11: =+IF(W11="","-",IF(W11="UNICO","CENSO","MUESTRA")) -> CENSO | AC11: ULTIMOS | AD11: - | AF11: =+COUNTIF(Piloto!C:C,MARCO!A11) -> 0
A12: =+H12 -> 0055DS2370 | B12: Un.Serv. | C12: 06 | D12: 055 | E12: Tigre | F12: 616870 | G12: 1 | H12: 0055DS2370 | I12: Oficial | J12: CENTRO ESPECIALIZADO PARA ADULTOS CON ORIENTACIÓN EN SALUD (CEBAS) | K12: EXTENSION | L12: 0116DS0037 | M12: C.E.B.A.S. N°37 - EXTENSIÓN | N12: Urbano | O12: No | P12: Educación de Jóvenes y Adultos | Q12: Nivel Secundario | R12: 61 | S12: 3 | T12: 1 | V12: CEBAS | W12: =+IF(V12="","",IF(MID(V12,1,3)="ECE","UNICO",IF(V12="FINES",CONCATENATE("R",IF(OR(C12="16",C12="21",C12="22",C12="23"),"16212223",IF(OR(C12="15",C12="17",C12="24",C12="25"),"15172425",C12))),IF(V12="CEBAS","UNICO",IF(VALUE(C12)<=11,"AMBA","INTERIOR"))))) -> UNICO | X12: =+IF(V12="","-",CONCATENATE(V12,"_",W12)) -> CEBAS_UNICO | Y12: 0.20705157 | Z12: =+IFERROR(VLOOKUP(H12,#REF!,2,FALSE),"-") -> - | AA12: CON | AB12: =+IF(W12="","-",IF(W12="UNICO","CENSO","MUESTRA")) -> CENSO | AC12: ULTIMOS | AD12: - | AF12: =+COUNTIF(Piloto!C:C,MARCO!A12) -> 0
A13: =+H13 -> 0001DS0048 | B13: Un.Serv. | C13: 01 | D13: 001 | E13: La Plata | F13: 620508 | G13: 0 | H13: 0001DS0048 | I13: Oficial | J13: CENTRO ESPECIALIZADO PARA ADULTOS CON ORIENTACIÓN EN SALUD (CEBAS) | K13: SEDE | M13: C.E.B.A.S. N 48 "DR. RENÉ FAVALORO" | N13: Urbano | O13: No | P13: Educación de Jóvenes y Adultos | Q13: Nivel Secundario | R13: 16 | S13: 1 | T13: 1 | V13: CEBAS | W13: =+IF(V13="","",IF(MID(V13,1,3)="ECE","UNICO",IF(V13="FINES",CONCATENATE("R",IF(OR(C13="16",C13="21",C13="22",C13="23"),"16212223",IF(OR(C13="15",C13="17",C13="24",C13="25"),"15172425",C13))),IF(V13="CEBAS","UNICO",IF(VALUE(C13)<=11,"AMBA","INTERIOR"))))) -> UNICO | X13: =+IF(V13="","-",CONCATENATE(V13,"_",W13)) -> CEBAS_UNICO | Y13: 0.25350336 | Z13: =+IFERROR(VLOOKUP(H13,#REF!,2,FALSE),"-") -> - | AA13: CON | AB13: =+IF(W13="","-",IF(W13="UNICO","CENSO","MUESTRA")) -> CENSO | AC13: ULTIMOS | AD13: - | AF13: =+COUNTIF(Piloto!C:C,MARCO!A13) -> 1
A14: =+H14 -> 0045DS0002 | B14: Un.Serv. | C14: 07 | D14: 045 | E14: General San Martín | F14: 609445 | G14: 0 | H14: 0045DS0002 | I14: Oficial | J14: CENTRO ESPECIALIZADO PARA ADULTOS CON ORIENTACIÓN EN SALUD (CEBAS) | K14: SEDE | M14: C.E.B.A.S. N 2 "EDUCADOR PAULO FREIRE" | N14: Urbano | O14: No | P14: Educación de Jóvenes y Adultos | Q14: Nivel Secundario | R14: 89 | S14: 6 | T14: 1 | V14: CEBAS | W14: =+IF(V14="","",IF(MID(V14,1,3)="ECE","UNICO",IF(V14="FINES",CONCATENATE("R",IF(OR(C14="16",C14="21",C14="22",C14="23"),"16212223",IF(OR(C14="15",C14="17",C14="24",C14="25"),"15172425",C14))),IF(V14="CEBAS","UNICO",IF(VALUE(C14)<=11,"AMBA","INTERIOR"))))) -> UNICO | X14: =+IF(V14="","-",CONCATENATE(V14,"_",W14)) -> CEBAS_UNICO | Y14: 0.28876384 | Z14: =+IFERROR(VLOOKUP(H14,#REF!,2,FALSE),"-") -> - | AA14: CON | AB14: =+IF(W14="","-",IF(W14="UNICO","CENSO","MUESTRA")) -> CENSO | AC14: ULTIMOS | AD14: - | AF14: =+COUNTIF(Piloto!C:C,MARCO!A14) -> 0
A15: =+H15 -> 0005DS0010 | B15: Un.Serv. | C15: 02 | D15: 005 | E15: Avellaneda | F15: 610303 | G15: 0 | H15: 0005DS0010 | I15: Oficial | J15: CENTRO ESPECIALIZADO PARA ADULTOS CON ORIENTACIÓN EN SALUD (CEBAS) | K15: SEDE | M15: C.E.B.A.S. N 10 | N15: Urbano | O15: No | P15: Educación de Jóvenes y Adultos | Q15: Nivel Secundario | R15: 124 | S15: 6 | T15: 1 | V15: CEBAS | W15: =+IF(V15="","",IF(MID(V15,1,3)="ECE","UNICO",IF(V15="FINES",CONCATENATE("R",IF(OR(C15="16",C15="21",C15="22",C15="23"),"16212223",IF(OR(C15="15",C15="17",C15="24",C15="25"),"15172425",C15))),IF(V15="CEBAS","UNICO",IF(VALUE(C15)<=11,"AMBA","INTERIOR"))))) -> UNICO | X15: =+IF(V15="","-",CONCATENATE(V15,"_",W15)) -> CEBAS_UNICO | Y15: 0.29353985 | Z15: =+IFERROR(VLOOKUP(H15,#REF!,2,FALSE),"-") -> - | AA15: CON | AB15: =+IF(W15="","-",IF(W15="UNICO","CENSO","MUESTRA")) -> CENSO | AC15: PRIMEROS | AD15: - | AF15: =+COUNTIF(Piloto!C:C,MARCO!A15) -> 0
A16: =+H16 -> 0071DS0029 | B16: Un.Serv. | C16: 08 | D16: 071 | E16: Merlo | F16: 616233 | G16: 0 | H16: 0071DS0029 | I16: Oficial | J16: CENTRO ESPECIALIZADO PARA ADULTOS CON ORIENTACIÓN EN SALUD (CEBAS) | K16: SEDE | M16: C.E.B.A.S. N 29 | N16: Urbano | O16: No | P16: Educación de Jóvenes y Adultos | Q16: Nivel Secundario | R16: 102 | S16: 6 | T16: 1 | V16: CEBAS | W16: =+IF(V16="","",IF(MID(V16,1,3)="ECE","UNICO",IF(V16="FINES",CONCATENATE("R",IF(OR(C16="16",C16="21",C16="22",C16="23"),"16212223",IF(OR(C16="15",C16="17",C16="24",C16="25"),"15172425",C16))),IF(V16="CEBAS","UNICO",IF(VALUE(C16)<=11,"AMBA","INTERIOR"))))) -> UNICO | X16: =+IF(V16="","-",CONCATENATE(V16,"_",W16)) -> CEBAS_UNICO | Y16: 0.3499111 | Z16: =+IFERROR(VLOOKUP(H16,#REF!,2,FALSE),"-") -> - | AA16: CON | AB16: =+IF(W16="","-",IF(W16="UNICO","CENSO","MUESTRA")) -> CENSO | AC16: ULTIMOS | AD16: - | AF16: =+COUNTIF(Piloto!C:C,MARCO!A16) -> 0
A17: =+H17 -> 0132DS0039 | B17: Un.Serv. | C17: 09 | D17: 132 | E17: José C. Paz | F17: 619103 | G17: 0 | H17: 0132DS0039 | I17: Oficial | J17: CENTRO ESPECIALIZADO PARA ADULTOS CON ORIENTACIÓN EN SALUD (CEBAS) | K17: SEDE | M17: C.E.B.A.S. N 39 | N17: Urbano | O17: No | P17: Educación de Jóvenes y Adultos | Q17: Nivel Secundario | R17: 96 | S17: 6 | T17: 1 | V17: CEBAS | W17: =+IF(V17="","",IF(MID(V17,1,3)="ECE","UNICO",IF(V17="FINES",CONCATENATE("R",IF(OR(C17="16",C17="21",C17="22",C17="23"),"16212223",IF(OR(C17="15",C17="17",C17="24",C17="25"),"15172425",C17))),IF(V17="CEBAS","UNICO",IF(VALUE(C17)<=11,"AMBA","INTERIOR"))))) -> UNICO | X17: =+IF(V17="","-",CONCATENATE(V17,"_",W17)) -> CEBAS_UNICO | Y17: 0.41227043 | Z17: =+IFERROR(VLOOKUP(H17,#REF!,2,FALSE),"-") -> - | AA17: CON | AB17: =+IF(W17="","-",IF(W17="UNICO","CENSO","MUESTRA")) -> CENSO | AC17: PRIMEROS | AD17: - | AF17: =+COUNTIF(Piloto!C:C,MARCO!A17) -> 0
A18: =+H18 -> 0116DS0037 | B18: Un.Serv. | C18: 11 | D18: 116 | E18: Escobar | F18: 616870 | G18: 0 | H18: 0116DS0037 | I18: Oficial | J18: CENTRO ESPECIALIZADO PARA ADULTOS CON ORIENTACIÓN EN SALUD (CEBAS) | K18: SEDE | M18: C.E.B.A.S. N 37 | N18: Urbano | O18: No | P18: Educación de Jóvenes y Adultos | Q18: Nivel Secundario | R18: 54 | S18: 3 | T18: 1 | V18: CEBAS | W18: =+IF(V18="","",IF(MID(V18,1,3)="ECE","UNICO",IF(V18="FINES",CONCATENATE("R",IF(OR(C18="16",C18="21",C18="22",C18="23"),"16212223",IF(OR(C18="15",C18="17",C18="24",C18="25"),"15172425",C18))),IF(V18="CEBAS","UNICO",IF(VALUE(C18)<=11,"AMBA","INTERIOR"))))) -> UNICO | X18: =+IF(V18="","-",CONCATENATE(V18,"_",W18)) -> CEBAS_UNICO | Y18: 0.46929595 | Z18: =+IFERROR(VLOOKUP(H18,#REF!,2,FALSE),"-") -> - | AA18: CON | AB18: =+IF(W18="","-",IF(W18="UNICO","CENSO","MUESTRA")) -> CENSO | AC18: ULTIMOS | AD18: - | AF18: =+COUNTIF(Piloto!C:C,MARCO!A18) -> 0
A19: =+H19 -> 0119DS0017 | B19: Un.Serv. | C19: 04 | D19: 119 | E19: Berazategui | F19: 614624 | G19: 0 | H19: 0119DS0017 | I19: Oficial | J19: CENTRO ESPECIALIZADO PARA ADULTOS CON ORIENTACIÓN EN SALUD (CEBAS) | K19: SEDE | M19: C.E.B.A.S. N 17 | N19: Urbano | O19: No | P19: Educación de Jóvenes y Adultos | Q19: Nivel Secundario | R19: 86 | S19: 6 | T19: 1 | V19: CEBAS | W19: =+IF(V19="","",IF(MID(V19,1,3)="ECE","UNICO",IF(V19="FINES",CONCATENATE("R",IF(OR(C19="16",C19="21",C19="22",C19="23"),"16212223",IF(OR(C19="15",C19="17",C19="24",C19="25"),"15172425",C19))),IF(V19="CEBAS","UNICO",IF(VALUE(C19)<=11,"AMBA","INTERIOR"))))) -> UNICO | X19: =+IF(V19="","-",CONCATENATE(V19,"_",W19)) -> CEBAS_UNICO | Y19: 0.47318311 | Z19: =+IFERROR(VLOOKUP(H19,#REF!,2,FALSE),"-") -> - | AA19: CON | AB19: =+IF(W19="","-",IF(W19="UNICO","CENSO","MUESTRA")) -> CENSO | AC19: PRIMEROS | AD19: - | AF19: =+COUNTIF(Piloto!C:C,MARCO!A19) -> 0
A20: =+H20 -> 0001DS2480 | B20: Un.Serv. | C20: 01 | D20: 001 | E20: La Plata | F20: 620508 | G20: 1 | H20: 0001DS2480 | I20: Oficial | J20: CENTRO ESPECIALIZADO PARA ADULTOS CON ORIENTACIÓN EN SALUD (CEBAS) | K20: EXTENSION | L20: 0001DS0048 | M20: C.E.B.A.S. N 48 - EXTENSIÓN N 2480 | N20: Urbano | O20: No | P20: Educación de Jóvenes y Adultos | Q20: Nivel Secundario | R20: 77 | S20: 3 | T20: 1 | V20: CEBAS | W20: =+IF(V20="","",IF(MID(V20,1,3)="ECE","UNICO",IF(V20="FINES",CONCATENATE("R",IF(OR(C20="16",C20="21",C20="22",C20="23"),"16212223",IF(OR(C20="15",C20="17",C20="24",C20="25"),"15172425",C20))),IF(V20="CEBAS","UNICO",IF(VALUE(C20)<=11,"AMBA","INTERIOR"))))) -> UNICO | X20: =+IF(V20="","-",CONCATENATE(V20,"_",W20)) -> CEBAS_UNICO | Y20: 0.62820226 | Z20: =+IFERROR(VLOOKUP(H20,#REF!,2,FALSE),"-") -> - | AA20: CON | AB20: =+IF(W20="","-",IF(W20="UNICO","CENSO","MUESTRA")) -> CENSO | AC20: PRIMEROS | AD20: - | AF20: =+COUNTIF(Piloto!C:C,MARCO!A20) -> 0
A21: =+H21 -> 0069DS0004 | B21: Un.Serv. | C21: 03 | D21: 069 | E21: La Matanza | F21: 607939 | G21: 0 | H21: 0069DS0004 | I21: Oficial | J21: CENTRO ESPECIALIZADO PARA ADULTOS CON ORIENTACIÓN EN SALUD (CEBAS) | K21: SEDE | M21: C.E.B.A.S. N 4 "IRMA LACIAR" | N21: Urbano | O21: No | P21: Educación de Jóvenes y Adultos | Q21: Nivel Secundario | R21: 82 | S21: 6 | T21: 1 | V21: CEBAS | W21: =+IF(V21="","",IF(MID(V21,1,3)="ECE","UNICO",IF(V21="FINES",CONCATENATE("R",IF(OR(C21="16",C21="21",C21="22",C21="23"),"16212223",IF(OR(C21="15",C21="17",C21="24",C21="25"),"15172425",C21))),IF(V21="CEBAS","UNICO",IF(VALUE(C21)<=11,"AMBA","INTERIOR"))))) -> UNICO | X21: =+IF(V21="","-",CONCATENATE(V21,"_",W21)) -> CEBAS_UNICO | Y21: 0.6792475 | Z21: =+IFERROR(VLOOKUP(H21,#REF!,2,FALSE),"-") -> - | AA21: CON | AB21: =+IF(W21="","-",IF(W21="UNICO","CENSO","MUESTRA")) -> CENSO | AC21: ULTIMOS | AD21: - | AF21: =+COUNTIF(Piloto!C:C,MARCO!A21) -> 0
A22: =+H22 -> 0109DM0452 | B22: Un.Serv. | C22: 06 | D22: 109 | E22: Vicente López | F22: 623684 | G22: 0 | H22: 0109DM0452 | I22: Oficial | J22: CENTRO EDUCATIVO DE NIVEL SECUNDARIO (C.E.N.S.) | K22: SEDE | M22: CENS 452 "JORGE ALBERTO TAIANA" | N22: Urbano | O22: No | P22: Educación de Jóvenes y Adultos | Q22: Nivel Secundario | R22: 118 | S22: 9 | T22: 1 | V22: CENS | W22: =+IF(V22="","",IF(MID(V22,1,3)="ECE","UNICO",IF(V22="FINES",CONCATENATE("R",IF(OR(C22="16",C22="21",C22="22",C22="23"),"16212223",IF(OR(C22="15",C22="17",C22="24",C22="25"),"15172425",C22))),IF(V22="CEBAS","UNICO",IF(VALUE(C22)<=11,"AMBA","INTERIOR"))))) -> AMBA | X22: =+IF(V22="","-",CONCATENATE(V22,"_",W22)) -> CENS_AMBA | Y22: 0.018129991 | Z22: =+IFERROR(VLOOKUP(H22,#REF!,2,FALSE),"-") -> - | AA22: CON | AB22: =+IF(W22="","-",IF(W22="UNICO","CENSO","MUESTRA")) -> MUESTRA | AC22: PRIMEROS | AD22: - | AF22: =+COUNTIF(Piloto!C:C,MARCO!A22) -> 0
A23: =+H23 -> 0062DM0456 | B23: Un.Serv. | C23: 02 | D23: 062 | E23: Lomas de Zamora | F23: 602517 | G23: 0 | H23: 0062DM0456 | I23: Oficial | J23: CENTRO EDUCATIVO DE NIVEL SECUNDARIO (C.E.N.S.) | K23: SEDE | M23: CENS 456 | N23: Urbano | O23: No | P23: Educación de Jóvenes y Adultos | Q23: Nivel Secundario | R23: 398 | S23: 24 | T23: 1 | V23: CENS | W23: =+IF(V23="","",IF(MID(V23,1,3)="ECE","UNICO",IF(V23="FINES",CONCATENATE("R",IF(OR(C23="16",C23="21",C23="22",C23="23"),"16212223",IF(OR(C23="15",C23="17",C23="24",C23="25"),"15172425",C23))),IF(V23="CEBAS","UNICO",IF(VALUE(C23)<=11,"AMBA","INTERIOR"))))) -> AMBA | X23: =+IF(V23="","-",CONCATENATE(V23,"_",W23)) -> CENS_AMBA | Y23: 0.078160366 | Z23: =+IFERROR(VLOOKUP(H23,#REF!,2,FALSE),"-") -> - | AA23: CON | AB23: =+IF(W23="","-",IF(W23="UNICO","CENSO","MUESTRA")) -> MUESTRA | AC23: PRIMEROS | AD23: - | AF23: =+COUNTIF(Piloto!C:C,MARCO!A23) -> 0
A24: =+H24 -> 0045DM0452 | B24: Un.Serv. | C24: 07 | D24: 045 | E24: General San Martín | F24: 604217 | G24: 0 | H24: 0045DM0452 | I24: Oficial | J24: CENTRO EDUCATIVO DE NIVEL SECUNDARIO (C.E.N.S.) | K24: SEDE | M24: CENS 452 | N24: Urbano | O24: Sí | P24: Educación de Jóvenes y Adultos | Q24: Nivel Secundario | R24: 238 | S24: 13 | T24: 1 | V24: CENS | W24: =+IF(V24="","",IF(MID(V24,1,3)="ECE","UNICO",IF(V24="FINES",CONCATENATE("R",IF(OR(C24="16",C24="21",C24="22",C24="23"),"16212223",IF(OR(C24="15",C24="17",C24="24",C24="25"),"15172425",C24))),IF(V24="CEBAS","UNICO",IF(VALUE(C24)<=11,"AMBA","INTERIOR"))))) -> AMBA | X24: =+IF(V24="","-",CONCATENATE(V24,"_",W24)) -> CENS_AMBA | Y24: 0.079491764 | Z24: =+IFERROR(VLOOKUP(H24,#REF!,2,FALSE),"-") -> - | AA24: CON | AB24: =+IF(W24="","-",IF(W24="UNICO","CENSO","MUESTRA")) -> MUESTRA | AC24: ULTIMOS | AD24: - | AF24: =+COUNTIF(Piloto!C:C,MARCO!A24) -> 0
A25: =+H25 -> 0100DM0458 | B25: Un.Serv. | C25: 08 | D25: 100 | E25: Morón | F25: 623719 | G25: 0 | H25: 0100DM0458 | I25: Oficial | J25: CENTRO EDUCATIVO DE NIVEL SECUNDARIO (C.E.N.S.) | K25: SEDE | M25: CENS 458 | N25: Urbano | O25: No | P25: Educación de Jóvenes y Adultos | Q25: Nivel Secundario | R25: 123 | S25: 11 | T25: 1 | V25: CENS | W25: =+IF(V25="","",IF(MID(V25,1,3)="ECE","UNICO",IF(V25="FINES",CONCATENATE("R",IF(OR(C25="16",C25="21",C25="22",C25="23"),"16212223",IF(OR(C25="15",C25="17",C25="24",C25="25"),"15172425",C25))),IF(V25="CEBAS","UNICO",IF(VALUE(C25)<=11,"AMBA","INTERIOR"))))) -> AMBA | X25: =+IF(V25="","-",CONCATENATE(V25,"_",W25)) -> CENS_AMBA | Y25: 0.09014573 | Z25: =+IFERROR(VLOOKUP(H25,#REF!,2,FALSE),"-") -> - | AA25: CON | AB25: =+IF(W25="","-",IF(W25="UNICO","CENSO","MUESTRA")) -> MUESTRA | AC25: PRIMEROS | AD25: - | AF25: =+COUNTIF(Piloto!C:C,MARCO!A25) -> 0
A26: =+H26 -> 0096DM0458 | B26: Un.Serv. | C26: 06 | D26: 096 | E26: San Isidro | F26: 623674 | G26: 0 | H26: 0096DM0458 | I26: Oficial | J26: CENTRO EDUCATIVO DE NIVEL SECUNDARIO (C.E.N.S.) | K26: SEDE | M26: CENS 458 | N26: Urbano | O26: No | P26: Educación de Jóvenes y Adultos | Q26: Nivel Secundario | R26: 201 | S26: 9 | T26: 1 | V26: CENS | W26: =+IF(V26="","",IF(MID(V26,1,3)="ECE","UNICO",IF(V26="FINES",CONCATENATE("R",IF(OR(C26="16",C26="21",C26="22",C26="23"),"16212223",IF(OR(C26="15",C26="17",C26="24",C26="25"),"15172425",C26))),IF(V26="CEBAS","UNICO",IF(VALUE(C26)<=11,"AMBA","INTERIOR"))))) -> AMBA | X26: =+IF(V26="","-",CONCATENATE(V26,"_",W26)) -> CENS_AMBA | Y26: 0.094259013 | Z26: =+IFERROR(VLOOKUP(H26,#REF!,2,FALSE),"-") -> - | AA26: CON | AB26: =+IF(W26="","-",IF(W26="UNICO","CENSO","MUESTRA")) -> MUESTRA | AC26: PRIMEROS | AD26: - | AF26: =+COUNTIF(Piloto!C:C,MARCO!A26) -> 0
A27: =+H27 -> 0001DM0465 | B27: Un.Serv. | C27: 01 | D27: 001 | E27: La Plata | F27: 623591 | G27: 0 | H27: 0001DM0465 | I27: Oficial | J27: CENTRO EDUCATIVO DE NIVEL SECUNDARIO (C.E.N.S.) | K27: SEDE | M27: CENS 465 | N27: Urbano | O27: No | P27: Educación de Jóvenes y Adultos | Q27: Nivel Secundario | R27: 63 | S27: 8 | T27: 1 | V27: CENS | W27: =+IF(V27="","",IF(MID(V27,1,3)="ECE","UNICO",IF(V27="FINES",CONCATENATE("R",IF(OR(C27="16",C27="21",C27="22",C27="23"),"16212223",IF(OR(C27="15",C27="17",C27="24",C27="25"),"15172425",C27))),IF(V27="CEBAS","UNICO",IF(VALUE(C27)<=11,"AMBA","INTERIOR"))))) -> AMBA | X27: =+IF(V27="","-",CONCATENATE(V27,"_",W27)) -> CENS_AMBA | Y27: 0.099921968 | Z27: =+IFERROR(VLOOKUP(H27,#REF!,2,FALSE),"-") -> - | AA27: CON | AB27: =+IF(W27="","-",IF(W27="UNICO","CENSO","MUESTRA")) -> MUESTRA | AC27: PRIMEROS | AD27: - | AF27: =+COUNTIF(Piloto!C:C,MARCO!A27) -> 0
A28: =+H28 -> 0111DM0457 | B28: Un.Serv. | C28: 02 | D28: 111 | E28: Lanús | F28: 623599 | G28: 0 | H28: 0111DM0457 | I28: Oficial | J28: CENTRO EDUCATIVO DE NIVEL SECUNDARIO (C.E.N.S.) | K28: SEDE | M28: CENS 457 "MARY SÁNCHEZ" | N28: Urbano | O28: No | P28: Educación de Jóvenes y Adultos | Q28: Nivel Secundario | R28: 299 | S28: 12 | T28: 1 | V28: CENS | W28: =+IF(V28="","",IF(MID(V28,1,3)="ECE","UNICO",IF(V28="FINES",CONCATENATE("R",IF(OR(C28="16",C28="21",C28="22",C28="23"),"16212223",IF(OR(C28="15",C28="17",C28="24",C28="25"),"15172425",C28))),IF(V28="CEBAS","UNICO",IF(VALUE(C28)<=11,"AMBA","INTERIOR"))))) -> AMBA | X28: =+IF(V28="","-",CONCATENATE(V28,"_",W28)) -> CENS_AMBA | Y28: 0.10202887 | Z28: =+IFERROR(VLOOKUP(H28,#REF!,2,FALSE),"-") -> - | AA28: CON | AB28: =+IF(W28="","-",IF(W28="UNICO","CENSO","MUESTRA")) -> MUESTRA | AC28: PRIMEROS | AD28: - | AF28: =+COUNTIF(Piloto!C:C,MARCO!A28) -> 0
A29: =+H29 -> 0001DM0476 | B29: Un.Serv. | C29: 01 | D29: 001 | E29: La Plata | F29: 624407 | G29: 0 | H29: 0001DM0476 | I29: Oficial | J29: CENTRO EDUCATIVO DE NIVEL SECUNDARIO (C.E.N.S.) | K29: SEDE | M29: CENS 476 | N29: Urbano | O29: No | P29: Educación de Jóvenes y Adultos | Q29: Nivel Secundario | R29: 64 | S29: 9 | T29: 1 | V29: CENS | W29: =+IF(V29="","",IF(MID(V29,1,3)="ECE","UNICO",IF(V29="FINES",CONCATENATE("R",IF(OR(C29="16",C29="21",C29="22",C29="23"),"16212223",IF(OR(C29="15",C29="17",C29="24",C29="25"),"15172425",C29))),IF(V29="CEBAS","UNICO",IF(VALUE(C29)<=11,"AMBA","INTERIOR"))))) -> AMBA | X29: =+IF(V29="","-",CONCATENATE(V29,"_",W29)) -> CENS_AMBA | Y29: 0.10650747 | Z29: =+IFERROR(VLOOKUP(H29,#REF!,2,FALSE),"-") -> - | AA29: CON | AB29: =+IF(W29="","-",IF(W29="UNICO","CENSO","MUESTRA")) -> MUESTRA | AC29: ULTIMOS | AD29: - | AF29: =+COUNTIF(Piloto!C:C,MARCO!A29) -> 0
A30: =+H30 -> 0062DM0452 | B30: Un.Serv. | C30: 02 | D30: 062 | E30: Lomas de Zamora | F30: 602730 | G30: 0 | H30: 0062DM0452 | I30: Oficial | J30: CENTRO EDUCATIVO DE NIVEL SECUNDARIO (C.E.N.S.) | K30: SEDE | M30: CENS 452 | N30: Urbano | O30: No | P30: Educación de Jóvenes y Adultos | Q30: Nivel Secundario | R30: 252 | S30: 21 | T30: 1 | V30: CENS | W30: =+IF(V30="","",IF(MID(V30,1,3)="ECE","UNICO",IF(V30="FINES",CONCATENATE("R",IF(OR(C30="16",C30="21",C30="22",C30="23"),"16212223",IF(OR(C30="15",C30="17",C30="24",C30="25"),"15172425",C30))),IF(V30="CEBAS","UNICO",IF(VALUE(C30)<=11,"AMBA","INTERIOR"))))) -> AMBA | X30: =+IF(V30="","-",CONCATENATE(V30,"_",W30)) -> CENS_AMBA | Y30: 0.11244939 | Z30: =+IFERROR(VLOOKUP(H30,#REF!,2,FALSE),"-") -> - | AA30: CON | AB30: =+IF(W30="","-",IF(W30="UNICO","CENSO","MUESTRA")) -> MUESTRA | AC30: ULTIMOS | AD30: - | AF30: =+COUNTIF(Piloto!C:C,MARCO!A30) -> 0
A31: =+H31 -> 0062DM3724 | B31: Un.Serv. | C31: 02 | D31: 062 | E31: Lomas de Zamora | F31: 624645 | G31: 4 | H31: 0062DM3724 | I31: Oficial | J31: CENTRO EDUCATIVO DE NIVEL SECUNDARIO (C.E.N.S.) | K31: ANEXO | L31: 0062DM0472 | M31: CENS 472 - ANEXO 4 | N31: Urbano | O31: No | P31: Educación de Jóvenes y Adultos | Q31: Nivel Secundario | R31: 39 | S31: 3 | T31: 1 | V31: CENS | W31: =+IF(V31="","",IF(MID(V31,1,3)="ECE","UNICO",IF(V31="FINES",CONCATENATE("R",IF(OR(C31="16",C31="21",C31="22",C31="23"),"16212223",IF(OR(C31="15",C31="17",C31="24",C31="25"),"15172425",C31))),IF(V31="CEBAS","UNICO",IF(VALUE(C31)<=11,"AMBA","INTERIOR"))))) -> AMBA | X31: =+IF(V31="","-",CONCATENATE(V31,"_",W31)) -> CENS_AMBA | Y31: 0.11556709 | Z31: =+IFERROR(VLOOKUP(H31,#REF!,2,FALSE),"-") -> - | AA31: CON | AB31: =+IF(W31="","-",IF(W31="UNICO","CENSO","MUESTRA")) -> MUESTRA | AC31: ULTIMOS | AD31: - | AF31: =+COUNTIF(Piloto!C:C,MARCO!A31) -> 0
A32: =+H32 -> 0001DM0469 | B32: Un.Serv. | C32: 01 | D32: 001 | E32: La Plata | F32: 606407 | G32: 0 | H32: 0001DM0469 | I32: Oficial | J32: CENTRO EDUCATIVO DE NIVEL SECUNDARIO (C.E.N.S.) | K32: SEDE | M32: CENS 469 "ALICIA MOREAU DE JUSTO" | N32: Urbano | O32: No | P32: Educación de Jóvenes y Adultos | Q32: Nivel Secundario | R32: 167 | S32: 11 | T32: 1 | V32: CENS | W32: =+IF(V32="","",IF(MID(V32,1,3)="ECE","UNICO",IF(V32="FINES",CONCATENATE("R",IF(OR(C32="16",C32="21",C32="22",C32="23"),"16212223",IF(OR(C32="15",C32="17",C32="24",C32="25"),"15172425",C32))),IF(V32="CEBAS","UNICO",IF(VALUE(C32)<=11,"AMBA","INTERIOR"))))) -> AMBA | X32: =+IF(V32="","-",CONCATENATE(V32,"_",W32)) -> CENS_AMBA | Y32: 0.11938538 | Z32: =+IFERROR(VLOOKUP(H32,#REF!,2,FALSE),"-") -> - | AA32: CON | AB32: =+IF(W32="","-",IF(W32="UNICO","CENSO","MUESTRA")) -> MUESTRA | AC32: ULTIMOS | AD32: - | AF32: =+COUNTIF(Piloto!C:C,MARCO!A32) -> 0
A33: =+H33 -> 0001DM0453 | B33: Un.Serv. | C33: 01 | D33: 001 | E33: La Plata | F33: 620391 | G33: 0 | H33: 0001DM0453 | I33: Oficial | J33: CENTRO EDUCATIVO DE NIVEL SECUNDARIO (C.E.N.S.) | K33: SEDE | M33: CENS 453 | N33: Urbano | O33: No | P33: Educación de Jóvenes y Adultos | Q33: Nivel Secundario | R33: 234 | S33: 11 | T33: 1 | V33: CENS | W33: =+IF(V33="","",IF(MID(V33,1,3)="ECE","UNICO",IF(V33="FINES",CONCATENATE("R",IF(OR(C33="16",C33="21",C33="22",C33="23"),"16212223",IF(OR(C33="15",C33="17",C33="24",C33="25"),"15172425",C33))),IF(V33="CEBAS","UNICO",IF(VALUE(C33)<=11,"AMBA","INTERIOR"))))) -> AMBA | X33: =+IF(V33="","-",CONCATENATE(V33,"_",W33)) -> CENS_AMBA | Y33: 0.12524939 | Z33: =+IFERROR(VLOOKUP(H33,#REF!,2,FALSE),"-") -> - | AA33: CON | AB33: =+IF(W33="","-",IF(W33="UNICO","CENSO","MUESTRA")) -> MUESTRA | AC33: ULTIMOS | AD33: - | AF33: =+COUNTIF(Piloto!C:C,MARCO!A33) -> 0
A34: =+H34 -> 0045DM0458 | B34: Un.Serv. | C34: 07 | D34: 045 | E34: General San Martín | F34: 614694 | G34: 0 | H34: 0045DM0458 | I34: Oficial | J34: CENTRO EDUCATIVO DE NIVEL SECUNDARIO (C.E.N.S.) | K34: SEDE | M34: CENS 458 "PROFESOR RAMÓN CARRILLO" | N34: Urbano | O34: No | P34: Educación de Jóvenes y Adultos | Q34: Nivel Secundario | R34: 142 | S34: 8 | T34: 1 | V34: CENS | W34: =+IF(V34="","",IF(MID(V34,1,3)="ECE","UNICO",IF(V34="FINES",CONCATENATE("R",IF(OR(C34="16",C34="21",C34="22",C34="23"),"16212223",IF(OR(C34="15",C34="17",C34="24",C34="25"),"15172425",C34))),IF(V34="CEBAS","UNICO",IF(VALUE(C34)<=11,"AMBA","INTERIOR"))))) -> AMBA | X34: =+IF(V34="","-",CONCATENATE(V34,"_",W34)) -> CENS_AMBA | Y34: 0.12557191 | Z34: =+IFERROR(VLOOKUP(H34,#REF!,2,FALSE),"-") -> - | AA34: CON | AB34: =+IF(W34="","-",IF(W34="UNICO","CENSO","MUESTRA")) -> MUESTRA | AC34: PRIMEROS | AD34: - | AF34: =+COUNTIF(Piloto!C:C,MARCO!A34) -> 0
A35: =+H35 -> 0001DM0463 | B35: Un.Serv. | C35: 01 | D35: 001 | E35: La Plata | F35: 602865 | G35: 0 | H35: 0001DM0463 | I35: Oficial | J35: CENTRO EDUCATIVO DE NIVEL SECUNDARIO (C.E.N.S.) | K35: SEDE | M35: CENS 463 | N35: Urbano | O35: No | P35: Educación de Jóvenes y Adultos | Q35: Nivel Secundario | R35: 136 | S35: 17 | T35: 1 | V35: CENS | W35: =+IF(V35="","",IF(MID(V35,1,3)="ECE","UNICO",IF(V35="FINES",CONCATENATE("R",IF(OR(C35="16",C35="21",C35="22",C35="23"),"16212223",IF(OR(C35="15",C35="17",C35="24",C35="25"),"15172425",C35))),IF(V35="CEBAS","UNICO",IF(VALUE(C35)<=11,"AMBA","INTERIOR"))))) -> AMBA | X35: =+IF(V35="","-",CONCATENATE(V35,"_",W35)) -> CENS_AMBA | Y35: 0.12561181 | Z35: =+IFERROR(VLOOKUP(H35,#REF!,2,FALSE),"-") -> - | AA35: CON | AB35: =+IF(W35="","-",IF(W35="UNICO","CENSO","MUESTRA")) -> MUESTRA | AC35: PRIMEROS | AD35: - | AF35: =+COUNTIF(Piloto!C:C,MARCO!A35) -> 0
A36: =+H36 -> 0001DM0468 | B36: Un.Serv. | C36: 01 | D36: 001 | E36: La Plata | F36: 608823 | G36: 0 | H36: 0001DM0468 | I36: Oficial | J36: CENTRO EDUCATIVO DE NIVEL SECUNDARIO (C.E.N.S.) | K36: SEDE | M36: CENS 468 | N36: Urbano | O36: No | P36: Educación de Jóvenes y Adultos | Q36: Nivel Secundario | R36: 83 | S36: 6 | T36: 1 | V36: CENS | W36: =+IF(V36="","",IF(MID(V36,1,3)="ECE","UNICO",IF(V36="FINES",CONCATENATE("R",IF(OR(C36="16",C36="21",C36="22",C36="23"),"16212223",IF(OR(C36="15",C36="17",C36="24",C36="25"),"15172425",C36))),IF(V36="CEBAS","UNICO",IF(VALUE(C36)<=11,"AMBA","INTERIOR"))))) -> AMBA | X36: =+IF(V36="","-",CONCATENATE(V36,"_",W36)) -> CENS_AMBA | Y36: 0.12627655 | Z36: =+IFERROR(VLOOKUP(H36,#REF!,2,FALSE),"-") -> - | AA36: CON | AB36: =+IF(W36="","-",IF(W36="UNICO","CENSO","MUESTRA")) -> MUESTRA | AC36: PRIMEROS | AD36: - | AF36: =+COUNTIF(Piloto!C:C,MARCO!A36) -> 0
A37: =+H37 -> 0069DM0485 | B37: Un.Serv. | C37: 03 | D37: 069 | E37: La Matanza | F37: 623614 | G37: 0 | H37: 0069DM0485 | I37: Oficial | J37: CENTRO EDUCATIVO DE NIVEL SECUNDARIO (C.E.N.S.) | K37: SEDE | M37: CENS 485 "CLAUDIA FALCONE" | N37: Urbano | O37: No | P37: Educación de Jóvenes y Adultos | Q37: Nivel Secundario | R37: 115 | S37: 9 | T37: 1 | V37: CENS | W37: =+IF(V37="","",IF(MID(V37,1,3)="ECE","UNICO",IF(V37="FINES",CONCATENATE("R",IF(OR(C37="16",C37="21",C37="22",C37="23"),"16212223",IF(OR(C37="15",C37="17",C37="24",C37="25"),"15172425",C37))),IF(V37="CEBAS","UNICO",IF(VALUE(C37)<=11,"AMBA","INTERIOR"))))) -> AMBA | X37: =+IF(V37="","-",CONCATENATE(V37,"_",W37)) -> CENS_AMBA | Y37: 0.12728534 | Z37: =+IFERROR(VLOOKUP(H37,#REF!,2,FALSE),"-") -> - | AA37: CON | AB37: =+IF(W37="","-",IF(W37="UNICO","CENSO","MUESTRA")) -> MUESTRA | AC37: ULTIMOS | AD37: - | AF37: =+COUNTIF(Piloto!C:C,MARCO!A37) -> 0
A38: =+H38 -> 0117DM0452 | B38: Un.Serv. | C38: 07 | D38: 117 | E38: Tres de Febrero | F38: 623693 | G38: 0 | H38: 0117DM0452 | I38: Oficial | J38: CENTRO EDUCATIVO DE NIVEL SECUNDARIO (C.E.N.S.) | K38: SEDE | M38: CENS 452 "RENÉ FAVALORO" | N38: Urbano | O38: Sí | P38: Educación de Jóvenes y Adultos | Q38: Nivel Secundario | R38: 165 | S38: 8 | T38: 1 | V38: CENS | W38: =+IF(V38="","",IF(MID(V38,1,3)="ECE","UNICO",IF(V38="FINES",CONCATENATE("R",IF(OR(C38="16",C38="21",C38="22",C38="23"),"16212223",IF(OR(C38="15",C38="17",C38="24",C38="25"),"15172425",C38))),IF(V38="CEBAS","UNICO",IF(VALUE(C38)<=11,"AMBA","INTERIOR"))))) -> AMBA | X38: =+IF(V38="","-",CONCATENATE(V38,"_",W38)) -> CENS_AMBA | Y38: 0.12868268 | Z38: =+IFERROR(VLOOKUP(H38,#REF!,2,FALSE),"-") -> - | AA38: CON | AB38: =+IF(W38="","-",IF(W38="UNICO","CENSO","MUESTRA")) -> MUESTRA | AC38: ULTIMOS | AD38: - | AF38: =+COUNTIF(Piloto!C:C,MARCO!A38) -> 0
A39: =+H39 -> 0111DM0452 | B39: Un.Serv. | C39: 02 | D39: 111 | E39: Lanús | F39: 605065 | G39: 0 | H39: 0111DM0452 | I39: Oficial | J39: CENTRO EDUCATIVO DE NIVEL SECUNDARIO (C.E.N.S.) | K39: SEDE | M39: CENS 452 | N39: Urbano | O39: No | P39: Educación de Jóvenes y Adultos | Q39: Nivel Secundario | R39: 556 | S39: 64 | T39: 1 | V39: CENS | W39: =+IF(V39="","",IF(MID(V39,1,3)="ECE","UNICO",IF(V39="FINES",CONCATENATE("R",IF(OR(C39="16",C39="21",C39="22",C39="23"),"16212223",IF(OR(C39="15",C39="17",C39="24",C39="25"),"15172425",C39))),IF(V39="CEBAS","UNICO",IF(VALUE(C39)<=11,"AMBA","INTERIOR"))))) -> AMBA | X39: =+IF(V39="","-",CONCATENATE(V39,"_",W39)) -> CENS_AMBA | Y39: 0.13554969 | Z39: =+IFERROR(VLOOKUP(H39,#REF!,2,FALSE),"-") -> - | AA39: CON | AB39: =+IF(W39="","-",IF(W39="UNICO","CENSO","MUESTRA")) -> MUESTRA | AC39: PRIMEROS | AD39: - | AF39: =+COUNTIF(Piloto!C:C,MARCO!A39) -> 0
A40: =+H40 -> 0096DM0452 | B40: Un.Serv. | C40: 06 | D40: 096 | E40: San Isidro | F40: 614309 | G40: 0 | H40: 0096DM0452 | I40: Oficial | J40: CENTRO EDUCATIVO DE NIVEL SECUNDARIO (C.E.N.S.) | K40: SEDE | M40: CENS 452 "DR. RAÚL RICARDO ALFONSÍN" | N40: Urbano | O40: No | P40: Educación de Jóvenes y Adultos | Q40: Nivel Secundario | R40: 146 | S40: 9 | T40: 1 | V40: CENS | W40: =+IF(V40="","",IF(MID(V40,1,3)="ECE","UNICO",IF(V40="FINES",CONCATENATE("R",IF(OR(C40="16",C40="21",C40="22",C40="23"),"16212223",IF(OR(C40="15",C40="17",C40="24",C40="25"),"15172425",C40))),IF(V40="CEBAS","UNICO",IF(VALUE(C40)<=11,"AMBA","INTERIOR"))))) -> AMBA | X40: =+IF(V40="","-",CONCATENATE(V40,"_",W40)) -> CENS_AMBA | Y40: 0.13575546 | Z40: =+IFERROR(VLOOKUP(H40,#REF!,2,FALSE),"-") -> - | AA40: CON | AB40: =+IF(W40="","-",IF(W40="UNICO","CENSO","MUESTRA")) -> MUESTRA | AC40: PRIMEROS | AD40: - | AF40: =+COUNTIF(Piloto!C:C,MARCO!A40) -> 0
A41: =+H41 -> 0062DM0463 | B41: Un.Serv. | C41: 02 | D41: 062 | E41: Lomas de Zamora | F41: 623600 | G41: 0 | H41: 0062DM0463 | I41: Oficial | J41: CENTRO EDUCATIVO DE NIVEL SECUNDARIO (C.E.N.S.) | K41: SEDE | M41: CENS 463 | N41: Urbano | O41: No | P41: Educación de Jóvenes y Adultos | Q41: Nivel Secundario | R41: 184 | S41: 8 | T41: 1 | V41: CENS | W41: =+IF(V41="","",IF(MID(V41,1,3)="ECE","UNICO",IF(V41="FINES",CONCATENATE("R",IF(OR(C41="16",C41="21",C41="22",C41="23"),"16212223",IF(OR(C41="15",C41="17",C41="24",C41="25"),"15172425",C41))),IF(V41="CEBAS","UNICO",IF(VALUE(C41)<=11,"AMBA","INTERIOR"))))) -> AMBA | X41: =+IF(V41="","-",CONCATENATE(V41,"_",W41)) -> CENS_AMBA | Y41: 0.13736091 | Z41: =+IFERROR(VLOOKUP(H41,#REF!,2,FALSE),"-") -> - | AA41: CON | AB41: =+IF(W41="","-",IF(W41="UNICO","CENSO","MUESTRA")) -> MUESTRA | AC41: ULTIMOS | AD41: - | AF41: =+COUNTIF(Piloto!C:C,MARCO!A41) -> 0
A42: =+H42 -> 0100DM0464 | B42: Un.Serv. | C42: 08 | D42: 100 | E42: Morón | F42: 623724 | G42: 0 | H42: 0100DM0464 | I42: Oficial | J42: CENTRO EDUCATIVO DE NIVEL SECUNDARIO (C.E.N.S.) | K42: SEDE | M42: CENS 464 | N42: Urbano | O42: No | P42: Educación de Jóvenes y Adultos | Q42: Nivel Secundario | R42: 90 | S42: 6 | T42: 1 | V42: CENS | W42: =+IF(V42="","",IF(MID(V42,1,3)="ECE","UNICO",IF(V42="FINES",CONCATENATE("R",IF(OR(C42="16",C42="21",C42="22",C42="23"),"16212223",IF(OR(C42="15",C42="17",C42="24",C42="25"),"15172425",C42))),IF(V42="CEBAS","UNICO",IF(VALUE(C42)<=11,"AMBA","INTERIOR"))))) -> AMBA | X42: =+IF(V42="","-",CONCATENATE(V42,"_",W42)) -> CENS_AMBA | Y42: 0.14025847 | Z42: =+IFERROR(VLOOKUP(H42,#REF!,2,FALSE),"-") -> - | AA42: CON | AB42: =+IF(W42="","-",IF(W42="UNICO","CENSO","MUESTRA")) -> MUESTRA | AC42: PRIMEROS | AD42: - | AF42: =+COUNTIF(Piloto!C:C,MARCO!A42) -> 0
A43: =+H43 -> 0001DM0458 | B43: Un.Serv. | C43: 01 | D43: 001 | E43: La Plata | F43: 602867 | G43: 0 | H43: 0001DM0458 | I43: Oficial | J43: CENTRO EDUCATIVO DE NIVEL SECUNDARIO (C.E.N.S.) | K43: SEDE | M43: CENS 458 | N43: Urbano | O43: No | P43: Educación de Jóvenes y Adultos | Q43: Nivel Secundario | R43: 108 | S43: 7 | T43: 1 | V43: CENS | W43: =+IF(V43="","",IF(MID(V43,1,3)="ECE","UNICO",IF(V43="FINES",CONCATENATE("R",IF(OR(C43="16",C43="21",C43="22",C43="23"),"16212223",IF(OR(C43="15",C43="17",C43="24",C43="25"),"15172425",C43))),IF(V43="CEBAS","UNICO",IF(VALUE(C43)<=11,"AMBA","INTERIOR"))))) -> AMBA | X43: =+IF(V43="","-",CONCATENATE(V43,"_",W43)) -> CENS_AMBA | Y43: 0.14412626 | Z43: =+IFERROR(VLOOKUP(H43,#REF!,2,FALSE),"-") -> - | AA43: CON | AB43: =+IF(W43="","-",IF(W43="UNICO","CENSO","MUESTRA")) -> MUESTRA | AC43: PRIMEROS | AD43: - | AF43: =+COUNTIF(Piloto!C:C,MARCO!A43) -> 0
... A148: =+H148 -> 0099DM0452 | B148: Un.Serv. | C148: 05 | D148: 099 | E148: San Vicente | F148: 601539 | G148: 0 | H148: 0099DM0452 | I148: Oficial | J148: CENTRO EDUCATIVO DE NIVEL SECUNDARIO (C.E.N.S.) | K148: SEDE | M148: CENS 452 "BOMBEROS VOLUNTARIOS ARGENTINOS" | N148: Urbano | O148: No | P148: Educación de Jóvenes y Adultos | Q148: Nivel Secundario | R148: 193 | S148: 14 | T148: 1 | V148: CENS | W148: =+IF(V148="","",IF(MID(V148,1,3)="ECE","UNICO",IF(V148="FINES",CONCATENATE("R",IF(OR(C148="16",C148="21",C148="22",C148="23"),"16212223",IF(OR(C148="15",C148="17",C148="24",C148="25"),"15172425",C148))),IF(V148="CEBAS","UNICO",IF(VALUE(C148)<=11,"AMBA","INTERIOR"))))) -> AMBA | X148: =+IF(V148="","-",CONCATENATE(V148,"_",W148)) -> CENS_AMBA | Y148: 0.3858436 | Z148: =+IFERROR(VLOOKUP(H148,#REF!,2,FALSE),"-") -> - | AA148: CON | AB148: =+IF(W148="","-",IF(W148="UNICO","CENSO","MUESTRA")) -> MUESTRA | AC148: PRIMEROS | AD148: - | AF148: =+COUNTIF(Piloto!C:C,MARCO!A148) -> 0
A149: =+H149 -> 0055DM2550 | B149: Un.Serv. | C149: 06 | D149: 055 | E149: Tigre | F149: 621165 | G149: 1 | H149: 0055DM2550 | I149: Oficial | J149: CENTRO EDUCATIVO DE NIVEL SECUNDARIO (C.E.N.S.) | K149: EXTENSION | L149: 0055DM0455 | M149: CENS 455 - EXTENSIÓN N 1 | N149: Urbano | O149: No | P149: Educación de Jóvenes y Adultos | Q149: Nivel Secundario | R149: 52 | S149: 3 | T149: 1 | V149: CENS | W149: =+IF(V149="","",IF(MID(V149,1,3)="ECE","UNICO",IF(V149="FINES",CONCATENATE("R",IF(OR(C149="16",C149="21",C149="22",C149="23"),"16212223",IF(OR(C149="15",C149="17",C149="24",C149="25"),"15172425",C149))),IF(V149="CEBAS","UNICO",IF(VALUE(C149)<=11,"AMBA","INTERIOR"))))) -> AMBA | X149: =+IF(V149="","-",CONCATENATE(V149,"_",W149)) -> CENS_AMBA | Y149: 0.388074 | Z149: =+IFERROR(VLOOKUP(H149,#REF!,2,FALSE),"-") -> - | AA149: CON | AB149: =+IF(W149="","-",IF(W149="UNICO","CENSO","MUESTRA")) -> MUESTRA | AC149: ULTIMOS | AD149: - | AF149: =+COUNTIF(Piloto!C:C,MARCO!A149) -> 0
A150: =+H150 -> 0031DM0452 | B150: Un.Serv. | C150: 11 | D150: 031 | E150: Exaltación de la Cruz | F150: 623762 | G150: 0 | H150: 0031DM0452 | I150: Oficial | J150: CENTRO EDUCATIVO DE NIVEL SECUNDARIO (C.E.N.S.) | K150: SEDE | M150: CENS 452 | N150: Urbano | O150: No | P150: Educación de Jóvenes y Adultos | Q150: Nivel Secundario | R150: 63 | S150: 6 | T150: 1 | V150: CENS | W150: =+IF(V150="","",IF(MID(V150,1,3)="ECE","UNICO",IF(V150="FINES",CONCATENATE("R",IF(OR(C150="16",C150="21",C150="22",C150="23"),"16212223",IF(OR(C150="15",C150="17",C150="24",C150="25"),"15172425",C150))),IF(V150="CEBAS","UNICO",IF(VALUE(C150)<=11,"AMBA","INTERIOR"))))) -> AMBA | X150: =+IF(V150="","-",CONCATENATE(V150,"_",W150)) -> CENS_AMBA | Y150: 0.38812442 | Z150: =+IFERROR(VLOOKUP(H150,#REF!,2,FALSE),"-") -> - | AA150: CON | AB150: =+IF(W150="","-",IF(W150="UNICO","CENSO","MUESTRA")) -> MUESTRA | AC150: ULTIMOS | AD150: - | AF150: =+COUNTIF(Piloto!C:C,MARCO!A150) -> 0
A151: =+H151 -> 0001DM0456 | B151: Un.Serv. | C151: 01 | D151: 001 | E151: La Plata | F151: 620529 | G151: 0 | H151: 0001DM0456 | I151: Oficial | J151: CENTRO EDUCATIVO DE NIVEL SECUNDARIO (C.E.N.S.) | K151: SEDE | M151: CENS 456 | N151: Urbano | O151: No | P151: Educación de Jóvenes y Adultos | Q151: Nivel Secundario | R151: 160 | S151: 9 | T151: 1 | V151: CENS | W151: =+IF(V151="","",IF(MID(V151,1,3)="ECE","UNICO",IF(V151="FINES",CONCATENATE("R",IF(OR(C151="16",C151="21",C151="22",C151="23"),"16212223",IF(OR(C151="15",C151="17",C151="24",C151="25"),"15172425",C151))),IF(V151="CEBAS","UNICO",IF(VALUE(C151)<=11,"AMBA","INTERIOR"))))) -> AMBA | X151: =+IF(V151="","-",CONCATENATE(V151,"_",W151)) -> CENS_AMBA | Y151: 0.3893581 | Z151: =+IFERROR(VLOOKUP(H151,#REF!,2,FALSE),"-") -> - | AA151: CON | AB151: =+IF(W151="","-",IF(W151="UNICO","CENSO","MUESTRA")) -> MUESTRA | AC151: PRIMEROS | AD151: - | AF151: =+COUNTIF(Piloto!C:C,MARCO!A151) -> 0
A152: =+H152 -> 0100DM0462 | B152: Un.Serv. | C152: 08 | D152: 100 | E152: Morón | F152: 610728 | G152: 0 | H152: 0100DM0462 | I152: Oficial | J152: CENTRO EDUCATIVO DE NIVEL SECUNDARIO (C.E.N.S.) | K152: SEDE | M152: CENS 462 | N152: Urbano | O152: No | P152: Educación de Jóvenes y Adultos | Q152: Nivel Secundario | R152: 99 | S152: 6 | T152: 1 | V152: CENS | W152: =+IF(V152="","",IF(MID(V152,1,3)="ECE","UNICO",IF(V152="FINES",CONCATENATE("R",IF(OR(C152="16",C152="21",C152="22",C152="23"),"16212223",IF(OR(C152="15",C152="17",C152="24",C152="25"),"15172425",C152))),IF(V152="CEBAS","UNICO",IF(VALUE(C152)<=11,"AMBA","INTERIOR"))))) -> AMBA | X152: =+IF(V152="","-",CONCATENATE(V152,"_",W152)) -> CENS_AMBA | Y152: 0.39021103 | Z152: =+IFERROR(VLOOKUP(H152,#REF!,2,FALSE),"-") -> - | AA152: CON | AB152: =+IF(W152="","-",IF(W152="UNICO","CENSO","MUESTRA")) -> MUESTRA | AC152: PRIMEROS | AD152: - | AF152: =+COUNTIF(Piloto!C:C,MARCO!A152) -> 0
A153: =+H153 -> 0135DM0456 | B153: Un.Serv. | C153: 07 | D153: 135 | E153: Hurlingham | F153: 623692 | G153: 0 | H153: 0135DM0456 | I153: Oficial | J153: CENTRO EDUCATIVO DE NIVEL SECUNDARIO (C.E.N.S.) | K153: SEDE | M153: CENS 456 | N153: Urbano | O153: No | P153: Educación de Jóvenes y Adultos | Q153: Nivel Secundario | R153: 91 | S153: 6 | T153: 1 | V153: CENS | W153: =+IF(V153="","",IF(MID(V153,1,3)="ECE","UNICO",IF(V153="FINES",CONCATENATE("R",IF(OR(C153="16",C153="21",C153="22",C153="23"),"16212223",IF(OR(C153="15",C153="17",C153="24",C153="25"),"15172425",C153))),IF(V153="CEBAS","UNICO",IF(VALUE(C153)<=11,"AMBA","INTERIOR"))))) -> AMBA | X153: =+IF(V153="","-",CONCATENATE(V153,"_",W153)) -> CENS_AMBA | Y153: 0.39389497 | Z153: =+IFERROR(VLOOKUP(H153,#REF!,2,FALSE),"-") -> - | AA153: CON | AB153: =+IF(W153="","-",IF(W153="UNICO","CENSO","MUESTRA")) -> MUESTRA | AC153: ULTIMOS | AD153: - | AF153: =+COUNTIF(Piloto!C:C,MARCO!A153) -> 0
A154: =+H154 -> 0136DM0453 | B154: Un.Serv. | C154: 08 | D154: 136 | E154: Ituzaingó | F154: 623704 | G154: 0 | H154: 0136DM0453 | I154: Oficial | J154: CENTRO EDUCATIVO DE NIVEL SECUNDARIO (C.E.N.S.) | K154: SEDE | M154: CENS 453 | N154: Urbano | O154: No | P154: Educación de Jóvenes y Adultos | Q154: Nivel Secundario | R154: 51 | S154: 5 | T154: 1 | V154: CENS | W154: =+IF(V154="","",IF(MID(V154,1,3)="ECE","UNICO",IF(V154="FINES",CONCATENATE("R",IF(OR(C154="16",C154="21",C154="22",C154="23"),"16212223",IF(OR(C154="15",C154="17",C154="24",C154="25"),"15172425",C154))),IF(V154="CEBAS","UNICO",IF(VALUE(C154)<=11,"AMBA","INTERIOR"))))) -> AMBA | X154: =+IF(V154="","-",CONCATENATE(V154,"_",W154)) -> CENS_AMBA | Y154: 0.39782077 | Z154: =+IFERROR(VLOOKUP(H154,#REF!,2,FALSE),"-") -> - | AA154: CON | AB154: =+IF(W154="","-",IF(W154="UNICO","CENSO","MUESTRA")) -> MUESTRA | AC154: ULTIMOS | AD154: - | AF154: =+COUNTIF(Piloto!C:C,MARCO!A154) -> 0
A155: =+H155 -> 0100DM0459 | B155: Un.Serv. | C155: 08 | D155: 100 | E155: Morón | F155: 623720 | G155: 0 | H155: 0100DM0459 | I155: Oficial | J155: CENTRO EDUCATIVO DE NIVEL SECUNDARIO (C.E.N.S.) | K155: SEDE | M155: CENS 459 | N155: Urbano | O155: No | P155: Educación de Jóvenes y Adultos | Q155: Nivel Secundario | R155: 131 | S155: 8 | T155: 1 | V155: CENS | W155: =+IF(V155="","",IF(MID(V155,1,3)="ECE","UNICO",IF(V155="FINES",CONCATENATE("R",IF(OR(C155="16",C155="21",C155="22",C155="23"),"16212223",IF(OR(C155="15",C155="17",C155="24",C155="25"),"15172425",C155))),IF(V155="CEBAS","UNICO",IF(VALUE(C155)<=11,"AMBA","INTERIOR"))))) -> AMBA | X155: =+IF(V155="","-",CONCATENATE(V155,"_",W155)) -> CENS_AMBA | Y155: 0.39832037 | Z155: =+IFERROR(VLOOKUP(H155,#REF!,2,FALSE),"-") -> - | AA155: CON | AB155: =+IF(W155="","-",IF(W155="UNICO","CENSO","MUESTRA")) -> MUESTRA | AC155: ULTIMOS | AD155: - | AF155: =+COUNTIF(Piloto!C:C,MARCO!A155) -> 0
A156: =+H156 -> 0119DM0457 | B156: Un.Serv. | C156: 04 | D156: 119 | E156: Berazategui | F156: 623908 | G156: 0 | H156: 0119DM0457 | I156: Oficial | J156: CENTRO EDUCATIVO DE NIVEL SECUNDARIO (C.E.N.S.) | K156: SEDE | M156: CENS 457 | N156: Urbano | O156: No | P156: Educación de Jóvenes y Adultos | Q156: Nivel Secundario | R156: 54 | S156: 3 | T156: 1 | V156: CENS | W156: =+IF(V156="","",IF(MID(V156,1,3)="ECE","UNICO",IF(V156="FINES",CONCATENATE("R",IF(OR(C156="16",C156="21",C156="22",C156="23"),"16212223",IF(OR(C156="15",C156="17",C156="24",C156="25"),"15172425",C156))),IF(V156="CEBAS","UNICO",IF(VALUE(C156)<=11,"AMBA","INTERIOR"))))) -> AMBA | X156: =+IF(V156="","-",CONCATENATE(V156,"_",W156)) -> CENS_AMBA | Y156: 0.40046396 | Z156: =+IFERROR(VLOOKUP(H156,#REF!,2,FALSE),"-") -> - | AA156: CON | AB156: =+IF(W156="","-",IF(W156="UNICO","CENSO","MUESTRA")) -> MUESTRA | AC156: ULTIMOS | AD156: - | AF156: =+COUNTIF(Piloto!C:C,MARCO!A156) -> 0
A157: =+H157 -> 0070DM0453 | B157: Un.Serv. | C157: 10 | D157: 070 | E157: Mercedes | F157: 623959 | G157: 0 | H157: 0070DM0453 | I157: Oficial | J157: CENTRO EDUCATIVO DE NIVEL SECUNDARIO (C.E.N.S.) | K157: SEDE | M157: CENS 453 | N157: Urbano | O157: No | P157: Educación de Jóvenes y Adultos | Q157: Nivel Secundario | R157: 97 | S157: 6 | T157: 1 | V157: CENS | W157: =+IF(V157="","",IF(MID(V157,1,3)="ECE","UNICO",IF(V157="FINES",CONCATENATE("R",IF(OR(C157="16",C157="21",C157="22",C157="23"),"16212223",IF(OR(C157="15",C157="17",C157="24",C157="25"),"15172425",C157))),IF(V157="CEBAS","UNICO",IF(VALUE(C157)<=11,"AMBA","INTERIOR"))))) -> AMBA | X157: =+IF(V157="","-",CONCATENATE(V157,"_",W157)) -> CENS_AMBA | Y157: 0.40359144 | Z157: =+IFERROR(VLOOKUP(H157,#REF!,2,FALSE),"-") -> - | AA157: SIN | AB157: =+IF(W157="","-",IF(W157="UNICO","CENSO","MUESTRA")) -> MUESTRA | AC157: PRIMEROS | AD157: - | AF157: =+COUNTIF(Piloto!C:C,MARCO!A157) -> 0
A158: =+H158 -> 0132DM0451 | B158: Un.Serv. | C158: 09 | D158: 132 | E158: José C. Paz | F158: 623193 | G158: 0 | H158: 0132DM0451 | I158: Oficial | J158: CENTRO EDUCATIVO DE NIVEL SECUNDARIO (C.E.N.S.) | K158: SEDE | M158: CENS 451 "MÓNICA LEMOS" | N158: Urbano | O158: No | P158: Educación de Jóvenes y Adultos | Q158: Nivel Secundario | R158: 85 | S158: 6 | T158: 1 | V158: CENS | W158: =+IF(V158="","",IF(MID(V158,1,3)="ECE","UNICO",IF(V158="FINES",CONCATENATE("R",IF(OR(C158="16",C158="21",C158="22",C158="23"),"16212223",IF(OR(C158="15",C158="17",C158="24",C158="25"),"15172425",C158))),IF(V158="CEBAS","UNICO",IF(VALUE(C158)<=11,"AMBA","INTERIOR"))))) -> AMBA | X158: =+IF(V158="","-",CONCATENATE(V158,"_",W158)) -> CENS_AMBA | Y158: 0.40501982 | Z158: =+IFERROR(VLOOKUP(H158,#REF!,2,FALSE),"-") -> - | AA158: CON | AB158: =+IF(W158="","-",IF(W158="UNICO","CENSO","MUESTRA")) -> MUESTRA | AC158: PRIMEROS | AD158: - | AF158: =+COUNTIF(Piloto!C:C,MARCO!A158) -> 0
A159: =+H159 -> 0001DM3561 | B159: Un.Serv. | C159: 01 | D159: 001 | E159: La Plata | F159: 620529 | G159: 1 | H159: 0001DM3561 | I159: Oficial | J159: CENTRO EDUCATIVO DE NIVEL SECUNDARIO (C.E.N.S.) | K159: ANEXO | L159: 0001DM0456 | M159: ANEXO N°1 DEL CENS 456 | N159: Urbano | O159: No | P159: Educación de Jóvenes y Adultos | Q159: Nivel Secundario | R159: 100 | S159: 6 | T159: 1 | V159: CENS | W159: =+IF(V159="","",IF(MID(V159,1,3)="ECE","UNICO",IF(V159="FINES",CONCATENATE("R",IF(OR(C159="16",C159="21",C159="22",C159="23"),"16212223",IF(OR(C159="15",C159="17",C159="24",C159="25"),"15172425",C159))),IF(V159="CEBAS","UNICO",IF(VALUE(C159)<=11,"AMBA","INTERIOR"))))) -> AMBA | X159: =+IF(V159="","-",CONCATENATE(V159,"_",W159)) -> CENS_AMBA | Y159: 0.40871615 | Z159: =+IFERROR(VLOOKUP(H159,#REF!,2,FALSE),"-") -> - | AA159: CON | AB159: =+IF(W159="","-",IF(W159="UNICO","CENSO","MUESTRA")) -> MUESTRA | AC159: PRIMEROS | AD159: - | AF159: =+COUNTIF(Piloto!C:C,MARCO!A159) -> 0
A160: =+H160 -> 0132DM0458 | B160: Un.Serv. | C160: 09 | D160: 132 | E160: José C. Paz | F160: 623728 | G160: 0 | H160: 0132DM0458 | I160: Oficial | J160: CENTRO EDUCATIVO DE NIVEL SECUNDARIO (C.E.N.S.) | K160: SEDE | M160: CENS 458 | N160: Urbano | O160: No | P160: Educación de Jóvenes y Adultos | Q160: Nivel Secundario | R160: 118 | S160: 5 | T160: 1 | V160: CENS | W160: =+IF(V160="","",IF(MID(V160,1,3)="ECE","UNICO",IF(V160="FINES",CONCATENATE("R",IF(OR(C160="16",C160="21",C160="22",C160="23"),"16212223",IF(OR(C160="15",C160="17",C160="24",C160="25"),"15172425",C160))),IF(V160="CEBAS","UNICO",IF(VALUE(C160)<=11,"AMBA","INTERIOR"))))) -> AMBA | X160: =+IF(V160="","-",CONCATENATE(V160,"_",W160)) -> CENS_AMBA | Y160: 0.41267937 | Z160: =+IFERROR(VLOOKUP(H160,#REF!,2,FALSE),"-") -> - | AA160: CON | AB160: =+IF(W160="","-",IF(W160="UNICO","CENSO","MUESTRA")) -> MUESTRA | AC160: ULTIMOS | AD160: - | AF160: =+COUNTIF(Piloto!C:C,MARCO!A160) -> 0
A161: =+H161 -> 0132DM0454 | B161: Un.Serv. | C161: 09 | D161: 132 | E161: José C. Paz | F161: 623729 | G161: 0 | H161: 0132DM0454 | I161: Oficial | J161: CENTRO EDUCATIVO DE NIVEL SECUNDARIO (C.E.N.S.) | K161: SEDE | M161: CENS 454 | N161: Urbano | O161: No | P161: Educación de Jóvenes y Adultos | Q161: Nivel Secundario | R161: 200 | S161: 7 | T161: 1 | V161: CENS | W161: =+IF(V161="","",IF(MID(V161,1,3)="ECE","UNICO",IF(V161="FINES",CONCATENATE("R",IF(OR(C161="16",C161="21",C161="22",C161="23"),"16212223",IF(OR(C161="15",C161="17",C161="24",C161="25"),"15172425",C161))),IF(V161="CEBAS","UNICO",IF(VALUE(C161)<=11,"AMBA","INTERIOR"))))) -> AMBA | X161: =+IF(V161="","-",CONCATENATE(V161,"_",W161)) -> CENS_AMBA | Y161: 0.41370913 | Z161: =+IFERROR(VLOOKUP(H161,#REF!,2,FALSE),"-") -> - | AA161: CON | AB161: =+IF(W161="","-",IF(W161="UNICO","CENSO","MUESTRA")) -> MUESTRA | AC161: ULTIMOS | AD161: - | AF161: =+COUNTIF(Piloto!C:C,MARCO!A161) -> 0
A162: =+H162 -> 0069DM0491 | B162: Un.Serv. | C162: 03 | D162: 069 | E162: La Matanza | F162: 623620 | G162: 0 | H162: 0069DM0491 | I162: Oficial | J162: CENTRO EDUCATIVO DE NIVEL SECUNDARIO (C.E.N.S.) | K162: SEDE | M162: CENS 491 | N162: Urbano | O162: No | P162: Educación de Jóvenes y Adultos | Q162: Nivel Secundario | R162: 71 | S162: 4 | T162: 1 | V162: CENS | W162: =+IF(V162="","",IF(MID(V162,1,3)="ECE","UNICO",IF(V162="FINES",CONCATENATE("R",IF(OR(C162="16",C162="21",C162="22",C162="23"),"16212223",IF(OR(C162="15",C162="17",C162="24",C162="25"),"15172425",C162))),IF(V162="CEBAS","UNICO",IF(VALUE(C162)<=11,"AMBA","INTERIOR"))))) -> AMBA | X162: =+IF(V162="","-",CONCATENATE(V162,"_",W162)) -> CENS_AMBA | Y162: 0.41425392 | Z162: =+IFERROR(VLOOKUP(H162,#REF!,2,FALSE),"-") -> - | AA162: CON | AB162: =+IF(W162="","-",IF(W162="UNICO","CENSO","MUESTRA")) -> MUESTRA | AC162: PRIMEROS | AD162: - | AF162: =+COUNTIF(Piloto!C:C,MARCO!A162) -> 0
A163: =+H163 -> 0004DM0456 | B163: Un.Serv. | C163: 05 | D163: 004 | E163: Almirante Brown | F163: 624173 | G163: 0 | H163: 0004DM0456 | I163: Oficial | J163: CENTRO EDUCATIVO DE NIVEL SECUNDARIO (C.E.N.S.) | K163: SEDE | M163: CENS 456 | N163: Urbano | O163: No | P163: Educación de Jóvenes y Adultos | Q163: Nivel Secundario | R163: 90 | S163: 3 | T163: 1 | V163: CENS | W163: =+IF(V163="","",IF(MID(V163,1,3)="ECE","UNICO",IF(V163="FINES",CONCATENATE("R",IF(OR(C163="16",C163="21",C163="22",C163="23"),"16212223",IF(OR(C163="15",C163="17",C163="24",C163="25"),"15172425",C163))),IF(V163="CEBAS","UNICO",IF(VALUE(C163)<=11,"AMBA","INTERIOR"))))) -> AMBA | X163: =+IF(V163="","-",CONCATENATE(V163,"_",W163)) -> CENS_AMBA | Y163: 0.41483073 | Z163: =+IFERROR(VLOOKUP(H163,#REF!,2,FALSE),"-") -> - | AA163: CON | AB163: =+IF(W163="","-",IF(W163="UNICO","CENSO","MUESTRA")) -> MUESTRA | AC163: PRIMEROS | AD163: - | AF163: =+COUNTIF(Piloto!C:C,MARCO!A163) -> 0
A164: =+H164 -> 0044DM0451 | B164: Un.Serv. | C164: 10 | D164: 044 | E164: General Rodríguez | F164: 604058 | G164: 0 | H164: 0044DM0451 | I164: Oficial | J164: CENTRO EDUCATIVO DE NIVEL SECUNDARIO (C.E.N.S.) | K164: SEDE | M164: CENS 451 "ALFONSINA STORNI" | N164: Urbano | O164: No | P164: Educación de Jóvenes y Adultos | Q164: Nivel Secundario | R164: 737 | S164: 23 | T164: 1 | V164: CENS | W164: =+IF(V164="","",IF(MID(V164,1,3)="ECE","UNICO",IF(V164="FINES",CONCATENATE("R",IF(OR(C164="16",C164="21",C164="22",C164="23"),"16212223",IF(OR(C164="15",C164="17",C164="24",C164="25"),"15172425",C164))),IF(V164="CEBAS","UNICO",IF(VALUE(C164)<=11,"AMBA","INTERIOR"))))) -> AMBA | X164: =+IF(V164="","-",CONCATENATE(V164,"_",W164)) -> CENS_AMBA | Y164: 0.41525301 | Z164: =+IFERROR(VLOOKUP(H164,#REF!,2,FALSE),"-") -> - | AA164: CON | AB164: =+IF(W164="","-",IF(W164="UNICO","CENSO","MUESTRA")) -> MUESTRA | AC164: PRIMEROS | AD164: - | AF164: =+COUNTIF(Piloto!C:C,MARCO!A164) -> 0
A165: =+H165 -> 0083DM0453 | B165: Un.Serv. | C165: 11 | D165: 083 | E165: Pilar | F165: 623764 | G165: 0 | H165: 0083DM0453 | I165: Oficial | J165: CENTRO EDUCATIVO DE NIVEL SECUNDARIO (C.E.N.S.) | K165: SEDE | M165: CENS 453 "DOMINGO FAUSTINO SARMIENTO" | N165: Urbano | O165: No | P165: Educación de Jóvenes y Adultos | Q165: Nivel Secundario | R165: 130 | S165: 9 | T165: 1 | V165: CENS | W165: =+IF(V165="","",IF(MID(V165,1,3)="ECE","UNICO",IF(V165="FINES",CONCATENATE("R",IF(OR(C165="16",C165="21",C165="22",C165="23"),"16212223",IF(OR(C165="15",C165="17",C165="24",C165="25"),"15172425",C165))),IF(V165="CEBAS","UNICO",IF(VALUE(C165)<=11,"AMBA","INTERIOR"))))) -> AMBA | X165: =+IF(V165="","-",CONCATENATE(V165,"_",W165)) -> CENS_AMBA | Y165: 0.41787207 | Z165: =+IFERROR(VLOOKUP(H165,#REF!,2,FALSE),"-") -> - | AA165: CON | AB165: =+IF(W165="","-",IF(W165="UNICO","CENSO","MUESTRA")) -> MUESTRA | AC165: PRIMEROS | AD165: - | AF165: =+COUNTIF(Piloto!C:C,MARCO!A165) -> 0
A166: =+H166 -> 0073DM2540 | B166: Un.Serv. | C166: 09 | D166: 073 | E166: Moreno | F166: 621170 | G166: 1 | H166: 0073DM2540 | I166: Oficial | J166: CENTRO EDUCATIVO DE NIVEL SECUNDARIO (C.E.N.S.) | K166: EXTENSION | L166: 0055DM0454 | M166: CENS 454 - EXTENSIÓN I | N166: Urbano | O166: No | P166: Educación de Jóvenes y Adultos | Q166: Nivel Secundario | R166: 39 | S166: 3 | T166: 1 | V166: CENS | W166: =+IF(V166="","",IF(MID(V166,1,3)="ECE","UNICO",IF(V166="FINES",CONCATENATE("R",IF(OR(C166="16",C166="21",C166="22",C166="23"),"16212223",IF(OR(C166="15",C166="17",C166="24",C166="25"),"15172425",C166))),IF(V166="CEBAS","UNICO",IF(VALUE(C166)<=11,"AMBA","INTERIOR"))))) -> AMBA | X166: =+IF(V166="","-",CONCATENATE(V166,"_",W166)) -> CENS_AMBA | Y166: 0.42099131 | Z166: =+IFERROR(VLOOKUP(H166,#REF!,2,FALSE),"-") -> - | AA166: CON | AB166: =+IF(W166="","-",IF(W166="UNICO","CENSO","MUESTRA")) -> MUESTRA | AC166: PRIMEROS | AD166: - | AF166: =+COUNTIF(Piloto!C:C,MARCO!A166) -> 0
A167: =+H167 -> 0001DM0459 | B167: Un.Serv. | C167: 01 | D167: 001 | E167: La Plata | F167: 623588 | G167: 0 | H167: 0001DM0459 | I167: Oficial | J167: CENTRO EDUCATIVO DE NIVEL SECUNDARIO (C.E.N.S.) | K167: SEDE | M167: CENS 459 | N167: Urbano | O167: No | P167: Educación de Jóvenes y Adultos | Q167: Nivel Secundario | R167: 77 | S167: 4 | T167: 1 | V167: CENS | W167: =+IF(V167="","",IF(MID(V167,1,3)="ECE","UNICO",IF(V167="FINES",CONCATENATE("R",IF(OR(C167="16",C167="21",C167="22",C167="23"),"16212223",IF(OR(C167="15",C167="17",C167="24",C167="25"),"15172425",C167))),IF(V167="CEBAS","UNICO",IF(VALUE(C167)<=11,"AMBA","INTERIOR"))))) -> AMBA | X167: =+IF(V167="","-",CONCATENATE(V167,"_",W167)) -> CENS_AMBA | Y167: 0.42364257 | Z167: =+IFERROR(VLOOKUP(H167,#REF!,2,FALSE),"-") -> - | AA167: CON | AB167: =+IF(W167="","-",IF(W167="UNICO","CENSO","MUESTRA")) -> MUESTRA | AC167: ULTIMOS | AD167: - | AF167: =+COUNTIF(Piloto!C:C,MARCO!A167) -> 0
A168: =+H168 -> 0100DM0453 | B168: Un.Serv. | C168: 08 | D168: 100 | E168: Morón | F168: 610731 | G168: 0 | H168: 0100DM0453 | I168: Oficial | J168: CENTRO EDUCATIVO DE NIVEL SECUNDARIO (C.E.N.S.) | K168: SEDE | M168: CENS 453 | N168: Urbano | O168: No | P168: Educación de Jóvenes y Adultos | Q168: Nivel Secundario | R168: 124 | S168: 8 | T168: 1 | V168: CENS | W168: =+IF(V168="","",IF(MID(V168,1,3)="ECE","UNICO",IF(V168="FINES",CONCATENATE("R",IF(OR(C168="16",C168="21",C168="22",C168="23"),"16212223",IF(OR(C168="15",C168="17",C168="24",C168="25"),"15172425",C168))),IF(V168="CEBAS","UNICO",IF(VALUE(C168)<=11,"AMBA","INTERIOR"))))) -> AMBA | X168: =+IF(V168="","-",CONCATENATE(V168,"_",W168)) -> CENS_AMBA | Y168: 0.42454753 | Z168: =+IFERROR(VLOOKUP(H168,#REF!,2,FALSE),"-") -> - | AA168: CON | AB168: =+IF(W168="","-",IF(W168="UNICO","CENSO","MUESTRA")) -> MUESTRA | AC168: ULTIMOS | AD168: - | AF168: =+COUNTIF(Piloto!C:C,MARCO!A168) -> 0
A169: =+H169 -> 0005DM0453 | B169: Un.Serv. | C169: 02 | D169: 005 | E169: Avellaneda | F169: 607800 | G169: 0 | H169: 0005DM0453 | I169: Oficial | J169: CENTRO EDUCATIVO DE NIVEL SECUNDARIO (C.E.N.S.) | K169: SEDE | M169: CENS 453 | N169: Urbano | O169: No | P169: Educación de Jóvenes y Adultos | Q169: Nivel Secundario | R169: 415 | S169: 23 | T169: 1 | V169: CENS | W169: =+IF(V169="","",IF(MID(V169,1,3)="ECE","UNICO",IF(V169="FINES",CONCATENATE("R",IF(OR(C169="16",C169="21",C169="22",C169="23"),"16212223",IF(OR(C169="15",C169="17",C169="24",C169="25"),"15172425",C169))),IF(V169="CEBAS","UNICO",IF(VALUE(C169)<=11,"AMBA","INTERIOR"))))) -> AMBA | X169: =+IF(V169="","-",CONCATENATE(V169,"_",W169)) -> CENS_AMBA | Y169: 0.42633427 | Z169: =+IFERROR(VLOOKUP(H169,#REF!,2,FALSE),"-") -> - | AA169: CON | AB169: =+IF(W169="","-",IF(W169="UNICO","CENSO","MUESTRA")) -> MUESTRA | AC169: ULTIMOS | AD169: - | AF169: =+COUNTIF(Piloto!C:C,MARCO!A169) -> 0
A170: =+H170 -> 0071DM0461 | B170: Un.Serv. | C170: 08 | D170: 071 | E170: Merlo | F170: 623712 | G170: 0 | H170: 0071DM0461 | I170: Oficial | J170: CENTRO EDUCATIVO DE NIVEL SECUNDARIO (C.E.N.S.) | K170: SEDE | M170: CENS 461 | N170: Urbano | O170: No | P170: Educación de Jóvenes y Adultos | Q170: Nivel Secundario | R170: 227 | S170: 11 | T170: 1 | V170: CENS | W170: =+IF(V170="","",IF(MID(V170,1,3)="ECE","UNICO",IF(V170="FINES",CONCATENATE("R",IF(OR(C170="16",C170="21",C170="22",C170="23"),"16212223",IF(OR(C170="15",C170="17",C170="24",C170="25"),"15172425",C170))),IF(V170="CEBAS","UNICO",IF(VALUE(C170)<=11,"AMBA","INTERIOR"))))) -> AMBA | X170: =+IF(V170="","-",CONCATENATE(V170,"_",W170)) -> CENS_AMBA | Y170: 0.43532355 | Z170: =+IFERROR(VLOOKUP(H170,#REF!,2,FALSE),"-") -> - | AA170: CON | AB170: =+IF(W170="","-",IF(W170="UNICO","CENSO","MUESTRA")) -> MUESTRA | AC170: ULTIMOS | AD170: - | AF170: =+COUNTIF(Piloto!C:C,MARCO!A170) -> 0
A171: =+H171 -> 0005DM0458 | B171: Un.Serv. | C171: 02 | D171: 005 | E171: Avellaneda | F171: 624533 | G171: 0 | H171: 0005DM0458 | I171: Oficial | J171: CENTRO EDUCATIVO DE NIVEL SECUNDARIO (C.E.N.S.) | K171: SEDE | M171: CENS 458 | N171: Urbano | O171: No | P171: Educación de Jóvenes y Adultos | Q171: Nivel Secundario | R171: 92 | S171: 4 | T171: 1 | V171: CENS | W171: =+IF(V171="","",IF(MID(V171,1,3)="ECE","UNICO",IF(V171="FINES",CONCATENATE("R",IF(OR(C171="16",C171="21",C171="22",C171="23"),"16212223",IF(OR(C171="15",C171="17",C171="24",C171="25"),"15172425",C171))),IF(V171="CEBAS","UNICO",IF(VALUE(C171)<=11,"AMBA","INTERIOR"))))) -> AMBA | X171: =+IF(V171="","-",CONCATENATE(V171,"_",W171)) -> CENS_AMBA | Y171: 0.43557208 | Z171: =+IFERROR(VLOOKUP(H171,#REF!,2,FALSE),"-") -> - | AA171: CON | AB171: =+IF(W171="","-",IF(W171="UNICO","CENSO","MUESTRA")) -> MUESTRA | AC171: PRIMEROS | AD171: - | AF171: =+COUNTIF(Piloto!C:C,MARCO!A171) -> 0
A172: =+H172 -> 0069DM0457 | B172: Un.Serv. | C172: 03 | D172: 069 | E172: La Matanza | F172: 616820 | G172: 0 | H172: 0069DM0457 | I172: Oficial | J172: CENTRO EDUCATIVO DE NIVEL SECUNDARIO (C.E.N.S.) | K172: SEDE | M172: CENS 457 | N172: Urbano | O172: No | P172: Educación de Jóvenes y Adultos | Q172: Nivel Secundario | R172: 246 | S172: 21 | T172: 1 | V172: CENS | W172: =+IF(V172="","",IF(MID(V172,1,3)="ECE","UNICO",IF(V172="FINES",CONCATENATE("R",IF(OR(C172="16",C172="21",C172="22",C172="23"),"16212223",IF(OR(C172="15",C172="17",C172="24",C172="25"),"15172425",C172))),IF(V172="CEBAS","UNICO",IF(VALUE(C172)<=11,"AMBA","INTERIOR"))))) -> AMBA | X172: =+IF(V172="","-",CONCATENATE(V172,"_",W172)) -> CENS_AMBA | Y172: 0.44160564 | Z172: =+IFERROR(VLOOKUP(H172,#REF!,2,FALSE),"-") -> - | AA172: CON | AB172: =+IF(W172="","-",IF(W172="UNICO","CENSO","MUESTRA")) -> MUESTRA | AC172: PRIMEROS | AD172: - | AF172: =+COUNTIF(Piloto!C:C,MARCO!A172) -> 0
A173: =+H173 -> 0113DM0452 | B173: Un.Serv. | C173: 01 | D173: 113 | E173: Berisso | F173: 623583 | G173: 0 | H173: 0113DM0452 | I173: Oficial | J173: CENTRO EDUCATIVO DE NIVEL SECUNDARIO (C.E.N.S.) | K173: SEDE | M173: CENS 452 | N173: Urbano | O173: No | P173: Educación de Jóvenes y Adultos | Q173: Nivel Secundario | R173: 185 | S173: 8 | T173: 1 | V173: CENS | W173: =+IF(V173="","",IF(MID(V173,1,3)="ECE","UNICO",IF(V173="FINES",CONCATENATE("R",IF(OR(C173="16",C173="21",C173="22",C173="23"),"16212223",IF(OR(C173="15",C173="17",C173="24",C173="25"),"15172425",C173))),IF(V173="CEBAS","UNICO",IF(VALUE(C173)<=11,"AMBA","INTERIOR"))))) -> AMBA | X173: =+IF(V173="","-",CONCATENATE(V173,"_",W173)) -> CENS_AMBA | Y173: 0.44214324 | Z173: =+IFERROR(VLOOKUP(H173,#REF!,2,FALSE),"-") -> - | AA173: CON | AB173: =+IF(W173="","-",IF(W173="UNICO","CENSO","MUESTRA")) -> MUESTRA | AC173: PRIMEROS | AD173: - | AF173: =+COUNTIF(Piloto!C:C,MARCO!A173) -> 0
A174: =+H174 -> 0119DM0456 | B174: Un.Serv. | C174: 04 | D174: 119 | E174: Berazategui | F174: 623644 | G174: 0 | H174: 0119DM0456 | I174: Oficial | J174: CENTRO EDUCATIVO DE NIVEL SECUNDARIO (C.E.N.S.) | K174: SEDE | M174: CENS 456 | N174: Urbano | O174: No | P174: Educación de Jóvenes y Adultos | Q174: Nivel Secundario | R174: 184 | S174: 9 | T174: 1 | V174: CENS | W174: =+IF(V174="","",IF(MID(V174,1,3)="ECE","UNICO",IF(V174="FINES",CONCATENATE("R",IF(OR(C174="16",C174="21",C174="22",C174="23"),"16212223",IF(OR(C174="15",C174="17",C174="24",C174="25"),"15172425",C174))),IF(V174="CEBAS","UNICO",IF(VALUE(C174)<=11,"AMBA","INTERIOR"))))) -> AMBA | X174: =+IF(V174="","-",CONCATENATE(V174,"_",W174)) -> CENS_AMBA | Y174: 0.44227708 | Z174: =+IFERROR(VLOOKUP(H174,#REF!,2,FALSE),"-") -> - | AA174: CON | AB174: =+IF(W174="","-",IF(W174="UNICO","CENSO","MUESTRA")) -> MUESTRA | AC174: ULTIMOS | AD174: - | AF174: =+COUNTIF(Piloto!C:C,MARCO!A174) -> 0
A175: =+H175 -> 0119DM0455 | B175: Un.Serv. | C175: 04 | D175: 119 | E175: Berazategui | F175: 623643 | G175: 0 | H175: 0119DM0455 | I175: Oficial | J175: CENTRO EDUCATIVO DE NIVEL SECUNDARIO (C.E.N.S.) | K175: SEDE | M175: CENS 455 | N175: Urbano | O175: No | P175: Educación de Jóvenes y Adultos | Q175: Nivel Secundario | R175: 54 | S175: 6 | T175: 1 | V175: CENS | W175: =+IF(V175="","",IF(MID(V175,1,3)="ECE","UNICO",IF(V175="FINES",CONCATENATE("R",IF(OR(C175="16",C175="21",C175="22",C175="23"),"16212223",IF(OR(C175="15",C175="17",C175="24",C175="25"),"15172425",C175))),IF(V175="CEBAS","UNICO",IF(VALUE(C175)<=11,"AMBA","INTERIOR"))))) -> AMBA | X175: =+IF(V175="","-",CONCATENATE(V175,"_",W175)) -> CENS_AMBA | Y175: 0.44555044 | Z175: =+IFERROR(VLOOKUP(H175,#REF!,2,FALSE),"-") -> - | AA175: CON | AB175: =+IF(W175="","-",IF(W175="UNICO","CENSO","MUESTRA")) -> MUESTRA | AC175: PRIMEROS | AD175: - | AF175: =+COUNTIF(Piloto!C:C,MARCO!A175) -> 0
A176: =+H176 -> 0116DM0455 | B176: Un.Serv. | C176: 11 | D176: 116 | E176: Escobar | F176: 624126 | G176: 0 | H176: 0116DM0455 | I176: Oficial | J176: CENTRO EDUCATIVO DE NIVEL SECUNDARIO (C.E.N.S.) | K176: SEDE | M176: CENS 455 | N176: Urbano | O176: No | P176: Educación de Jóvenes y Adultos | Q176: Nivel Secundario | R176: 52 | S176: 3 | T176: 1 | V176: CENS | W176: =+IF(V176="","",IF(MID(V176,1,3)="ECE","UNICO",IF(V176="FINES",CONCATENATE("R",IF(OR(C176="16",C176="21",C176="22",C176="23"),"16212223",IF(OR(C176="15",C176="17",C176="24",C176="25"),"15172425",C176))),IF(V176="CEBAS","UNICO",IF(VALUE(C176)<=11,"AMBA","INTERIOR"))))) -> AMBA | X176: =+IF(V176="","-",CONCATENATE(V176,"_",W176)) -> CENS_AMBA | Y176: 0.44570285 | Z176: =+IFERROR(VLOOKUP(H176,#REF!,2,FALSE),"-") -> - | AA176: CON | AB176: =+IF(W176="","-",IF(W176="UNICO","CENSO","MUESTRA")) -> MUESTRA | AC176: ULTIMOS | AD176: - | AF176: =+COUNTIF(Piloto!C:C,MARCO!A176) -> 0
A177: =+H177 -> 0069DM0482 | B177: Un.Serv. | C177: 03 | D177: 069 | E177: La Matanza | F177: 623633 | G177: 0 | H177: 0069DM0482 | I177: Oficial | J177: CENTRO EDUCATIVO DE NIVEL SECUNDARIO (C.E.N.S.) | K177: SEDE | M177: CENS 482 | N177: Urbano | O177: No | P177: Educación de Jóvenes y Adultos | Q177: Nivel Secundario | R177: 102 | S177: 10 | T177: 1 | V177: CENS | W177: =+IF(V177="","",IF(MID(V177,1,3)="ECE","UNICO",IF(V177="FINES",CONCATENATE("R",IF(OR(C177="16",C177="21",C177="22",C177="23"),"16212223",IF(OR(C177="15",C177="17",C177="24",C177="25"),"15172425",C177))),IF(V177="CEBAS","UNICO",IF(VALUE(C177)<=11,"AMBA","INTERIOR"))))) -> AMBA | X177: =+IF(V177="","-",CONCATENATE(V177,"_",W177)) -> CENS_AMBA | Y177: 0.44794213 | Z177: =+IFERROR(VLOOKUP(H177,#REF!,2,FALSE),"-") -> - | AA177: CON | AB177: =+IF(W177="","-",IF(W177="UNICO","CENSO","MUESTRA")) -> MUESTRA | AC177: ULTIMOS | AD177: - | AF177: =+COUNTIF(Piloto!C:C,MARCO!A177) -> 0
A178: =+H178 -> 0055DM0464 | B178: Un.Serv. | C178: 06 | D178: 055 | E178: Tigre | F178: 623683 | G178: 0 | H178: 0055DM0464 | I178: Oficial | J178: CENTRO EDUCATIVO DE NIVEL SECUNDARIO (C.E.N.S.) | K178: SEDE | M178: CENS 464 | N178: Urbano | O178: No | P178: Educación de Jóvenes y Adultos | Q178: Nivel Secundario | R178: 58 | S178: 3 | T178: 1 | V178: CENS | W178: =+IF(V178="","",IF(MID(V178,1,3)="ECE","UNICO",IF(V178="FINES",CONCATENATE("R",IF(OR(C178="16",C178="21",C178="22",C178="23"),"16212223",IF(OR(C178="15",C178="17",C178="24",C178="25"),"15172425",C178))),IF(V178="CEBAS","UNICO",IF(VALUE(C178)<=11,"AMBA","INTERIOR"))))) -> AMBA | X178: =+IF(V178="","-",CONCATENATE(V178,"_",W178)) -> CENS_AMBA | Y178: 0.44800343 | Z178: =+IFERROR(VLOOKUP(H178,#REF!,2,FALSE),"-") -> - | AA178: CON | AB178: =+IF(W178="","-",IF(W178="UNICO","CENSO","MUESTRA")) -> MUESTRA | AC178: PRIMEROS | AD178: - | AF178: =+COUNTIF(Piloto!C:C,MARCO!A178) -> 0
A179: =+H179 -> 0073DM0454 | B179: Un.Serv. | C179: 09 | D179: 073 | E179: Moreno | F179: 603356 | G179: 0 | H179: 0073DM0454 | I179: Oficial | J179: CENTRO EDUCATIVO DE NIVEL SECUNDARIO (C.E.N.S.) | K179: SEDE | M179: CENS 454 "REPÚBLICA ARGENTINA" | N179: Urbano | O179: No | P179: Educación de Jóvenes y Adultos | Q179: Nivel Secundario | R179: 194 | S179: 9 | T179: 1 | V179: CENS | W179: =+IF(V179="","",IF(MID(V179,1,3)="ECE","UNICO",IF(V179="FINES",CONCATENATE("R",IF(OR(C179="16",C179="21",C179="22",C179="23"),"16212223",IF(OR(C179="15",C179="17",C179="24",C179="25"),"15172425",C179))),IF(V179="CEBAS","UNICO",IF(VALUE(C179)<=11,"AMBA","INTERIOR"))))) -> AMBA | X179: =+IF(V179="","-",CONCATENATE(V179,"_",W179)) -> CENS_AMBA | Y179: 0.44843472 | Z179: =+IFERROR(VLOOKUP(H179,#REF!,2,FALSE),"-") -> - | AA179: CON | AB179: =+IF(W179="","-",IF(W179="UNICO","CENSO","MUESTRA")) -> MUESTRA | AC179: ULTIMOS | AD179: - | AF179: =+COUNTIF(Piloto!C:C,MARCO!A179) -> 0
A180: =+H180 -> 0062DM3722 | B180: Un.Serv. | C180: 02 | D180: 062 | E180: Lomas de Zamora | F180: 624645 | G180: 2 | H180: 0062DM3722 | I180: Oficial | J180: CENTRO EDUCATIVO DE NIVEL SECUNDARIO (C.E.N.S.) | K180: ANEXO | L180: 0062DM0472 | M180: CENS 472 - ANEXO 2 | N180: Urbano | O180: No | P180: Educación de Jóvenes y Adultos | Q180: Nivel Secundario | R180: 24 | S180: 3 | T180: 1 | V180: CENS | W180: =+IF(V180="","",IF(MID(V180,1,3)="ECE","UNICO",IF(V180="FINES",CONCATENATE("R",IF(OR(C180="16",C180="21",C180="22",C180="23"),"16212223",IF(OR(C180="15",C180="17",C180="24",C180="25"),"15172425",C180))),IF(V180="CEBAS","UNICO",IF(VALUE(C180)<=11,"AMBA","INTERIOR"))))) -> AMBA | X180: =+IF(V180="","-",CONCATENATE(V180,"_",W180)) -> CENS_AMBA | Y180: 0.44888323 | Z180: =+IFERROR(VLOOKUP(H180,#REF!,2,FALSE),"-") -> - | AA180: CON | AB180: =+IF(W180="","-",IF(W180="UNICO","CENSO","MUESTRA")) -> MUESTRA | AC180: ULTIMOS | AD180: - | AF180: =+COUNTIF(Piloto!C:C,MARCO!A180) -> 0
A181: =+H181 -> 0085DM0455 | B181: Un.Serv. | C181: 04 | D181: 085 | E181: Quilmes | F181: 623651 | G181: 0 | H181: 0085DM0455 | I181: Oficial | J181: CENTRO EDUCATIVO DE NIVEL SECUNDARIO (C.E.N.S.) | K181: SEDE | M181: CENS 455 | N181: Urbano | O181: No | P181: Educación de Jóvenes y Adultos | Q181: Nivel Secundario | R181: 270 | S181: 11 | T181: 1 | V181: CENS | W181: =+IF(V181="","",IF(MID(V181,1,3)="ECE","UNICO",IF(V181="FINES",CONCATENATE("R",IF(OR(C181="16",C181="21",C181="22",C181="23"),"16212223",IF(OR(C181="15",C181="17",C181="24",C181="25"),"15172425",C181))),IF(V181="CEBAS","UNICO",IF(VALUE(C181)<=11,"AMBA","INTERIOR"))))) -> AMBA | X181: =+IF(V181="","-",CONCATENATE(V181,"_",W181)) -> CENS_AMBA | Y181: 0.45044084 | Z181: =+IFERROR(VLOOKUP(H181,#REF!,2,FALSE),"-") -> - | AA181: CON | AB181: =+IF(W181="","-",IF(W181="UNICO","CENSO","MUESTRA")) -> MUESTRA | AC181: ULTIMOS | AD181: - | AF181: =+COUNTIF(Piloto!C:C,MARCO!A181) -> 0
A182: =+H182 -> 0069DM0480 | B182: Un.Serv. | C182: 03 | D182: 069 | E182: La Matanza | F182: 623631 | G182: 0 | H182: 0069DM0480 | I182: Oficial | J182: CENTRO EDUCATIVO DE NIVEL SECUNDARIO (C.E.N.S.) | K182: SEDE | M182: CENS 480 | N182: Urbano | O182: No | P182: Educación de Jóvenes y Adultos | Q182: Nivel Secundario | R182: 63 | S182: 6 | T182: 1 | V182: CENS | W182: =+IF(V182="","",IF(MID(V182,1,3)="ECE","UNICO",IF(V182="FINES",CONCATENATE("R",IF(OR(C182="16",C182="21",C182="22",C182="23"),"16212223",IF(OR(C182="15",C182="17",C182="24",C182="25"),"15172425",C182))),IF(V182="CEBAS","UNICO",IF(VALUE(C182)<=11,"AMBA","INTERIOR"))))) -> AMBA | X182: =+IF(V182="","-",CONCATENATE(V182,"_",W182)) -> CENS_AMBA | Y182: 0.45849062 | Z182: =+IFERROR(VLOOKUP(H182,#REF!,2,FALSE),"-") -> - | AA182: CON | AB182: =+IF(W182="","-",IF(W182="UNICO","CENSO","MUESTRA")) -> MUESTRA | AC182: PRIMEROS | AD182: - | AF182: =+COUNTIF(Piloto!C:C,MARCO!A182) -> 0
A183: =+H183 -> 0111DM0451 | B183: Un.Serv. | C183: 02 | D183: 111 | E183: Lanús | F183: 602414 | G183: 0 | H183: 0111DM0451 | I183: Oficial | J183: CENTRO EDUCATIVO DE NIVEL SECUNDARIO (C.E.N.S.) | K183: SEDE | M183: CENS 451 | N183: Urbano | O183: No | P183: Educación de Jóvenes y Adultos | Q183: Nivel Secundario | R183: 114 | S183: 7 | T183: 1 | V183: CENS | W183: =+IF(V183="","",IF(MID(V183,1,3)="ECE","UNICO",IF(V183="FINES",CONCATENATE("R",IF(OR(C183="16",C183="21",C183="22",C183="23"),"16212223",IF(OR(C183="15",C183="17",C183="24",C183="25"),"15172425",C183))),IF(V183="CEBAS","UNICO",IF(VALUE(C183)<=11,"AMBA","INTERIOR"))))) -> AMBA | X183: =+IF(V183="","-",CONCATENATE(V183,"_",W183)) -> CENS_AMBA | Y183: 0.46210402 | Z183: =+IFERROR(VLOOKUP(H183,#REF!,2,FALSE),"-") -> - | AA183: CON | AB183: =+IF(W183="","-",IF(W183="UNICO","CENSO","MUESTRA")) -> MUESTRA | AC183: PRIMEROS | AD183: - | AF183: =+COUNTIF(Piloto!C:C,MARCO!A183) -> 0
A184: =+H184 -> 0069DM0484 | B184: Un.Serv. | C184: 03 | D184: 069 | E184: La Matanza | F184: 623635 | G184: 0 | H184: 0069DM0484 | I184: Oficial | J184: CENTRO EDUCATIVO DE NIVEL SECUNDARIO (C.E.N.S.) | K184: SEDE | M184: CENS 484 | N184: Urbano | O184: No | P184: Educación de Jóvenes y Adultos | Q184: Nivel Secundario | R184: 49 | S184: 3 | T184: 1 | V184: CENS | W184: =+IF(V184="","",IF(MID(V184,1,3)="ECE","UNICO",IF(V184="FINES",CONCATENATE("R",IF(OR(C184="16",C184="21",C184="22",C184="23"),"16212223",IF(OR(C184="15",C184="17",C184="24",C184="25"),"15172425",C184))),IF(V184="CEBAS","UNICO",IF(VALUE(C184)<=11,"AMBA","INTERIOR"))))) -> AMBA | X184: =+IF(V184="","-",CONCATENATE(V184,"_",W184)) -> CENS_AMBA | Y184: 0.46672781 | Z184: =+IFERROR(VLOOKUP(H184,#REF!,2,FALSE),"-") -> - | AA184: CON | AB184: =+IF(W184="","-",IF(W184="UNICO","CENSO","MUESTRA")) -> MUESTRA | AC184: ULTIMOS | AD184: - | AF184: =+COUNTIF(Piloto!C:C,MARCO!A184) -> 0
A185: =+H185 -> 0135DM0451 | B185: Un.Serv. | C185: 07 | D185: 135 | E185: Hurlingham | F185: 605672 | G185: 0 | H185: 0135DM0451 | I185: Oficial | J185: CENTRO EDUCATIVO DE NIVEL SECUNDARIO (C.E.N.S.) | K185: SEDE | M185: CENS 451 "MANUEL BELGRANO" | N185: Urbano | O185: No | P185: Educación de Jóvenes y Adultos | Q185: Nivel Secundario | R185: 172 | S185: 9 | T185: 1 | V185: CENS | W185: =+IF(V185="","",IF(MID(V185,1,3)="ECE","UNICO",IF(V185="FINES",CONCATENATE("R",IF(OR(C185="16",C185="21",C185="22",C185="23"),"16212223",IF(OR(C185="15",C185="17",C185="24",C185="25"),"15172425",C185))),IF(V185="CEBAS","UNICO",IF(VALUE(C185)<=11,"AMBA","INTERIOR"))))) -> AMBA | X185: =+IF(V185="","-",CONCATENATE(V185,"_",W185)) -> CENS_AMBA | Y185: 0.46731537 | Z185: =+IFERROR(VLOOKUP(H185,#REF!,2,FALSE),"-") -> - | AA185: CON | AB185: =+IF(W185="","-",IF(W185="UNICO","CENSO","MUESTRA")) -> MUESTRA | AC185: ULTIMOS | AD185: - | AF185: =+COUNTIF(Piloto!C:C,MARCO!A185) -> 0
A186: =+H186 -> 0111DM0455 | B186: Un.Serv. | C186: 02 | D186: 111 | E186: Lanús | F186: 623598 | G186: 0 | H186: 0111DM0455 | I186: Oficial | J186: CENTRO EDUCATIVO DE NIVEL SECUNDARIO (C.E.N.S.) | K186: SEDE | M186: CENS 455 | N186: Urbano | O186: No | P186: Educación de Jóvenes y Adultos | Q186: Nivel Secundario | R186: 91 | S186: 6 | T186: 1 | V186: CENS | W186: =+IF(V186="","",IF(MID(V186,1,3)="ECE","UNICO",IF(V186="FINES",CONCATENATE("R",IF(OR(C186="16",C186="21",C186="22",C186="23"),"16212223",IF(OR(C186="15",C186="17",C186="24",C186="25"),"15172425",C186))),IF(V186="CEBAS","UNICO",IF(VALUE(C186)<=11,"AMBA","INTERIOR"))))) -> AMBA | X186: =+IF(V186="","-",CONCATENATE(V186,"_",W186)) -> CENS_AMBA | Y186: 0.46791924 | Z186: =+IFERROR(VLOOKUP(H186,#REF!,2,FALSE),"-") -> - | AA186: CON | AB186: =+IF(W186="","-",IF(W186="UNICO","CENSO","MUESTRA")) -> MUESTRA | AC186: ULTIMOS | AD186: - | AF186: =+COUNTIF(Piloto!C:C,MARCO!A186) -> 0
A187: =+H187 -> 0069DM0463 | B187: Un.Serv. | C187: 03 | D187: 069 | E187: La Matanza | F187: 623606 | G187: 0 | H187: 0069DM0463 | I187: Oficial | J187: CENTRO EDUCATIVO DE NIVEL SECUNDARIO (C.E.N.S.) | K187: SEDE | M187: CENS 463 | N187: Urbano | O187: No | P187: Educación de Jóvenes y Adultos | Q187: Nivel Secundario | R187: 34 | S187: 4 | T187: 1 | V187: CENS | W187: =+IF(V187="","",IF(MID(V187,1,3)="ECE","UNICO",IF(V187="FINES",CONCATENATE("R",IF(OR(C187="16",C187="21",C187="22",C187="23"),"16212223",IF(OR(C187="15",C187="17",C187="24",C187="25"),"15172425",C187))),IF(V187="CEBAS","UNICO",IF(VALUE(C187)<=11,"AMBA","INTERIOR"))))) -> AMBA | X187: =+IF(V187="","-",CONCATENATE(V187,"_",W187)) -> CENS_AMBA | Y187: 0.47115194 | Z187: =+IFERROR(VLOOKUP(H187,#REF!,2,FALSE),"-") -> - | AA187: CON | AB187: =+IF(W187="","-",IF(W187="UNICO","CENSO","MUESTRA")) -> MUESTRA | AC187: PRIMEROS | AD187: - | AF187: =+COUNTIF(Piloto!C:C,MARCO!A187) -> 0
A188: =+H188 -> 0099DM0453 | B188: Un.Serv. | C188: 05 | D188: 099 | E188: San Vicente | F188: 623667 | G188: 0 | H188: 0099DM0453 | I188: Oficial | J188: CENTRO EDUCATIVO DE NIVEL SECUNDARIO (C.E.N.S.) | K188: SEDE | M188: CENS 453 | N188: Urbano | O188: No | P188: Educación de Jóvenes y Adultos | Q188: Nivel Secundario | R188: 127 | S188: 7 | T188: 1 | V188: CENS | W188: =+IF(V188="","",IF(MID(V188,1,3)="ECE","UNICO",IF(V188="FINES",CONCATENATE("R",IF(OR(C188="16",C188="21",C188="22",C188="23"),"16212223",IF(OR(C188="15",C188="17",C188="24",C188="25"),"15172425",C188))),IF(V188="CEBAS","UNICO",IF(VALUE(C188)<=11,"AMBA","INTERIOR"))))) -> AMBA | X188: =+IF(V188="","-",CONCATENATE(V188,"_",W188)) -> CENS_AMBA | Y188: 0.47319455 | Z188: =+IFERROR(VLOOKUP(H188,#REF!,2,FALSE),"-") -> - | AA188: CON | AB188: =+IF(W188="","-",IF(W188="UNICO","CENSO","MUESTRA")) -> MUESTRA | AC188: PRIMEROS | AD188: - | AF188: =+COUNTIF(Piloto!C:C,MARCO!A188) -> 0
A189: =+H189 -> 0111DM0454 | B189: Un.Serv. | C189: 02 | D189: 111 | E189: Lanús | F189: 623596 | G189: 0 | H189: 0111DM0454 | I189: Oficial | J189: CENTRO EDUCATIVO DE NIVEL SECUNDARIO (C.E.N.S.) | K189: SEDE | M189: CENS 454 | N189: Urbano | O189: No | P189: Educación de Jóvenes y Adultos | Q189: Nivel Secundario | R189: 196 | S189: 7 | T189: 1 | V189: CENS | W189: =+IF(V189="","",IF(MID(V189,1,3)="ECE","UNICO",IF(V189="FINES",CONCATENATE("R",IF(OR(C189="16",C189="21",C189="22",C189="23"),"16212223",IF(OR(C189="15",C189="17",C189="24",C189="25"),"15172425",C189))),IF(V189="CEBAS","UNICO",IF(VALUE(C189)<=11,"AMBA","INTERIOR"))))) -> AMBA | X189: =+IF(V189="","-",CONCATENATE(V189,"_",W189)) -> CENS_AMBA | Y189: 0.47532658 | Z189: =+IFERROR(VLOOKUP(H189,#REF!,2,FALSE),"-") -> - | AA189: CON | AB189: =+IF(W189="","-",IF(W189="UNICO","CENSO","MUESTRA")) -> MUESTRA | AC189: PRIMEROS | AD189: - | AF189: =+COUNTIF(Piloto!C:C,MARCO!A189) -> 0
A190: =+H190 -> 0083DM0457 | B190: Un.Serv. | C190: 11 | D190: 083 | E190: Pilar | F190: 623976 | G190: 0 | H190: 0083DM0457 | I190: Oficial | J190: CENTRO EDUCATIVO DE NIVEL SECUNDARIO (C.E.N.S.) | K190: SEDE | M190: CENS 457 "PRESIDENTE RAÚL RICARDO ALFONSÍN" | N190: Urbano | O190: No | P190: Educación de Jóvenes y Adultos | Q190: Nivel Secundario | R190: 57 | S190: 3 | T190: 1 | V190: CENS | W190: =+IF(V190="","",IF(MID(V190,1,3)="ECE","UNICO",IF(V190="FINES",CONCATENATE("R",IF(OR(C190="16",C190="21",C190="22",C190="23"),"16212223",IF(OR(C190="15",C190="17",C190="24",C190="25"),"15172425",C190))),IF(V190="CEBAS","UNICO",IF(VALUE(C190)<=11,"AMBA","INTERIOR"))))) -> AMBA | X190: =+IF(V190="","-",CONCATENATE(V190,"_",W190)) -> CENS_AMBA | Y190: 0.47540111 | Z190: =+IFERROR(VLOOKUP(H190,#REF!,2,FALSE),"-") -> - | AA190: CON | AB190: =+IF(W190="","-",IF(W190="UNICO","CENSO","MUESTRA")) -> MUESTRA | AC190: PRIMEROS | AD190: - | AF190: =+COUNTIF(Piloto!C:C,MARCO!A190) -> 0
A191: =+H191 -> 0069DM0468 | B191: Un.Serv. | C191: 03 | D191: 069 | E191: La Matanza | F191: 623611 | G191: 0 | H191: 0069DM0468 | I191: Oficial | J191: CENTRO EDUCATIVO DE NIVEL SECUNDARIO (C.E.N.S.) | K191: SEDE | M191: CENS 468 | N191: Urbano | O191: No | P191: Educación de Jóvenes y Adultos | Q191: Nivel Secundario | R191: 64 | S191: 6 | T191: 1 | V191: CENS | W191: =+IF(V191="","",IF(MID(V191,1,3)="ECE","UNICO",IF(V191="FINES",CONCATENATE("R",IF(OR(C191="16",C191="21",C191="22",C191="23"),"16212223",IF(OR(C191="15",C191="17",C191="24",C191="25"),"15172425",C191))),IF(V191="CEBAS","UNICO",IF(VALUE(C191)<=11,"AMBA","INTERIOR"))))) -> AMBA | X191: =+IF(V191="","-",CONCATENATE(V191,"_",W191)) -> CENS_AMBA | Y191: 0.47669315 | Z191: =+IFERROR(VLOOKUP(H191,#REF!,2,FALSE),"-") -> - | AA191: CON | AB191: =+IF(W191="","-",IF(W191="UNICO","CENSO","MUESTRA")) -> MUESTRA | AC191: PRIMEROS | AD191: - | AF191: =+COUNTIF(Piloto!C:C,MARCO!A191) -> 0
A192: =+H192 -> 0069DM0467 | B192: Un.Serv. | C192: 03 | D192: 069 | E192: La Matanza | F192: 623610 | G192: 0 | H192: 0069DM0467 | I192: Oficial | J192: CENTRO EDUCATIVO DE NIVEL SECUNDARIO (C.E.N.S.) | K192: SEDE | M192: CENS 467 "LUCIANO ARRUGA" | N192: Urbano | O192: No | P192: Educación de Jóvenes y Adultos | Q192: Nivel Secundario | R192: 171 | S192: 10 | T192: 1 | V192: CENS | W192: =+IF(V192="","",IF(MID(V192,1,3)="ECE","UNICO",IF(V192="FINES",CONCATENATE("R",IF(OR(C192="16",C192="21",C192="22",C192="23"),"16212223",IF(OR(C192="15",C192="17",C192="24",C192="25"),"15172425",C192))),IF(V192="CEBAS","UNICO",IF(VALUE(C192)<=11,"AMBA","INTERIOR"))))) -> AMBA | X192: =+IF(V192="","-",CONCATENATE(V192,"_",W192)) -> CENS_AMBA | Y192: 0.47791883 | Z192: =+IFERROR(VLOOKUP(H192,#REF!,2,FALSE),"-") -> - | AA192: CON | AB192: =+IF(W192="","-",IF(W192="UNICO","CENSO","MUESTRA")) -> MUESTRA | AC192: ULTIMOS | AD192: - | AF192: =+COUNTIF(Piloto!C:C,MARCO!A192) -> 0
... A239: =+H239 -> 0069DM0486 | B239: Un.Serv. | C239: 03 | D239: 069 | E239: La Matanza | F239: 623615 | G239: 0 | H239: 0069DM0486 | I239: Oficial | J239: CENTRO EDUCATIVO DE NIVEL SECUNDARIO (C.E.N.S.) | K239: SEDE | M239: CENS 486 | N239: Urbano | O239: No | P239: Educación de Jóvenes y Adultos | Q239: Nivel Secundario | R239: 87 | S239: 6 | T239: 1 | V239: CENS | W239: =+IF(V239="","",IF(MID(V239,1,3)="ECE","UNICO",IF(V239="FINES",CONCATENATE("R",IF(OR(C239="16",C239="21",C239="22",C239="23"),"16212223",IF(OR(C239="15",C239="17",C239="24",C239="25"),"15172425",C239))),IF(V239="CEBAS","UNICO",IF(VALUE(C239)<=11,"AMBA","INTERIOR"))))) -> AMBA | X239: =+IF(V239="","-",CONCATENATE(V239,"_",W239)) -> CENS_AMBA | Y239: 0.56747096 | Z239: =+IFERROR(VLOOKUP(H239,#REF!,2,FALSE),"-") -> - | AA239: CON | AB239: =+IF(W239="","-",IF(W239="UNICO","CENSO","MUESTRA")) -> MUESTRA | AC239: PRIMEROS | AD239: - | AF239: =+COUNTIF(Piloto!C:C,MARCO!A239) -> 0
A240: =+H240 -> 0113DM2760 | B240: Un.Serv. | C240: 01 | D240: 113 | E240: Berisso | F240: 624407 | G240: 1 | H240: 0113DM2760 | I240: Oficial | J240: CENTRO EDUCATIVO DE NIVEL SECUNDARIO (C.E.N.S.) | K240: EXTENSION | L240: 0001DM0476 | M240: CENS 476 EXTENSIÓN I - BERISSO | N240: Urbano | O240: No | P240: Educación de Jóvenes y Adultos | Q240: Nivel Secundario | R240: 22 | S240: 3 | T240: 1 | V240: CENS | W240: =+IF(V240="","",IF(MID(V240,1,3)="ECE","UNICO",IF(V240="FINES",CONCATENATE("R",IF(OR(C240="16",C240="21",C240="22",C240="23"),"16212223",IF(OR(C240="15",C240="17",C240="24",C240="25"),"15172425",C240))),IF(V240="CEBAS","UNICO",IF(VALUE(C240)<=11,"AMBA","INTERIOR"))))) -> AMBA | X240: =+IF(V240="","-",CONCATENATE(V240,"_",W240)) -> CENS_AMBA | Y240: 0.56849957 | Z240: =+IFERROR(VLOOKUP(H240,#REF!,2,FALSE),"-") -> - | AA240: CON | AB240: =+IF(W240="","-",IF(W240="UNICO","CENSO","MUESTRA")) -> MUESTRA | AC240: ULTIMOS | AD240: - | AF240: =+COUNTIF(Piloto!C:C,MARCO!A240) -> 0
A241: =+H241 -> 0015DM0452 | B241: Un.Serv. | C241: 11 | D241: 015 | E241: Campana | F241: 605897 | G241: 0 | H241: 0015DM0452 | I241: Oficial | J241: CENTRO EDUCATIVO DE NIVEL SECUNDARIO (C.E.N.S.) | K241: SEDE | M241: CENS 452 | N241: Urbano | O241: No | P241: Educación de Jóvenes y Adultos | Q241: Nivel Secundario | R241: 156 | S241: 9 | T241: 1 | V241: CENS | W241: =+IF(V241="","",IF(MID(V241,1,3)="ECE","UNICO",IF(V241="FINES",CONCATENATE("R",IF(OR(C241="16",C241="21",C241="22",C241="23"),"16212223",IF(OR(C241="15",C241="17",C241="24",C241="25"),"15172425",C241))),IF(V241="CEBAS","UNICO",IF(VALUE(C241)<=11,"AMBA","INTERIOR"))))) -> AMBA | X241: =+IF(V241="","-",CONCATENATE(V241,"_",W241)) -> CENS_AMBA | Y241: 0.57042825 | Z241: =+IFERROR(VLOOKUP(H241,#REF!,2,FALSE),"-") -> - | AA241: CON | AB241: =+IF(W241="","-",IF(W241="UNICO","CENSO","MUESTRA")) -> MUESTRA | AC241: PRIMEROS | AD241: - | AF241: =+COUNTIF(Piloto!C:C,MARCO!A241) -> 0
A242: =+H242 -> 0055DM0458 | B242: Un.Serv. | C242: 06 | D242: 055 | E242: Tigre | F242: 623676 | G242: 0 | H242: 0055DM0458 | I242: Oficial | J242: CENTRO EDUCATIVO DE NIVEL SECUNDARIO (C.E.N.S.) | K242: SEDE | M242: CENS 458 | N242: Urbano | O242: No | P242: Educación de Jóvenes y Adultos | Q242: Nivel Secundario | R242: 187 | S242: 9 | T242: 1 | V242: CENS | W242: =+IF(V242="","",IF(MID(V242,1,3)="ECE","UNICO",IF(V242="FINES",CONCATENATE("R",IF(OR(C242="16",C242="21",C242="22",C242="23"),"16212223",IF(OR(C242="15",C242="17",C242="24",C242="25"),"15172425",C242))),IF(V242="CEBAS","UNICO",IF(VALUE(C242)<=11,"AMBA","INTERIOR"))))) -> AMBA | X242: =+IF(V242="","-",CONCATENATE(V242,"_",W242)) -> CENS_AMBA | Y242: 0.57045775 | Z242: =+IFERROR(VLOOKUP(H242,#REF!,2,FALSE),"-") -> - | AA242: CON | AB242: =+IF(W242="","-",IF(W242="UNICO","CENSO","MUESTRA")) -> MUESTRA | AC242: ULTIMOS | AD242: - | AF242: =+COUNTIF(Piloto!C:C,MARCO!A242) -> 0
A243: =+H243 -> 0069DM0474 | B243: Un.Serv. | C243: 03 | D243: 069 | E243: La Matanza | F243: 623622 | G243: 0 | H243: 0069DM0474 | I243: Oficial | J243: CENTRO EDUCATIVO DE NIVEL SECUNDARIO (C.E.N.S.) | K243: SEDE | M243: CENS 474 | N243: Urbano | O243: No | P243: Educación de Jóvenes y Adultos | Q243: Nivel Secundario | R243: 107 | S243: 6 | T243: 1 | V243: CENS | W243: =+IF(V243="","",IF(MID(V243,1,3)="ECE","UNICO",IF(V243="FINES",CONCATENATE("R",IF(OR(C243="16",C243="21",C243="22",C243="23"),"16212223",IF(OR(C243="15",C243="17",C243="24",C243="25"),"15172425",C243))),IF(V243="CEBAS","UNICO",IF(VALUE(C243)<=11,"AMBA","INTERIOR"))))) -> AMBA | X243: =+IF(V243="","-",CONCATENATE(V243,"_",W243)) -> CENS_AMBA | Y243: 0.57096469 | Z243: =+IFERROR(VLOOKUP(H243,#REF!,2,FALSE),"-") -> - | AA243: CON | AB243: =+IF(W243="","-",IF(W243="UNICO","CENSO","MUESTRA")) -> MUESTRA | AC243: ULTIMOS | AD243: - | AF243: =+COUNTIF(Piloto!C:C,MARCO!A243) -> 0
A244: =+H244 -> 0069DM3522 | B244: Un.Serv. | C244: 03 | D244: 069 | E244: La Matanza | F244: 614307 | G244: 2 | H244: 0069DM3522 | I244: Oficial | J244: CENTRO EDUCATIVO DE NIVEL SECUNDARIO (C.E.N.S.) | K244: ANEXO | L244: 0069DM0452 | M244: CENS 452 - ANEXO II | N244: Urbano | O244: No | P244: Educación de Jóvenes y Adultos | Q244: Nivel Secundario | R244: 146 | S244: 13 | T244: 1 | V244: CENS | W244: =+IF(V244="","",IF(MID(V244,1,3)="ECE","UNICO",IF(V244="FINES",CONCATENATE("R",IF(OR(C244="16",C244="21",C244="22",C244="23"),"16212223",IF(OR(C244="15",C244="17",C244="24",C244="25"),"15172425",C244))),IF(V244="CEBAS","UNICO",IF(VALUE(C244)<=11,"AMBA","INTERIOR"))))) -> AMBA | X244: =+IF(V244="","-",CONCATENATE(V244,"_",W244)) -> CENS_AMBA | Y244: 0.57122707 | Z244: =+IFERROR(VLOOKUP(H244,#REF!,2,FALSE),"-") -> - | AA244: CON | AB244: =+IF(W244="","-",IF(W244="UNICO","CENSO","MUESTRA")) -> MUESTRA | AC244: PRIMEROS | AD244: - | AF244: =+COUNTIF(Piloto!C:C,MARCO!A244) -> 0
A245: =+H245 -> 0133DM0455 | B245: Un.Serv. | C245: 09 | D245: 133 | E245: Malvinas Argentinas | F245: 623735 | G245: 0 | H245: 0133DM0455 | I245: Oficial | J245: CENTRO EDUCATIVO DE NIVEL SECUNDARIO (C.E.N.S.) | K245: SEDE | M245: CENS 455 | N245: Urbano | O245: No | P245: Educación de Jóvenes y Adultos | Q245: Nivel Secundario | R245: 219 | S245: 6 | T245: 1 | V245: CENS | W245: =+IF(V245="","",IF(MID(V245,1,3)="ECE","UNICO",IF(V245="FINES",CONCATENATE("R",IF(OR(C245="16",C245="21",C245="22",C245="23"),"16212223",IF(OR(C245="15",C245="17",C245="24",C245="25"),"15172425",C245))),IF(V245="CEBAS","UNICO",IF(VALUE(C245)<=11,"AMBA","INTERIOR"))))) -> AMBA | X245: =+IF(V245="","-",CONCATENATE(V245,"_",W245)) -> CENS_AMBA | Y245: 0.57123738 | Z245: =+IFERROR(VLOOKUP(H245,#REF!,2,FALSE),"-") -> - | AA245: CON | AB245: =+IF(W245="","-",IF(W245="UNICO","CENSO","MUESTRA")) -> MUESTRA | AC245: ULTIMOS | AD245: - | AF245: =+COUNTIF(Piloto!C:C,MARCO!A245) -> 0
A246: =+H246 -> 0004DM0454 | B246: Un.Serv. | C246: 05 | D246: 004 | E246: Almirante Brown | F246: 623909 | G246: 0 | H246: 0004DM0454 | I246: Oficial | J246: CENTRO EDUCATIVO DE NIVEL SECUNDARIO (C.E.N.S.) | K246: SEDE | M246: CENS 454 | N246: Urbano | O246: No | P246: Educación de Jóvenes y Adultos | Q246: Nivel Secundario | R246: 56 | S246: 3 | T246: 1 | V246: CENS | W246: =+IF(V246="","",IF(MID(V246,1,3)="ECE","UNICO",IF(V246="FINES",CONCATENATE("R",IF(OR(C246="16",C246="21",C246="22",C246="23"),"16212223",IF(OR(C246="15",C246="17",C246="24",C246="25"),"15172425",C246))),IF(V246="CEBAS","UNICO",IF(VALUE(C246)<=11,"AMBA","INTERIOR"))))) -> AMBA | X246: =+IF(V246="","-",CONCATENATE(V246,"_",W246)) -> CENS_AMBA | Y246: 0.572905 | Z246: =+IFERROR(VLOOKUP(H246,#REF!,2,FALSE),"-") -> - | AA246: CON | AB246: =+IF(W246="","-",IF(W246="UNICO","CENSO","MUESTRA")) -> MUESTRA | AC246: PRIMEROS | AD246: - | AF246: =+COUNTIF(Piloto!C:C,MARCO!A246) -> 0
A247: =+H247 -> 0045DM0459 | B247: Un.Serv. | C247: 07 | D247: 045 | E247: General San Martín | F247: 616742 | G247: 0 | H247: 0045DM0459 | I247: Oficial | J247: CENTRO EDUCATIVO DE NIVEL SECUNDARIO (C.E.N.S.) | K247: SEDE | M247: CENS 459 | N247: Urbano | O247: No | P247: Educación de Jóvenes y Adultos | Q247: Nivel Secundario | R247: 132 | S247: 6 | T247: 1 | V247: CENS | W247: =+IF(V247="","",IF(MID(V247,1,3)="ECE","UNICO",IF(V247="FINES",CONCATENATE("R",IF(OR(C247="16",C247="21",C247="22",C247="23"),"16212223",IF(OR(C247="15",C247="17",C247="24",C247="25"),"15172425",C247))),IF(V247="CEBAS","UNICO",IF(VALUE(C247)<=11,"AMBA","INTERIOR"))))) -> AMBA | X247: =+IF(V247="","-",CONCATENATE(V247,"_",W247)) -> CENS_AMBA | Y247: 0.57423827 | Z247: =+IFERROR(VLOOKUP(H247,#REF!,2,FALSE),"-") -> - | AA247: CON | AB247: =+IF(W247="","-",IF(W247="UNICO","CENSO","MUESTRA")) -> MUESTRA | AC247: ULTIMOS | AD247: - | AF247: =+COUNTIF(Piloto!C:C,MARCO!A247) -> 0
A248: =+H248 -> 0071DM0453 | B248: Un.Serv. | C248: 08 | D248: 071 | E248: Merlo | F248: 615661 | G248: 0 | H248: 0071DM0453 | I248: Oficial | J248: CENTRO EDUCATIVO DE NIVEL SECUNDARIO (C.E.N.S.) | K248: SEDE | M248: CENS 453 | N248: Urbano | O248: No | P248: Educación de Jóvenes y Adultos | Q248: Nivel Secundario | R248: 59 | S248: 3 | T248: 1 | V248: CENS | W248: =+IF(V248="","",IF(MID(V248,1,3)="ECE","UNICO",IF(V248="FINES",CONCATENATE("R",IF(OR(C248="16",C248="21",C248="22",C248="23"),"16212223",IF(OR(C248="15",C248="17",C248="24",C248="25"),"15172425",C248))),IF(V248="CEBAS","UNICO",IF(VALUE(C248)<=11,"AMBA","INTERIOR"))))) -> AMBA | X248: =+IF(V248="","-",CONCATENATE(V248,"_",W248)) -> CENS_AMBA | Y248: 0.57695808 | Z248: =+IFERROR(VLOOKUP(H248,#REF!,2,FALSE),"-") -> - | AA248: CON | AB248: =+IF(W248="","-",IF(W248="UNICO","CENSO","MUESTRA")) -> MUESTRA | AC248: ULTIMOS | AD248: - | AF248: =+COUNTIF(Piloto!C:C,MARCO!A248) -> 0
A249: =+H249 -> 0116DM0452 | B249: Un.Serv. | C249: 11 | D249: 116 | E249: Escobar | F249: 623761 | G249: 0 | H249: 0116DM0452 | I249: Oficial | J249: CENTRO EDUCATIVO DE NIVEL SECUNDARIO (C.E.N.S.) | K249: SEDE | M249: CENS 452 | N249: Urbano | O249: No | P249: Educación de Jóvenes y Adultos | Q249: Nivel Secundario | R249: 245 | S249: 7 | T249: 1 | V249: CENS | W249: =+IF(V249="","",IF(MID(V249,1,3)="ECE","UNICO",IF(V249="FINES",CONCATENATE("R",IF(OR(C249="16",C249="21",C249="22",C249="23"),"16212223",IF(OR(C249="15",C249="17",C249="24",C249="25"),"15172425",C249))),IF(V249="CEBAS","UNICO",IF(VALUE(C249)<=11,"AMBA","INTERIOR"))))) -> AMBA | X249: =+IF(V249="","-",CONCATENATE(V249,"_",W249)) -> CENS_AMBA | Y249: 0.57987466 | Z249: =+IFERROR(VLOOKUP(H249,#REF!,2,FALSE),"-") -> - | AA249: CON | AB249: =+IF(W249="","-",IF(W249="UNICO","CENSO","MUESTRA")) -> MUESTRA | AC249: PRIMEROS | AD249: - | AF249: =+COUNTIF(Piloto!C:C,MARCO!A249) -> 0
A250: =+H250 -> 0055DM0454 | B250: Un.Serv. | C250: 06 | D250: 055 | E250: Tigre | F250: 621170 | G250: 0 | H250: 0055DM0454 | I250: Oficial | J250: CENTRO EDUCATIVO DE NIVEL SECUNDARIO (C.E.N.S.) | K250: SEDE | M250: CENS 454 "BACHILLERATO POPULAR RAICES" | N250: Urbano | O250: No | P250: Educación de Jóvenes y Adultos | Q250: Nivel Secundario | R250: 70 | S250: 3 | T250: 1 | V250: CENS | W250: =+IF(V250="","",IF(MID(V250,1,3)="ECE","UNICO",IF(V250="FINES",CONCATENATE("R",IF(OR(C250="16",C250="21",C250="22",C250="23"),"16212223",IF(OR(C250="15",C250="17",C250="24",C250="25"),"15172425",C250))),IF(V250="CEBAS","UNICO",IF(VALUE(C250)<=11,"AMBA","INTERIOR"))))) -> AMBA | X250: =+IF(V250="","-",CONCATENATE(V250,"_",W250)) -> CENS_AMBA | Y250: 0.58067562 | Z250: =+IFERROR(VLOOKUP(H250,#REF!,2,FALSE),"-") -> - | AA250: CON | AB250: =+IF(W250="","-",IF(W250="UNICO","CENSO","MUESTRA")) -> MUESTRA | AC250: ULTIMOS | AD250: - | AF250: =+COUNTIF(Piloto!C:C,MARCO!A250) -> 0
...

Sheet Estratos
A1: estrato | B1: unidades | C1: secciones | D1: matrícula | E1: error_% | F1: deff | G1: secciones (5 ExS) | H1: unidades | I1: tamaño muestra (z=90%, p=50%, deff=2) | K1: Oferta | L1: Muestra (estud.) por estrato geográfico | M1: Universo | P1: Muestra (Aprox.)
A2: EPA_AMBA | B2: =+COUNTIF(MARCO!X:X,A2) -> 198 | C2: =+SUMIF(MARCO!X:X,A2,MARCO!S:S) -> 1875 | D2: =+SUMIF(MARCO!X:X,A2,MARCO!R:R) -> 24834 | E2: 3 | F2: 2 | G2: =+MIN(C2,I2/5) -> 291.84758 | H2: =MIN(B2,G2/C2*B2) -> 30.819104 | I2: =+(D2*POWER(1.645,2)*(0.5*0.5))/(POWER(E2/100,2)*(D2-1)+POWER(1.645,2)*(0.5*0.5))*F2 -> 1459.2379 | M2: Unidades de Servicio | N2: Secciones | O2: Estudiantes | P2: Unidades de Servicio | Q2: Secciones | R2: Estudiantes | S2: Nota
A3: EPA_INTERIOR | B3: =+COUNTIF(MARCO!X:X,A3) -> 97 | C3: =+SUMIF(MARCO!X:X,A3,MARCO!S:S) -> 543 | D3: =+SUMIF(MARCO!X:X,A3,MARCO!R:R) -> 7654 | E3: 3 | F3: 2 | G3: =+MIN(C3,I3/5) -> 273.81479 | H3: =MIN(B3,G3/C3*B3) -> 48.913507 | I3: =+(D3*POWER(1.645,2)*(0.5*0.5))/(POWER(E3/100,2)*(D3-1)+POWER(1.645,2)*(0.5*0.5))*F3 -> 1369.0739 | K3: EPA | L3: x Zona (2) | M3: =+COUNTIF(MARCO!V:V,Estratos!K3) -> 295 | N3: =+SUMIF(MARCO!V:V,Estratos!K3,MARCO!S:S) -> 2418 | O3: =+SUMIF(MARCO!V:V,Estratos!K3,MARCO!R:R) -> 32488 | P3: =+H2+H3 -> 79.732611 | Q3: =+G2+G3 -> 565.66236 | R3: =+I2+I3 -> 2828.3118
A4: ECE-EPA_UNICO | B4: =+COUNTIF(MARCO!X:X,A4) -> 43 | C4: =+SUMIF(MARCO!X:X,A4,MARCO!S:S) -> 513 | D4: =+SUMIF(MARCO!X:X,A4,MARCO!R:R) -> 8677 | E4: 3 | F4: 1 | G4: =+C4 -> 513 | H4: =+B4 -> 43 | I4: =+C4*3 -> 1539 | K4: ECE-EPA | L4: Único | M4: =+COUNTIF(MARCO!V:V,Estratos!K4) -> 43 | N4: =+SUMIF(MARCO!V:V,Estratos!K4,MARCO!S:S) -> 513 | O4: =+SUMIF(MARCO!V:V,Estratos!K4,MARCO!R:R) -> 8677 | P4: =+H4 -> 43 | Q4: =+C4 -> 513 | R4: =+I4 -> 1539 | S4: 3 x sección
A5: ECE-CENS_UNICO | B5: =+COUNTIF(MARCO!X:X,A5) -> 39 | C5: =+SUMIF(MARCO!X:X,A5,MARCO!S:S) -> 469 | D5: =+SUMIF(MARCO!X:X,A5,MARCO!R:R) -> 9960 | E5: 3 | F5: 1 | G5: =+C5 -> 469 | H5: =+B5 -> 39 | I5: =+C5*3 -> 1407 | K5: ECE-CENS | L5: Único | M5: =+COUNTIF(MARCO!V:V,Estratos!K5) -> 39 | N5: =+SUMIF(MARCO!V:V,Estratos!K5,MARCO!S:S) -> 469 | O5: =+SUMIF(MARCO!V:V,Estratos!K5,MARCO!R:R) -> 9960 | P5: =+H5 -> 39 | Q5: =+C5 -> 469 | R5: =+I5 -> 1407 | S5: 3 x sección
A6: CEBAS_UNICO | B6: =+COUNTIF(MARCO!X:X,A6) -> 20 | C6: =+SUMIF(MARCO!X:X,A6,MARCO!S:S) -> 90 | D6: =+SUMIF(MARCO!X:X,A6,MARCO!R:R) -> 1590 | E6: 3 | F6: 1 | G6: =+C6 -> 90 | H6: =+B6 -> 20 | I6: =+C6*5 -> 450 | K6: CEBAS | L6: Único | M6: =+COUNTIF(MARCO!V:V,Estratos!K6) -> 20 | N6: =+SUMIF(MARCO!V:V,Estratos!K6,MARCO!S:S) -> 90 | O6: =+SUMIF(MARCO!V:V,Estratos!K6,MARCO!R:R) -> 1590 | P6: =+H6 -> 20 | Q6: =+G6 -> 90 | R6: =+I6 -> 450 | S6: 5 x sección
A7: CENS_AMBA | B7: =+COUNTIF(MARCO!X:X,A7) -> 330 | C7: =+SUMIF(MARCO!X:X,A7,MARCO!S:S) -> 2841 | D7: =+SUMIF(MARCO!X:X,A7,MARCO!R:R) -> 51175 | E7: 3 | F7: 2 | G7: =+MIN(C7,I7/5) -> 296.32276 | H7: =MIN(B7,G7/C7*B7) -> 34.41975 | I7: =+(D7*POWER(1.645,2)*(0.5*0.5))/(POWER(E7/100,2)*(D7-1)+POWER(1.645,2)*(0.5*0.5))*F7 -> 1481.6138 | K7: CENS | L7: x Zona (2) | M7: =+COUNTIF(MARCO!V:V,Estratos!K7) -> 495 | N7: =+SUMIF(MARCO!V:V,Estratos!K7,MARCO!S:S) -> 3935 | O7: =+SUMIF(MARCO!V:V,Estratos!K7,MARCO!R:R) -> 70833 | P7: =+H7+H8 -> 78.099533 | Q7: =+G7+G8 -> 585.93295 | R7: =+I7+I8 -> 2929.6648
A8: CENS_INTERIOR | B8: =+COUNTIF(MARCO!X:X,A8) -> 165 | C8: =+SUMIF(MARCO!X:X,A8,MARCO!S:S) -> 1094 | D8: =+SUMIF(MARCO!X:X,A8,MARCO!R:R) -> 19658 | E8: 3 | F8: 2 | G8: =+MIN(C8,I8/5) -> 289.61019 | H8: =MIN(B8,G8/C8*B8) -> 43.679783 | I8: =+(D8*POWER(1.645,2)*(0.5*0.5))/(POWER(E8/100,2)*(D8-1)+POWER(1.645,2)*(0.5*0.5))*F8 -> 1448.051 | K8: FINES | L8: x Región (17)- Grupo (2) | M8: =+COUNTIF(MARCO!V:V,Estratos!K8) -> 2319 | N8: =+SUMIF(MARCO!V:V,Estratos!K8,MARCO!S:S) -> 3822 | O8: =+SUMIF(MARCO!V:V,Estratos!K8,MARCO!R:R) -> 82280 | P8: =+SUM(H9:H27) -> 937.1646 | Q8: =+SUM(G9:G27) -> 1479.3224 | R8: =+SUM(I9:I27) -> 7425.0757
A9: FINES_R01 | B9: =+COUNTIF(MARCO!X:X,A9) -> 175 | C9: =+SUMIF(MARCO!X:X,A9,MARCO!S:S) -> 254 | D9: =+SUMIF(MARCO!X:X,A9,MARCO!R:R) -> 4816 | E9: 5 | F9: 1.5 | G9: =+MIN(C9,I9/5) -> 76.877124 | H9: =MIN(B9,G9/C9*B9) -> 52.966522 | I9: =+(D9*POWER(1.645,2)*(0.5*0.5))/(POWER(E9/100,2)*(D9-1)+POWER(1.645,2)*(0.5*0.5))*F9 -> 384.38562 | K9: Total | L9: - | M9: =+SUM(M3:M8) -> 3211 | N9: =+SUM(N3:N8) -> 11247 | O9: =+SUM(O3:O8) -> 205828 | P9: =+SUM(P3:P8) -> 1196.9967 | Q9: =+SUM(Q3:Q8) -> 3702.9177 | R9: =+SUM(R3:R8) -> 16579.052
A10: FINES_R02 | B10: =+COUNTIF(MARCO!X:X,A10) -> 194 | C10: =+SUMIF(MARCO!X:X,A10,MARCO!S:S) -> 327 | D10: =+SUMIF(MARCO!X:X,A10,MARCO!R:R) -> 6113 | E10: 5 | F10: 1.5 | G10: =+MIN(C10,I10/5) -> 77.751658 | H10: =MIN(B10,G10/C10*B10) -> 46.127895 | I10: =+(D10*POWER(1.645,2)*(0.5*0.5))/(POWER(E10/100,2)*(D10-1)+POWER(1.645,2)*(0.5*0.5))*F10 -> 388.75829
A11: FINES_R03 | B11: =+COUNTIF(MARCO!X:X,A11) -> 289 | C11: =+SUMIF(MARCO!X:X,A11,MARCO!S:S) -> 489 | D11: =+SUMIF(MARCO!X:X,A11,MARCO!R:R) -> 11126 | E11: 5 | F11: 1.5 | G11: =+MIN(C11,I11/5) -> 79.260138 | H11: =MIN(B11,G11/C11*B11) -> 46.842904 | I11: =+(D11*POWER(1.645,2)*(0.5*0.5))/(POWER(E11/100,2)*(D11-1)+POWER(1.645,2)*(0.5*0.5))*F11 -> 396.30069
A12: FINES_R04 | B12: =+COUNTIF(MARCO!X:X,A12) -> 200 | C12: =+SUMIF(MARCO!X:X,A12,MARCO!S:S) -> 322 | D12: =+SUMIF(MARCO!X:X,A12,MARCO!R:R) -> 7498 | E12: 5 | F12: 1.5 | G12: =+MIN(C12,I12/5) -> 78.363081 | H12: =MIN(B12,G12/C12*B12) -> 48.672721 | I12: =+(D12*POWER(1.645,2)*(0.5*0.5))/(POWER(E12/100,2)*(D12-1)+POWER(1.645,2)*(0.5*0.5))*F12 -> 391.8154
A13: FINES_R05 | B13: =+COUNTIF(MARCO!X:X,A13) -> 223 | C13: =+SUMIF(MARCO!X:X,A13,MARCO!S:S) -> 489 | D13: =+SUMIF(MARCO!X:X,A13,MARCO!R:R) -> 11546 | E13: 5 | F13: 1.5 | G13: =+MIN(C13,I13/5) -> 79.328408 | H13: =MIN(B13,G13/C13*B13) -> 36.17635 | I13: =+(D13*POWER(1.645,2)*(0.5*0.5))/(POWER(E13/100,2)*(D13-1)+POWER(1.645,2)*(0.5*0.5))*F13 -> 396.64204
A14: FINES_R06 | B14: =+COUNTIF(MARCO!X:X,A14) -> 58 | C14: =+SUMIF(MARCO!X:X,A14,MARCO!S:S) -> 88 | D14: =+SUMIF(MARCO!X:X,A14,MARCO!R:R) -> 1915 | E14: 5 | F14: 1.5 | G14: =+MIN(C14,I14/5) -> 71.162207 | H14: =MIN(B14,G14/C14*B14) -> 46.902364 | I14: =+(D14*POWER(1.645,2)*(0.5*0.5))/(POWER(E14/100,2)*(D14-1)+POWER(1.645,2)*(0.5*0.5))*F14 -> 355.81104
A15: FINES_R07 | B15: =+COUNTIF(MARCO!X:X,A15) -> 95 | C15: =+SUMIF(MARCO!X:X,A15,MARCO!S:S) -> 124 | D15: =+SUMIF(MARCO!X:X,A15,MARCO!R:R) -> 2934 | E15: 5 | F15: 1.5 | G15: =+MIN(C15,I15/5) -> 74.3489 | H15: =MIN(B15,G15/C15*B15) -> 56.96085 | I15: =+(D15*POWER(1.645,2)*(0.5*0.5))/(POWER(E15/100,2)*(D15-1)+POWER(1.645,2)*(0.5*0.5))*F15 -> 371.7445
A16: FINES_R08 | B16: =+COUNTIF(MARCO!X:X,A16) -> 129 | C16: =+SUMIF(MARCO!X:X,A16,MARCO!S:S) -> 222 | D16: =+SUMIF(MARCO!X:X,A16,MARCO!R:R) -> 4690 | E16: 5 | F16: 1.5 | G16: =+MIN(C16,I16/5) -> 76.767789 | H16: =MIN(B16,G16/C16*B16) -> 44.60831 | I16: =+(D16*POWER(1.645,2)*(0.5*0.5))/(POWER(E16/100,2)*(D16-1)+POWER(1.645,2)*(0.5*0.5))*F16 -> 383.83894
A17: FINES_R09 | B17: =+COUNTIF(MARCO!X:X,A17) -> 121 | C17: =+SUMIF(MARCO!X:X,A17,MARCO!S:S) -> 189 | D17: =+SUMIF(MARCO!X:X,A17,MARCO!R:R) -> 5148 | E17: 5 | F17: 1.5 | G17: =+MIN(C17,I17/5) -> 77.140857 | H17: =MIN(B17,G17/C17*B17) -> 49.386475 | I17: =+(D17*POWER(1.645,2)*(0.5*0.5))/(POWER(E17/100,2)*(D17-1)+POWER(1.645,2)*(0.5*0.5))*F17 -> 385.70429
A18: FINES_R10 | B18: =+COUNTIF(MARCO!X:X,A18) -> 132 | C18: =+SUMIF(MARCO!X:X,A18,MARCO!S:S) -> 189 | D18: =+SUMIF(MARCO!X:X,A18,MARCO!R:R) -> 3532 | E18: 5 | F18: 1.5 | G18: =+MIN(C18,I18/5) -> 75.423564 | H18: =MIN(B18,G18/C18*B18) -> 52.676775 | I18: =+(D18*POWER(1.645,2)*(0.5*0.5))/(POWER(E18/100,2)*(D18-1)+POWER(1.645,2)*(0.5*0.5))*F18 -> 377.11782
A19: FINES_R11 | B19: =+COUNTIF(MARCO!X:X,A19) -> 111 | C19: =+SUMIF(MARCO!X:X,A19,MARCO!S:S) -> 220 | D19: =+SUMIF(MARCO!X:X,A19,MARCO!R:R) -> 5110 | E19: 5 | F19: 1.5 | G19: =+MIN(C19,I19/5) -> 77.112321 | H19: =MIN(B19,G19/C19*B19) -> 38.906671 | I19: =+(D19*POWER(1.645,2)*(0.5*0.5))/(POWER(E19/100,2)*(D19-1)+POWER(1.645,2)*(0.5*0.5))*F19 -> 385.5616
A20: FINES_R12 | B20: =+COUNTIF(MARCO!X:X,A20) -> 49 | C20: =+SUMIF(MARCO!X:X,A20,MARCO!S:S) -> 71 | D20: =+SUMIF(MARCO!X:X,A20,MARCO!R:R) -> 1568 | E20: 5 | F20: 1.5 | G20: =+MIN(C20,I20/5) -> 69.270376 | H20: =MIN(B20,G20/C20*B20) -> 47.806316 | I20: =+(D20*POWER(1.645,2)*(0.5*0.5))/(POWER(E20/100,2)*(D20-1)+POWER(1.645,2)*(0.5*0.5))*F20 -> 346.35188
A21: FINES_R13 | B21: =+COUNTIF(MARCO!X:X,A21) -> 37 | C21: =+SUMIF(MARCO!X:X,A21,MARCO!S:S) -> 63 | D21: =+SUMIF(MARCO!X:X,A21,MARCO!R:R) -> 1483 | E21: 5 | F21: 1.5 | G21: =+MIN(C21,I21/5) -> 63 | H21: =MIN(B21,G21/C21*B21) -> 37 | I21: =+(D21*POWER(1.645,2)*(0.5*0.5))/(POWER(E21/100,2)*(D21-1)+POWER(1.645,2)*(0.5*0.5))*F21 -> 343.46366
... A27: FINES_R15172425 | B27: =+COUNTIF(MARCO!X:X,A27) -> 112 | C27: =+SUMIF(MARCO!X:X,A27,MARCO!S:S) -> 156 | D27: =+SUMIF(MARCO!X:X,A27,MARCO!R:R) -> 2800 | E27: 4 | F27: 1.5 | G27: =+MIN(C27,I27/5) -> 110.23775 | H27: =MIN(B27,G27/C27*B27) -> 79.145049 | I27: =+(D27*POWER(1.645,2)*(0.5*0.5))/(POWER(E27/100,2)*(D27-1)+POWER(1.645,2)*(0.5*0.5))*F27 -> 551.18873

Sheet Piloto
A1: Código | B1: Leyenda | C1: Sede | D1: Comisión_Fines | E1: =+MARCO!C1 -> Región Educativa | F1: Cod_Distrito | G1: =+MARCO!E1 -> Nombre de Distrito - Partido | H1: =+MARCO!M1 -> Nombre | I1: =+MARCO!Q1 -> Nivel | J1: =+MARCO!R1 -> Matricula Total | K1: =+MARCO!S1 -> Secciones | L1: Modulo_Fines | M1: =+MARCO!T1 -> Universo | N1: =+MARCO!V1 -> Estrato_Oferta | O1: =+MARCO!W1 -> Estrato_GEO | P1: Estrato | Q1: =+MARCO!AA1 -> Distrito _Boleto | R1: =+MARCO!AC1 -> Casos_Seleccionar_Lista | S1: cantidad_x_secc | T1: cant_total
A2: 0043DE0705 | B2: =+IF(N2<>"Fines",CONCATENATE("El código ",A2," corresponde a ",H2," de ",G2,". En cada sección se debe encuestar a lxs ",R2," ",S2," estudiantes de la lista."),CONCATENATE("El código ",A2," corresponde a la comisión de FinEs ",MID(A2,6,5)," de la sede ",H2," de ",G2,". Se debe encuestar a lxs ",R2," ",S2," estudiantes de la comisión.")) -> El código 0043DE0705 corresponde a EEPA 705 "JUAN XXIII" de General Pueyrredón. En cada sección se debe encuestar a lxs ULTIMOS 4 estudiantes de la lista. | C2: 0043DE0705 | E2: =+VLOOKUP($C2,MARCO!$A:$M,3,FALSE) -> 19 | F2: =+VLOOKUP($C2,MARCO!$A:$M,4,FALSE) -> 043 | G2: =+VLOOKUP($C2,MARCO!$A:$M,5,FALSE) -> General Pueyrredón | H2: =+VLOOKUP($C2,MARCO!$A:$M,13,FALSE) -> EEPA 705 "JUAN XXIII" | I2: =+VLOOKUP($C2,MARCO!$A:$BA,17,FALSE) -> Nivel Primario | J2: =+VLOOKUP($C2,MARCO!$A:$BA,18,FALSE) -> 102 | K2: =+VLOOKUP($C2,MARCO!$A:$BA,19,FALSE) -> 6 | M2: =+VLOOKUP($C2,MARCO!$A:$BA,20,FALSE) -> 1 | N2: =+VLOOKUP($C2,MARCO!$A:$BA,22,FALSE) -> EPA | O2: =+VLOOKUP($C2,MARCO!$A:$BA,23,FALSE) -> INTERIOR | P2: =+VLOOKUP($C2,MARCO!$A:$BA,24,FALSE) -> EPA_INTERIOR | Q2: =+VLOOKUP($C2,MARCO!$A:$BA,27,FALSE) -> SIN | R2: =+IF(VLOOKUP($C2,MARCO!$A:$BA,29,FALSE)="PRIMEROS","ULTIMOS","PRIMEROS") -> ULTIMOS | S2: 4 | T2: =+K2*S2 -> 24
A3: 0102DE0705 | B3: =+IF(N3<>"Fines",CONCATENATE("El código ",A3," corresponde a ",H3," de ",G3,". En cada sección se debe encuestar a lxs ",R3," ",S3," estudiantes de la lista."),CONCATENATE("El código ",A3," corresponde a la comisión de FinEs ",MID(A3,6,5)," de la sede ",H3," de ",G3,". Se debe encuestar a lxs ",R3," ",S3," estudiantes de la comisión.")) -> El código 0102DE0705 corresponde a EEPA 705 de Tandil. En cada sección se debe encuestar a lxs ULTIMOS 8 estudiantes de la lista. | C3: 0102DE0705 | E3: =+VLOOKUP($C3,MARCO!$A:$M,3,FALSE) -> 20 | F3: =+VLOOKUP($C3,MARCO!$A:$M,4,FALSE) -> 102 | G3: =+VLOOKUP($C3,MARCO!$A:$M,5,FALSE) -> Tandil | H3: =+VLOOKUP($C3,MARCO!$A:$M,13,FALSE) -> EEPA 705 | I3: =+VLOOKUP($C3,MARCO!$A:$BA,17,FALSE) -> Nivel Primario | J3: =+VLOOKUP($C3,MARCO!$A:$BA,18,FALSE) -> 40 | K3: =+VLOOKUP($C3,MARCO!$A:$BA,19,FALSE) -> 3 | M3: =+VLOOKUP($C3,MARCO!$A:$BA,20,FALSE) -> 1 | N3: =+VLOOKUP($C3,MARCO!$A:$BA,22,FALSE) -> EPA | O3: =+VLOOKUP($C3,MARCO!$A:$BA,23,FALSE) -> INTERIOR | P3: =+VLOOKUP($C3,MARCO!$A:$BA,24,FALSE) -> EPA_INTERIOR | Q3: =+VLOOKUP($C3,MARCO!$A:$BA,27,FALSE) -> SIN | R3: =+IF(VLOOKUP($C3,MARCO!$A:$BA,29,FALSE)="PRIMEROS","ULTIMOS","PRIMEROS") -> ULTIMOS | S3: 8 | T3: =+K3*S3 -> 24
A4: 0132DE0702 | B4: =+IF(N4<>"Fines",CONCATENATE("El código ",A4," corresponde a ",H4," de ",G4,". En cada sección se debe encuestar a lxs ",R4," ",S4," estudiantes de la lista."),CONCATENATE("El código ",A4," corresponde a la comisión de FinEs ",MID(A4,6,5)," de la sede ",H4," de ",G4,". Se debe encuestar a lxs ",R4," ",S4," estudiantes de la comisión.")) -> El código 0132DE0702 corresponde a EEPA 702 de José C. Paz. En cada sección se debe encuestar a lxs ULTIMOS 3 estudiantes de la lista. | C4: 0132DE0702 | E4: =+VLOOKUP($C4,MARCO!$A:$M,3,FALSE) -> 09 | F4: =+VLOOKUP($C4,MARCO!$A:$M,4,FALSE) -> 132 | G4: =+VLOOKUP($C4,MARCO!$A:$M,5,FALSE) -> José C. Paz | H4: =+VLOOKUP($C4,MARCO!$A:$M,13,FALSE) -> EEPA 702 | I4: =+VLOOKUP($C4,MARCO!$A:$BA,17,FALSE) -> Nivel Primario | J4: =+VLOOKUP($C4,MARCO!$A:$BA,18,FALSE) -> 138 | K4: =+VLOOKUP($C4,MARCO!$A:$BA,19,FALSE) -> 9 | M4: =+VLOOKUP($C4,MARCO!$A:$BA,20,FALSE) -> 1 | N4: =+VLOOKUP($C4,MARCO!$A:$BA,22,FALSE) -> EPA | O4: =+VLOOKUP($C4,MARCO!$A:$BA,23,FALSE) -> AMBA | P4: =+VLOOKUP($C4,MARCO!$A:$BA,24,FALSE) -> EPA_AMBA | Q4: =+VLOOKUP($C4,MARCO!$A:$BA,27,FALSE) -> CON | R4: =+IF(VLOOKUP($C4,MARCO!$A:$BA,29,FALSE)="PRIMEROS","ULTIMOS","PRIMEROS") -> ULTIMOS | S4: 3 | T4: =+K4*S4 -> 27
A5: 0105DM0451 | B5: =+IF(N5<>"Fines",CONCATENATE("El código ",A5," corresponde a ",H5," de ",G5,". En cada sección se debe encuestar a lxs ",R5," ",S5," estudiantes de la lista."),CONCATENATE("El código ",A5," corresponde a la comisión de FinEs ",MID(A5,6,5)," de la sede ",H5," de ",G5,". Se debe encuestar a lxs ",R5," ",S5," estudiantes de la comisión.")) -> El código 0105DM0451 corresponde a CENS 451 de Tornquist. En cada sección se debe encuestar a lxs PRIMEROS 3 estudiantes de la lista. | C5: 0105DM0451 | E5: =+VLOOKUP($C5,MARCO!$A:$M,3,FALSE) -> 23 | F5: =+VLOOKUP($C5,MARCO!$A:$M,4,FALSE) -> 105 | G5: =+VLOOKUP($C5,MARCO!$A:$M,5,FALSE) -> Tornquist | H5: =+VLOOKUP($C5,MARCO!$A:$M,13,FALSE) -> CENS 451 | I5: =+VLOOKUP($C5,MARCO!$A:$BA,17,FALSE) -> Nivel Secundario | J5: =+VLOOKUP($C5,MARCO!$A:$BA,18,FALSE) -> 56 | K5: =+VLOOKUP($C5,MARCO!$A:$BA,19,FALSE) -> 4 | M5: =+VLOOKUP($C5,MARCO!$A:$BA,20,FALSE) -> 1 | N5: =+VLOOKUP($C5,MARCO!$A:$BA,22,FALSE) -> CENS | O5: =+VLOOKUP($C5,MARCO!$A:$BA,23,FALSE) -> INTERIOR | P5: =+VLOOKUP($C5,MARCO!$A:$BA,24,FALSE) -> CENS_INTERIOR | Q5: =+VLOOKUP($C5,MARCO!$A:$BA,27,FALSE) -> SIN | R5: =+IF(VLOOKUP($C5,MARCO!$A:$BA,29,FALSE)="PRIMEROS","ULTIMOS","PRIMEROS") -> PRIMEROS | S5: 3 | T5: =+K5*S5 -> 12
A6: 0137DM0451 | B6: =+IF(N6<>"Fines",CONCATENATE("El código ",A6," corresponde a ",H6," de ",G6,". En cada sección se debe encuestar a lxs ",R6," ",S6," estudiantes de la lista."),CONCATENATE("El código ",A6," corresponde a la comisión de FinEs ",MID(A6,6,5)," de la sede ",H6," de ",G6,". Se debe encuestar a lxs ",R6," ",S6," estudiantes de la comisión.")) -> El código 0137DM0451 corresponde a CENS 451 de Lezama. En cada sección se debe encuestar a lxs PRIMEROS 3 estudiantes de la lista. | C6: 0137DM0451 | E6: =+VLOOKUP($C6,MARCO!$A:$M,3,FALSE) -> 17 | F6: =+VLOOKUP($C6,MARCO!$A:$M,4,FALSE) -> 137 | G6: =+VLOOKUP($C6,MARCO!$A:$M,5,FALSE) -> Lezama | H6: =+VLOOKUP($C6,MARCO!$A:$M,13,FALSE) -> CENS 451 | I6: =+VLOOKUP($C6,MARCO!$A:$BA,17,FALSE) -> Nivel Secundario | J6: =+VLOOKUP($C6,MARCO!$A:$BA,18,FALSE) -> 69 | K6: =+VLOOKUP($C6,MARCO!$A:$BA,19,FALSE) -> 4 | M6: =+VLOOKUP($C6,MARCO!$A:$BA,20,FALSE) -> 1 | N6: =+VLOOKUP($C6,MARCO!$A:$BA,22,FALSE) -> CENS | O6: =+VLOOKUP($C6,MARCO!$A:$BA,23,FALSE) -> INTERIOR | P6: =+VLOOKUP($C6,MARCO!$A:$BA,24,FALSE) -> CENS_INTERIOR | Q6: =+VLOOKUP($C6,MARCO!$A:$BA,27,FALSE) -> SIN | R6: =+IF(VLOOKUP($C6,MARCO!$A:$BA,29,FALSE)="PRIMEROS","ULTIMOS","PRIMEROS") -> PRIMEROS | S6: 3 | T6: =+K6*S6 -> 12
