Workbook

Sheet Nómina
A1: Tipo | B1: Región Educativa | C1: Código Distrito DGCyE | D1: Nombre de Distrito - Partido | E1: CUE | F1: Anexo | G1: Clave Provincial | H1: Dependencia | I1: Tipo de Organización | J1: Sede Anexo Extensión | K1: Escuela Sede | L1: Nombre del Establecimiento | M1: Ámbito Geográfico | N1: Matrícula Estimada | O1: Modalidad | P1: Nivel | Q1: Matricula Total | R1: Secciones | S1: Universo | T1: Universo_Excl. | U1: Estrato_Oferta | V1: Estrato_GEO | W1: Estrato | X1: IVSE_T
A2: Un.Serv. | B2: 01 | C2: 113 | D2: Berisso | E2: 602838 | F2: 2 | G2: 0113DC0708 | H2: Oficial | I2: CENTRO DE EDUCACIÓN PRIMARIA DE ADULTOS | J2: EXTENSION | K2: 0113DE0703 | L2: CENTRO DE ADULTOS Nº708/03 "DARDO ROCHA" | M2: Urbano | N2: No | O2: Educación de Jóvenes y Adultos | P2: Nivel Primario | Q2: 24 | R2: 2 | S2: 0 | T2: Prim. NO EPA | V2: =+IF(U2="","",IF(U2="FINES",CONCATENATE("R",IF(OR(B2="16",B2="21",B2="22",B2="23"),"16212223",IF(OR(B2="15",B2="17",B2="24",B2="25"),"15172425",B2))),IF(U2="CEBAS","UNICO",IF(VALUE(B2)<=11,"AMBA","INTERIOR")))) | W2: =+IF(U2="","-",CONCATENATE(U2,"_",V2)) -> - | X2: 0
A3: Un.Serv. | B3: 04 | C3: 032 | D3: Florencio Varela | E3: 608473 | F3: 1 | G3: 0032DC0717 | H3: Oficial | I3: CENTRO DE EDUCACIÓN PRIMARIA DE ADULTOS | J3: EXTENSION | K3: 0032DE0721 | L3: CENTRO DE ADULTOS Nº717/21 | M3: Urbano | N3: No | O3: Educación de Jóvenes y Adultos | P3: Nivel Primario | Q3: 55 | R3: 4 | S3: 0 | T3: Prim. NO EPA | V3: =+IF(U3="","",IF(U3="FINES",CONCATENATE("R",IF(OR(B3="16",B3="21",B3="22",B3="23"),"16212223",IF(OR(B3="15",B3="17",B3="24",B3="25"),"15172425",B3))),IF(U3="CEBAS","UNICO",IF(VALUE(B3)<=11,"AMBA","INTERIOR")))) | W3: =+IF(U3="","-",CONCATENATE(U3,"_",V3)) -> - | X3: 0
A4: Un.Serv. | B4: 20 | C4: 060 | D4: Lobería | E4: 600691 | F4: 0 | G4: 0060DC0703 | H4: Oficial | I4: CENTRO DE EDUCACIÓN PRIMARIA DE ADULTOS | J4: SEDE | L4: CENTRO DE ADULTOS Nº703 "VILLA ERCILIA" | M4: Urbano | N4: No | O4: Educación de Jóvenes y Adultos | P4: Nivel Primario | Q4: 11 | R4: 1 | S4: 0 | T4: Prim. NO EPA | V4: =+IF(U4="","",IF(U4="FINES",CONCATENATE("R",IF(OR(B4="16",B4="21",B4="22",B4="23"),"16212223",IF(OR(B4="15",B4="17",B4="24",B4="25"),"15172425",B4))),IF(U4="CEBAS","UNICO",IF(VALUE(B4)<=11,"AMBA","INTERIOR")))) | W4: =+IF(U4="","-",CONCATENATE(U4,"_",V4)) -> - | X4: 0.001
A5: Un.Serv. | B5: 02 | C5: 111 | D5: Lanús | E5: 608243 | F5: 1 | G5: 0111DC0727 | H5: Oficial | I5: CENTRO DE EDUCACIÓN PRIMARIA DE ADULTOS | J5: EXTENSION | K5: 0111DE0712 | L5: CENTRO DE ADULTOS Nº727/12 | M5: Urbano | N5: No | O5: Educación de Jóvenes y Adultos | P5: Nivel Primario | Q5: 46 | R5: 3 | S5: 0 | T5: Prim. NO EPA | V5: =+IF(U5="","",IF(U5="FINES",CONCATENATE("R",IF(OR(B5="16",B5="21",B5="22",B5="23"),"16212223",IF(OR(B5="15",B5="17",B5="24",B5="25"),"15172425",B5))),IF(U5="CEBAS","UNICO",IF(VALUE(B5)<=11,"AMBA","INTERIOR")))) | W5: =+IF(U5="","-",CONCATENATE(U5,"_",V5)) -> - | X5: 0.001
A6: Un.Serv. | B6: 19 | C6: 043 | D6: General Pueyrredón | E6: 613572 | F6: 1 | G6: 0043DC0739 | H6: Oficial | I6: CENTRO DE EDUCACIÓN PRIMARIA DE ADULTOS | J6: EXTENSION | K6: 0043DE0743 | L6: CENTRO DE ADULTOS Nº739/06 | M6: Urbano | N6: No | O6: Educación de Jóvenes y Adultos | P6: Nivel Primario | Q6: 36 | R6: 3 | S6: 0 | T6: Prim. NO EPA | V6: =+IF(U6="","",IF(U6="FINES",CONCATENATE("R",IF(OR(B6="16",B6="21",B6="22",B6="23"),"16212223",IF(OR(B6="15",B6="17",B6="24",B6="25"),"15172425",B6))),IF(U6="CEBAS","UNICO",IF(VALUE(B6)<=11,"AMBA","INTERIOR")))) | W6: =+IF(U6="","-",CONCATENATE(U6,"_",V6)) -> - | X6: 0.002
A7: Un.Serv. | B7: 08 | C7: 071 | D7: Merlo | E7: 609955 | F7: 4 | G7: 0071DC0714 | H7: Oficial | I7: CENTRO DE EDUCACIÓN PRIMARIA DE ADULTOS | J7: EXTENSION | K7: 0071DE0703 | L7: CENTRO DE ADULTOS Nº714/03 | M7: Urbano | N7: No | O7: Educación de Jóvenes y Adultos | P7: Nivel Primario | Q7: 40 | R7: 3 | S7: 0 | T7: Prim. NO EPA | V7: =+IF(U7="","",IF(U7="FINES",CONCATENATE("R",IF(OR(B7="16",B7="21",B7="22",B7="23"),"16212223",IF(OR(B7="15",B7="17",B7="24",B7="25"),"15172425",B7))),IF(U7="CEBAS","UNICO",IF(VALUE(B7)<=11,"AMBA","INTERIOR")))) | W7: =+IF(U7="","-",CONCATENATE(U7,"_",V7)) -> - | X7: 0.004
A8: Un.Serv. | B8: 04 | C8: 032 | D8: Florencio Varela | E8: 608473 | F8: 2 | G8: 0032DC0718 | H8: Oficial | I8: CENTRO DE EDUCACIÓN PRIMARIA DE ADULTOS | J8: EXTENSION | K8: 0032DE0721 | L8: CENTRO DE ADULTOS Nº718/21 | M8: Urbano | N8: No | O8: Educación de Jóvenes y Adultos | P8: Nivel Primario | Q8: 38 | R8: 3 | S8: 0 | T8: Prim. NO EPA | V8: =+IF(U8="","",IF(U8="FINES",CONCATENATE("R",IF(OR(B8="16",B8="21",B8="22",B8="23"),"16212223",IF(OR(B8="15",B8="17",B8="24",B8="25"),"15172425",B8))),IF(U8="CEBAS","UNICO",IF(VALUE(B8)<=11,"AMBA","INTERIOR")))) | W8: =+IF(U8="","-",CONCATENATE(U8,"_",V8)) -> - | X8: 0.004
A9: Un.Serv. | B9: 11 | C9: 047 | D9: Zárate | E9: 605769 | F9: 1 | G9: 0047DC0708 | H9: Oficial | I9: CENTRO DE EDUCACIÓN PRIMARIA DE ADULTOS | J9: EXTENSION | K9: 0047DE0703 | L9: CENTRO DE ADULTOS Nº708/03 | M9: Urbano | N9: No | O9: Educación de Jóvenes y Adultos | P9: Nivel Primario | Q9: 32 | R9: 2 | S9: 0 | T9: Prim. NO EPA | V9: =+IF(U9="","",IF(U9="FINES",CONCATENATE("R",IF(OR(B9="16",B9="21",B9="22",B9="23"),"16212223",IF(OR(B9="15",B9="17",B9="24",B9="25"),"15172425",B9))),IF(U9="CEBAS","UNICO",IF(VALUE(B9)<=11,"AMBA","INTERIOR")))) | W9: =+IF(U9="","-",CONCATENATE(U9,"_",V9)) -> - | X9: 0.006
A10: Un.Serv. | B10: 07 | C10: 135 | D10: Hurlingham | E10: 600021 | F10: 1 | G10: 0135DC0707 | H10: Oficial | I10: CENTRO DE EDUCACIÓN PRIMARIA DE ADULTOS | J10: EXTENSION | K10: 0135DE0701 | L10: CENTRO DE ADULTOS Nº707/01 | M10: Urbano | N10: No | O10: Educación de Jóvenes y Adultos | P10: Nivel Primario | Q10: 30 | R10: 2 | S10: 0 | T10: Prim. NO EPA | V10: =+IF(U10="","",IF(U10="FINES",CONCATENATE("R",IF(OR(B10="16",B10="21",B10="22",B10="23"),"16212223",IF(OR(B10="15",B10="17",B10="24",B10="25"),"15172425",B10))),IF(U10="CEBAS","UNICO",IF(VALUE(B10)<=11,"AMBA","INTERIOR")))) | W10: =+IF(U10="","-",CONCATENATE(U10,"_",V10)) -> - | X10: 0.007
A11: Un.Serv. | B11: 22 | C11: 078 | D11: Patagones | E11: 603157 | F11: 3 | G11: 0078DC0704 | H11: Oficial | I11: CENTRO DE EDUCACIÓN PRIMARIA DE ADULTOS | J11: EXTENSION | K11: 0078DE0701 | L11: CENTRO DE ADULTOS Nº704/01 | M11: Urbano | N11: No | O11: Educación de Jóvenes y Adultos | P11: Nivel Primario | Q11: 36 | R11: 3 | S11: 0 | T11: Prim. NO EPA | V11: =+IF(U11="","",IF(U11="FINES",CONCATENATE("R",IF(OR(B11="16",B11="21",B11="22",B11="23"),"16212223",IF(OR(B11="15",B11="17",B11="24",B11="25"),"15172425",B11))),IF(U11="CEBAS","UNICO",IF(VALUE(B11)<=11,"AMBA","INTERIOR")))) | W11: =+IF(U11="","-",CONCATENATE(U11,"_",V11)) -> - | X11: 0.009
A12: Un.Serv. | B12: 18 | C12: 125 | D12: Villa Gesell | E12: 613151 | F12: 1 | G12: 0125DC0702 | H12: Oficial | I12: CENTRO DE EDUCACIÓN PRIMARIA DE ADULTOS | J12: EXTENSION | K12: 0125DE0701 | L12: CENTRO DE ADULTOS Nº702/01 | M12: Urbano | N12: No | O12: Educación de Jóvenes y Adultos | P12: Nivel Primario | Q12: 38 | R12: 3 | S12: 0 | T12: Prim. NO EPA | V12: =+IF(U12="","",IF(U12="FINES",CONCATENATE("R",IF(OR(B12="16",B12="21",B12="22",B12="23"),"16212223",IF(OR(B12="15",B12="17",B12="24",B12="25"),"15172425",B12))),IF(U12="CEBAS","UNICO",IF(VALUE(B12)<=11,"AMBA","INTERIOR")))) | W12: =+IF(U12="","-",CONCATENATE(U12,"_",V12)) -> - | X12: 0.013
A13: Un.Serv. | B13: 03 | C13: 069 | D13: La Matanza | E13: 602154 | F13: 1 | G13: 0069DC0715 | H13: Oficial | I13: CENTRO DE EDUCACIÓN PRIMARIA DE ADULTOS | J13: EXTENSION | K13: 0069DE0716 | L13: CENTRO DE ADULTOS Nº715/16 | M13: Urbano | N13: No | O13: Educación de Jóvenes y Adultos | P13: Nivel Primario | Q13: 21 | R13: 2 | S13: 0 | T13: Prim. NO EPA | V13: =+IF(U13="","",IF(U13="FINES",CONCATENATE("R",IF(OR(B13="16",B13="21",B13="22",B13="23"),"16212223",IF(OR(B13="15",B13="17",B13="24",B13="25"),"15172425",B13))),IF(U13="CEBAS","UNICO",IF(VALUE(B13)<=11,"AMBA","INTERIOR")))) | W13: =+IF(U13="","-",CONCATENATE(U13,"_",V13)) -> - | X13: 0.016
A14: Un.Serv. | B14: 05 | C14: 004 | D14: Almirante Brown | E14: 613277 | F14: 3 | G14: 0004DC0738 | H14: Oficial | I14: CENTRO DE EDUCACIÓN PRIMARIA DE ADULTOS | J14: EXTENSION | K14: 0004DE0701 | L14: CENTRO DE ADULTOS Nº738/01 | M14: Urbano | N14: No | O14: Educación de Jóvenes y Adultos | P14: Nivel Primario | Q14: 32 | R14: 2 | S14: 0 | T14: Prim. NO EPA | V14: =+IF(U14="","",IF(U14="FINES",CONCATENATE("R",IF(OR(B14="16",B14="21",B14="22",B14="23"),"16212223",IF(OR(B14="15",B14="17",B14="24",B14="25"),"15172425",B14))),IF(U14="CEBAS","UNICO",IF(VALUE(B14)<=11,"AMBA","INTERIOR")))) | W14: =+IF(U14="","-",CONCATENATE(U14,"_",V14)) -> - | X14: 0.017
A15: Un.Serv. | B15: 02 | C15: 005 | D15: Avellaneda | E15: 624498 | F15: 0 | G15: 2005DM9000 | H15: Nacional | I15: CENTRO EDUCATIVO DE NIVEL SECUNDARIO (C.E.N.S.) | J15: SEDE | L15: ESCUELA SECUNDARIA DE JÓVENES Y ADULTOS DE LA UNIVERSIDAD NACIONAL DE AVELLANEDA | M15: Urbano | N15: Sí | O15: Educación de Jóvenes y Adultos | P15: Nivel Secundario | Q15: 36 | R15: 2 | S15: 0 | T15: No Oficial | V15: =+IF(U15="","",IF(U15="FINES",CONCATENATE("R",IF(OR(B15="16",B15="21",B15="22",B15="23"),"16212223",IF(OR(B15="15",B15="17",B15="24",B15="25"),"15172425",B15))),IF(U15="CEBAS","UNICO",IF(VALUE(B15)<=11,"AMBA","INTERIOR")))) | W15: =+IF(U15="","-",CONCATENATE(U15,"_",V15)) -> - | X15: 0.017
A16: Un.Serv. | B16: 11 | C16: 015 | D16: Campana | E16: 605809 | F16: 1 | G16: 0015DC0703 | H16: Oficial | I16: CENTRO DE EDUCACIÓN PRIMARIA DE ADULTOS | J16: EXTENSION | K16: 0015DE0701 | L16: CENTRO DE ADULTOS Nº703/01 "RAFAEL OBLIGADO" | M16: Urbano | N16: No | O16: Educación de Jóvenes y Adultos | P16: Nivel Primario | Q16: 60 | R16: 4 | S16: 0 | T16: Prim. NO EPA | V16: =+IF(U16="","",IF(U16="FINES",CONCATENATE("R",IF(OR(B16="16",B16="21",B16="22",B16="23"),"16212223",IF(OR(B16="15",B16="17",B16="24",B16="25"),"15172425",B16))),IF(U16="CEBAS","UNICO",IF(VALUE(B16)<=11,"AMBA","INTERIOR")))) | W16: =+IF(U16="","-",CONCATENATE(U16,"_",V16)) -> - | X16: 0.018
A17: Un.Serv. | B17: 08 | C17: 071 | D17: Merlo | E17: 614527 | F17: 0 | G17: 0071DA0099 | H17: Oficial | I17: CENTRO DE ALFABETIZACIÓN | J17: SEDE | L17: CENTRO DE ALFABETIZACION Nº799/99 | M17: Urbano | N17: No | O17: Educación de Jóvenes y Adultos | P17: Nivel Primario | Q17: 10 | R17: 1 | S17: 0 | T17: Prim. NO EPA | V17: =+IF(U17="","",IF(U17="FINES",CONCATENATE("R",IF(OR(B17="16",B17="21",B17="22",B17="23"),"16212223",IF(OR(B17="15",B17="17",B17="24",B17="25"),"15172425",B17))),IF(U17="CEBAS","UNICO",IF(VALUE(B17)<=11,"AMBA","INTERIOR")))) | W17: =+IF(U17="","-",CONCATENATE(U17,"_",V17)) -> - | X17: 0.019
A18: Un.Serv. | B18: 05 | C18: 030 | D18: Esteban Echeverría | E18: 609164 | F18: 2 | G18: 0030DC0707 | H18: Oficial | I18: CENTRO DE EDUCACIÓN PRIMARIA DE ADULTOS | J18: EXTENSION | K18: 0030DE0701 | L18: CENTRO DE ADULTOS Nº707/01 | M18: Urbano | N18: No | O18: Educación de Jóvenes y Adultos | P18: Nivel Primario | Q18: 42 | R18: 3 | S18: 0 | T18: Prim. NO EPA | V18: =+IF(U18="","",IF(U18="FINES",CONCATENATE("R",IF(OR(B18="16",B18="21",B18="22",B18="23"),"16212223",IF(OR(B18="15",B18="17",B18="24",B18="25"),"15172425",B18))),IF(U18="CEBAS","UNICO",IF(VALUE(B18)<=11,"AMBA","INTERIOR")))) | W18: =+IF(U18="","-",CONCATENATE(U18,"_",V18)) -> - | X18: 0.021
A19: Un.Serv. | B19: 01 | C19: 001 | D19: La Plata | E19: 609115 | F19: 2 | G19: 0001DC0720 | H19: Oficial | I19: CENTRO DE EDUCACIÓN PRIMARIA DE ADULTOS | J19: EXTENSION | K19: 0001DE0713 | L19: CENTRO DE ADULTOS Nº720/13 | M19: Urbano | N19: No | O19: Educación de Jóvenes y Adultos | P19: Nivel Primario | Q19: 28 | R19: 2 | S19: 0 | T19: Prim. NO EPA | V19: =+IF(U19="","",IF(U19="FINES",CONCATENATE("R",IF(OR(B19="16",B19="21",B19="22",B19="23"),"16212223",IF(OR(B19="15",B19="17",B19="24",B19="25"),"15172425",B19))),IF(U19="CEBAS","UNICO",IF(VALUE(B19)<=11,"AMBA","INTERIOR")))) | W19: =+IF(U19="","-",CONCATENATE(U19,"_",V19)) -> - | X19: 0.021
A20: Un.Serv. | B20: 12 | C20: 098 | D20: San Pedro | E20: 613674 | F20: 0 | G20: 0098DC0702 | H20: Oficial | I20: CENTRO DE EDUCACIÓN PRIMARIA DE ADULTOS | J20: SEDE | L20: CENTRO DE ADULTOS Nº702 | M20: Urbano | N20: No | O20: Educación de Jóvenes y Adultos | P20: Nivel Primario | Q20: 21 | R20: 2 | S20: 0 | T20: Prim. NO EPA | V20: =+IF(U20="","",IF(U20="FINES",CONCATENATE("R",IF(OR(B20="16",B20="21",B20="22",B20="23"),"16212223",IF(OR(B20="15",B20="17",B20="24",B20="25"),"15172425",B20))),IF(U20="CEBAS","UNICO",IF(VALUE(B20)<=11,"AMBA","INTERIOR")))) | W20: =+IF(U20="","-",CONCATENATE(U20,"_",V20)) -> - | X20: 0.022
A21: Un.Serv. | B21: 02 | C21: 111 | D21: Lanús | E21: 608243 | F21: 4 | G21: 0111DC0715 | H21: Oficial | I21: CENTRO DE EDUCACIÓN PRIMARIA DE ADULTOS | J21: EXTENSION | K21: 0111DE0712 | L21: CENTRO DE ADULTOS Nº715/12 | M21: Urbano | N21: No | O21: Educación de Jóvenes y Adultos | P21: Nivel Primario | Q21: 31 | R21: 2 | S21: 0 | T21: Prim. NO EPA | V21: =+IF(U21="","",IF(U21="FINES",CONCATENATE("R",IF(OR(B21="16",B21="21",B21="22",B21="23"),"16212223",IF(OR(B21="15",B21="17",B21="24",B21="25"),"15172425",B21))),IF(U21="CEBAS","UNICO",IF(VALUE(B21)<=11,"AMBA","INTERIOR")))) | W21: =+IF(U21="","-",CONCATENATE(U21,"_",V21)) -> - | X21: 0.023
A22: Un.Serv. | B22: 12 | C22: 097 | D22: San Nicolás | E22: 600849 | F22: 1 | G22: 0097DC0711 | H22: Oficial | I22: CENTRO DE EDUCACIÓN PRIMARIA DE ADULTOS | J22: EXTENSION | K22: 0097DE0704 | L22: CENTRO DE ADULTOS Nº711/04 | M22: Urbano | N22: No | O22: Educación de Jóvenes y Adultos | P22: Nivel Primario | Q22: 23 | R22: 2 | S22: 0 | T22: Prim. NO EPA | V22: =+IF(U22="","",IF(U22="FINES",CONCATENATE("R",IF(OR(B22="16",B22="21",B22="22",B22="23"),"16212223",IF(OR(B22="15",B22="17",B22="24",B22="25"),"15172425",B22))),IF(U22="CEBAS","UNICO",IF(VALUE(B22)<=11,"AMBA","INTERIOR")))) | W22: =+IF(U22="","-",CONCATENATE(U22,"_",V22)) -> - | X22: 0.027
A23: Un.Serv. | B23: 03 | C23: 069 | D23: La Matanza | E23: 608696 | F23: 1 | G23: 0069DC0751 | H23: Oficial | I23: CENTRO DE EDUCACIÓN PRIMARIA DE ADULTOS | J23: EXTENSION | K23: 0069DE0705 | L23: CENTRO DE ADULTOS Nº751/05 | M23: Urbano | N23: No | O23: Educación de Jóvenes y Adultos | P23: Nivel Primario | Q23: 38 | R23: 3 | S23: 0 | T23: Prim. NO EPA | V23: =+IF(U23="","",IF(U23="FINES",CONCATENATE("R",IF(OR(B23="16",B23="21",B23="22",B23="23"),"16212223",IF(OR(B23="15",B23="17",B23="24",B23="25"),"15172425",B23))),IF(U23="CEBAS","UNICO",IF(VALUE(B23)<=11,"AMBA","INTERIOR")))) | W23: =+IF(U23="","-",CONCATENATE(U23,"_",V23)) -> - | X23: 0.028
A24: Un.Serv. | B24: 19 | C24: 033 | D24: General Alvarado | E24: 609292 | F24: 4 | G24: 0033DC0703 | H24: Oficial | I24: CENTRO DE EDUCACIÓN PRIMARIA DE ADULTOS | J24: EXTENSION | K24: 0033DE0701 | L24: CENTRO DE ADULTOS Nº703 "DR. EMILIO GALLINA" | M24: Urbano | N24: No | O24: Educación de Jóvenes y Adultos | P24: Nivel Primario | Q24: 35 | R24: 2 | S24: 0 | T24: Prim. NO EPA | V24: =+IF(U24="","",IF(U24="FINES",CONCATENATE("R",IF(OR(B24="16",B24="21",B24="22",B24="23"),"16212223",IF(OR(B24="15",B24="17",B24="24",B24="25"),"15172425",B24))),IF(U24="CEBAS","UNICO",IF(VALUE(B24)<=11,"AMBA","INTERIOR")))) | W24: =+IF(U24="","-",CONCATENATE(U24,"_",V24)) -> - | X24: 0.029
A25: Un.Serv. | B25: 13 | C25: 022 | D25: Colón | E25: 606543 | F25: 2 | G25: 0022DC0706 | H25: Oficial | I25: CENTRO DE EDUCACIÓN PRIMARIA DE ADULTOS | J25: EXTENSION | K25: 0022DE0701 | L25: CENTRO DE ADULTOS Nº706/01 | M25: Urbano | N25: No | O25: Educación de Jóvenes y Adultos | P25: Nivel Primario | Q25: 30 | R25: 3 | S25: 0 | T25: Prim. NO EPA | V25: =+IF(U25="","",IF(U25="FINES",CONCATENATE("R",IF(OR(B25="16",B25="21",B25="22",B25="23"),"16212223",IF(OR(B25="15",B25="17",B25="24",B25="25"),"15172425",B25))),IF(U25="CEBAS","UNICO",IF(VALUE(B25)<=11,"AMBA","INTERIOR")))) | W25: =+IF(U25="","-",CONCATENATE(U25,"_",V25)) -> - | X25: 0.03
A26: Un.Serv. | B26: 20 | C26: 075 | D26: Necochea | E26: 611210 | F26: 2 | G26: 0075DC0708 | H26: Oficial | I26: CENTRO DE EDUCACIÓN PRIMARIA DE ADULTOS | J26: EXTENSION | K26: 0075DE0702 | L26: CENTRO DE ADULTOS Nº708/02 | M26: Urbano | N26: No | O26: Educación de Jóvenes y Adultos | P26: Nivel Primario | Q26: 17 | R26: 1 | S26: 0 | T26: Prim. NO EPA | V26: =+IF(U26="","",IF(U26="FINES",CONCATENATE("R",IF(OR(B26="16",B26="21",B26="22",B26="23"),"16212223",IF(OR(B26="15",B26="17",B26="24",B26="25"),"15172425",B26))),IF(U26="CEBAS","UNICO",IF(VALUE(B26)<=11,"AMBA","INTERIOR")))) | W26: =+IF(U26="","-",CONCATENATE(U26,"_",V26)) -> - | X26: 0.031
A27: Un.Serv. | B27: 08 | C27: 100 | D27: Morón | E27: 613021 | F27: 1 | G27: 0100DC0709 | H27: Oficial | I27: CENTRO DE EDUCACIÓN PRIMARIA DE ADULTOS | J27: EXTENSION | K27: 0100DE0703 | L27: CENTRO DE ADULTOS Nº709/03 | M27: Urbano | N27: No | O27: Educación de Jóvenes y Adultos | P27: Nivel Primario | Q27: 42 | R27: 3 | S27: 0 | T27: Prim. NO EPA | V27: =+IF(U27="","",IF(U27="FINES",CONCATENATE("R",IF(OR(B27="16",B27="21",B27="22",B27="23"),"16212223",IF(OR(B27="15",B27="17",B27="24",B27="25"),"15172425",B27))),IF(U27="CEBAS","UNICO",IF(VALUE(B27)<=11,"AMBA","INTERIOR")))) | W27: =+IF(U27="","-",CONCATENATE(U27,"_",V27)) -> - | X27: 0.032
A28: Un.Serv. | B28: 11 | C28: 047 | D28: Zárate | E28: 605769 | F28: 2 | G28: 0047DC0710 | H28: Oficial | I28: CENTRO DE EDUCACIÓN PRIMARIA DE ADULTOS | J28: EXTENSION | K28: 0047DE0703 | L28: CENTRO DE ADULTOS Nº710/03 | M28: Urbano | N28: No | O28: Educación de Jóvenes y Adultos | P28: Nivel Primario | Q28: 13 | R28: 1 | S28: 0 | T28: Prim. NO EPA | V28: =+IF(U28="","",IF(U28="FINES",CONCATENATE("R",IF(OR(B28="16",B28="21",B28="22",B28="23"),"16212223",IF(OR(B28="15",B28="17",B28="24",B28="25"),"15172425",B28))),IF(U28="CEBAS","UNICO",IF(VALUE(B28)<=11,"AMBA","INTERIOR")))) | W28: =+IF(U28="","-",CONCATENATE(U28,"_",V28)) -> - | X28: 0.036
A29: Un.Serv. | B29: 20 | C29: 102 | D29: Tandil | E29: 610063 | F29: 2 | G29: 0102DC0707 | H29: Oficial | I29: CENTRO DE EDUCACIÓN PRIMARIA DE ADULTOS | J29: EXTENSION | K29: 0102DE0701 | L29: CENTRO DE ADULTOS Nº707 | M29: Urbano | N29: No | O29: Educación de Jóvenes y Adultos | P29: Nivel Primario | Q29: 9 | R29: 1 | S29: 0 | T29: Prim. NO EPA | V29: =+IF(U29="","",IF(U29="FINES",CONCATENATE("R",IF(OR(B29="16",B29="21",B29="22",B29="23"),"16212223",IF(OR(B29="15",B29="17",B29="24",B29="25"),"15172425",B29))),IF(U29="CEBAS","UNICO",IF(VALUE(B29)<=11,"AMBA","INTERIOR")))) | W29: =+IF(U29="","-",CONCATENATE(U29,"_",V29)) -> - | X29: 0.037
A30: Un.Serv. | B30: 07 | C30: 045 | D30: General San Martín | E30: 613580 | F30: 1 | G30: 0045DC0716 | H30: Oficial | I30: CENTRO DE EDUCACIÓN PRIMARIA DE ADULTOS | J30: EXTENSION | K30: 0045DE0705 | L30: CENTRO DE ADULTOS Nº716 | M30: Urbano | N30: No | O30: Educación de Jóvenes y Adultos | P30: Nivel Primario | Q30: 70 | R30: 4 | S30: 0 | T30: Prim. NO EPA | V30: =+IF(U30="","",IF(U30="FINES",CONCATENATE("R",IF(OR(B30="16",B30="21",B30="22",B30="23"),"16212223",IF(OR(B30="15",B30="17",B30="24",B30="25"),"15172425",B30))),IF(U30="CEBAS","UNICO",IF(VALUE(B30)<=11,"AMBA","INTERIOR")))) | W30: =+IF(U30="","-",CONCATENATE(U30,"_",V30)) -> - | X30: 0.037
A31: Un.Serv. | B31: 22 | C31: 078 | D31: Patagones | E31: 613144 | F31: 1 | G31: 0078DC0707 | H31: Oficial | I31: CENTRO DE EDUCACIÓN PRIMARIA DE ADULTOS | J31: EXTENSION | K31: 0078DE0709 | L31: CENTRO DE ADULTOS Nº707/09 | M31: Rural Disperso | N31: No | O31: Educación de Jóvenes y Adultos | P31: Nivel Primario | Q31: 41 | R31: 2 | S31: 0 | T31: Prim. NO EPA | V31: =+IF(U31="","",IF(U31="FINES",CONCATENATE("R",IF(OR(B31="16",B31="21",B31="22",B31="23"),"16212223",IF(OR(B31="15",B31="17",B31="24",B31="25"),"15172425",B31))),IF(U31="CEBAS","UNICO",IF(VALUE(B31)<=11,"AMBA","INTERIOR")))) | W31: =+IF(U31="","-",CONCATENATE(U31,"_",V31)) -> - | X31: 0.038
A32: Un.Serv. | B32: 02 | C32: 005 | D32: Avellaneda | E32: 600926 | F32: 1 | G32: 0005DC0719 | H32: Oficial | I32: CENTRO DE EDUCACIÓN PRIMARIA DE ADULTOS | J32: EXTENSION | K32: 0005DE0706 | L32: CENTRO DE ADULTOS Nº719/06 | M32: Urbano | N32: No | O32: Educación de Jóvenes y Adultos | P32: Nivel Primario | Q32: 19 | R32: 2 | S32: 0 | T32: Prim. NO EPA | V32: =+IF(U32="","",IF(U32="FINES",CONCATENATE("R",IF(OR(B32="16",B32="21",B32="22",B32="23"),"16212223",IF(OR(B32="15",B32="17",B32="24",B32="25"),"15172425",B32))),IF(U32="CEBAS","UNICO",IF(VALUE(B32)<=11,"AMBA","INTERIOR")))) | W32: =+IF(U32="","-",CONCATENATE(U32,"_",V32)) -> - | X32: 0.043
A33: Un.Serv. | B33: 18 | C33: 065 | D33: Maipú | E33: 613136 | F33: 0 | G33: 0065DC0702 | H33: Oficial | I33: CENTRO DE EDUCACIÓN PRIMARIA DE ADULTOS | J33: SEDE | L33: CENTRO DE ADULTOS Nº702"CECILIA MARCHETTI DE BASUALDO SILVA" | M33: Rural Agrupado | N33: No | O33: Educación de Jóvenes y Adultos | P33: Nivel Primario | Q33: 36 | R33: 5 | S33: 0 | T33: Prim. NO EPA | V33: =+IF(U33="","",IF(U33="FINES",CONCATENATE("R",IF(OR(B33="16",B33="21",B33="22",B33="23"),"16212223",IF(OR(B33="15",B33="17",B33="24",B33="25"),"15172425",B33))),IF(U33="CEBAS","UNICO",IF(VALUE(B33)<=11,"AMBA","INTERIOR")))) | W33: =+IF(U33="","-",CONCATENATE(U33,"_",V33)) -> - | X33: 0.045
A34: Un.Serv. | B34: 04 | C34: 032 | D34: Florencio Varela | E34: 608848 | F34: 1 | G34: 0032DC0710 | H34: Oficial | I34: CENTRO DE EDUCACIÓN PRIMARIA DE ADULTOS | J34: EXTENSION | K34: 0032DE0702 | L34: CENTRO DE ADULTOS Nº710/02 | M34: Urbano | N34: No | O34: Educación de Jóvenes y Adultos | P34: Nivel Primario | Q34: 38 | R34: 3 | S34: 0 | T34: Prim. NO EPA | V34: =+IF(U34="","",IF(U34="FINES",CONCATENATE("R",IF(OR(B34="16",B34="21",B34="22",B34="23"),"16212223",IF(OR(B34="15",B34="17",B34="24",B34="25"),"15172425",B34))),IF(U34="CEBAS","UNICO",IF(VALUE(B34)<=11,"AMBA","INTERIOR")))) | W34: =+IF(U34="","-",CONCATENATE(U34,"_",V34)) -> - | X34: 0.046
A35: Un.Serv. | B35: 03 | C35: 069 | D35: La Matanza | E35: 614422 | F35: 0 | G35: 0069DA0064 | H35: Oficial | I35: CENTRO DE ALFABETIZACIÓN | J35: SEDE | L35: CENTRO DE ALFABETIZACION Nº64 | M35: Urbano | N35: Sí | O35: Educación de Jóvenes y Adultos | P35: Nivel Primario | Q35: 6 | R35: 1 | S35: 0 | T35: Prim. NO EPA | V35: =+IF(U35="","",IF(U35="FINES",CONCATENATE("R",IF(OR(B35="16",B35="21",B35="22",B35="23"),"16212223",IF(OR(B35="15",B35="17",B35="24",B35="25"),"15172425",B35))),IF(U35="CEBAS","UNICO",IF(VALUE(B35)<=11,"AMBA","INTERIOR")))) | W35: =+IF(U35="","-",CONCATENATE(U35,"_",V35)) -> - | X35: 0.05
A36: Un.Serv. | B36: 06 | C36: 109 | D36: Vicente López | E36: 614402 | F36: 0 | G36: 0109DA0043 | H36: Oficial | I36: CENTRO DE ALFABETIZACIÓN | J36: SEDE | L36: CENTRO DE ALFABETIZACIÓN Nº 43 | M36: Urbano | N36: No | O36: Educación de Jóvenes y Adultos | P36: Nivel Primario | Q36: 14 | R36: 1 | S36: 0 | T36: Prim. NO EPA | V36: =+IF(U36="","",IF(U36="FINES",CONCATENATE("R",IF(OR(B36="16",B36="21",B36="22",B36="23"),"16212223",IF(OR(B36="15",B36="17",B36="24",B36="25"),"15172425",B36))),IF(U36="CEBAS","UNICO",IF(VALUE(B36)<=11,"AMBA","INTERIOR")))) | W36: =+IF(U36="","-",CONCATENATE(U36,"_",V36)) -> - | X36: 0.05
A37: Un.Serv. | B37: 06 | C37: 096 | D37: San Isidro | E37: 612075 | F37: 3 | G37: 0096DC0712 | H37: Oficial | I37: CENTRO DE EDUCACIÓN PRIMARIA DE ADULTOS | J37: EXTENSION | K37: 0096DE0702 | L37: CENTRO DE ADULTOS Nº712/02 | M37: Urbano | N37: No | O37: Educación de Jóvenes y Adultos | P37: Nivel Primario | Q37: 31 | R37: 2 | S37: 0 | T37: Prim. NO EPA | V37: =+IF(U37="","",IF(U37="FINES",CONCATENATE("R",IF(OR(B37="16",B37="21",B37="22",B37="23"),"16212223",IF(OR(B37="15",B37="17",B37="24",B37="25"),"15172425",B37))),IF(U37="CEBAS","UNICO",IF(VALUE(B37)<=11,"AMBA","INTERIOR")))) | W37: =+IF(U37="","-",CONCATENATE(U37,"_",V37)) -> - | X37: 0.05
A38: Un.Serv. | B38: 03 | C38: 069 | D38: La Matanza | E38: 612438 | F38: 1 | G38: 0069DC0701 | H38: Oficial | I38: CENTRO DE EDUCACIÓN PRIMARIA DE ADULTOS | J38: EXTENSION | K38: 0069DE0717 | L38: CENTRO DE ADULTOS Nº701/17 | M38: Urbano | N38: No | O38: Educación de Jóvenes y Adultos | P38: Nivel Primario | Q38: 24 | R38: 2 | S38: 0 | T38: Prim. NO EPA | V38: =+IF(U38="","",IF(U38="FINES",CONCATENATE("R",IF(OR(B38="16",B38="21",B38="22",B38="23"),"16212223",IF(OR(B38="15",B38="17",B38="24",B38="25"),"15172425",B38))),IF(U38="CEBAS","UNICO",IF(VALUE(B38)<=11,"AMBA","INTERIOR")))) | W38: =+IF(U38="","-",CONCATENATE(U38,"_",V38)) -> - | X38: 0.051
A39: Un.Serv. | B39: 03 | C39: 069 | D39: La Matanza | E39: 614426 | F39: 0 | G39: 0069DA0066 | H39: Oficial | I39: CENTRO DE ALFABETIZACIÓN | J39: SEDE | L39: CENTRO DE ALFABETIZACION Nº66 | M39: Urbano | N39: Sí | O39: Educación de Jóvenes y Adultos | P39: Nivel Primario | Q39: 15 | R39: 1 | S39: 0 | T39: Prim. NO EPA | V39: =+IF(U39="","",IF(U39="FINES",CONCATENATE("R",IF(OR(B39="16",B39="21",B39="22",B39="23"),"16212223",IF(OR(B39="15",B39="17",B39="24",B39="25"),"15172425",B39))),IF(U39="CEBAS","UNICO",IF(VALUE(B39)<=11,"AMBA","INTERIOR")))) | W39: =+IF(U39="","-",CONCATENATE(U39,"_",V39)) -> - | X39: 0.051
A40: Un.Serv. | B40: 05 | C40: 004 | D40: Almirante Brown | E40: 604372 | F40: 1 | G40: 0004DC0718 | H40: Oficial | I40: CENTRO DE EDUCACIÓN PRIMARIA DE ADULTOS | J40: EXTENSION | K40: 0004DE0704 | L40: CENTRO DE ADULTOS Nº718/04 | M40: Urbano | N40: No | O40: Educación de Jóvenes y Adultos | P40: Nivel Primario | Q40: 43 | R40: 2 | S40: 0 | T40: Prim. NO EPA | V40: =+IF(U40="","",IF(U40="FINES",CONCATENATE("R",IF(OR(B40="16",B40="21",B40="22",B40="23"),"16212223",IF(OR(B40="15",B40="17",B40="24",B40="25"),"15172425",B40))),IF(U40="CEBAS","UNICO",IF(VALUE(B40)<=11,"AMBA","INTERIOR")))) | W40: =+IF(U40="","-",CONCATENATE(U40,"_",V40)) -> - | X40: 0.052
A41: Un.Serv. | B41: 20 | C41: 102 | D41: Tandil | E41: 605214 | F41: 1 | G41: 0102DC0709 | H41: Oficial | I41: CENTRO DE EDUCACIÓN PRIMARIA DE ADULTOS | J41: EXTENSION | K41: 0102DE0704 | L41: CENTRO DE ADULTOS Nº709 | M41: Urbano | N41: No | O41: Educación de Jóvenes y Adultos | P41: Nivel Primario | Q41: 23 | R41: 2 | S41: 0 | T41: Prim. NO EPA | V41: =+IF(U41="","",IF(U41="FINES",CONCATENATE("R",IF(OR(B41="16",B41="21",B41="22",B41="23"),"16212223",IF(OR(B41="15",B41="17",B41="24",B41="25"),"15172425",B41))),IF(U41="CEBAS","UNICO",IF(VALUE(B41)<=11,"AMBA","INTERIOR")))) | W41: =+IF(U41="","-",CONCATENATE(U41,"_",V41)) -> - | X41: 0.052
A42: Un.Serv. | B42: 14 | C42: 128 | D42: Florentino Ameghino | E42: 605866 | F42: 0 | G42: 0128DC0702 | H42: Oficial | I42: CENTRO DE EDUCACIÓN PRIMARIA DE ADULTOS | J42: SEDE | L42: CENTRO DE ADULTOS Nº702 "LOHANA BERKINS" | M42: Rural Agrupado | N42: No | O42: Educación de Jóvenes y Adultos | P42: Nivel Primario | Q42: 12 | R42: 1 | S42: 0 | T42: Prim. NO EPA | V42: =+IF(U42="","",IF(U42="FINES",CONCATENATE("R",IF(OR(B42="16",B42="21",B42="22",B42="23"),"16212223",IF(OR(B42="15",B42="17",B42="24",B42="25"),"15172425",B42))),IF(U42="CEBAS","UNICO",IF(VALUE(B42)<=11,"AMBA","INTERIOR")))) | W42: =+IF(U42="","-",CONCATENATE(U42,"_",V42)) -> - | X42: 0.053
A43: Un.Serv. | B43: 14 | C43: 128 | D43: Florentino Ameghino | E43: 604654 | F43: 0 | G43: 0128DC0701 | H43: Oficial | I43: CENTRO DE EDUCACIÓN PRIMARIA DE ADULTOS | J43: SEDE | L43: CENTRO DE ADULTOS Nº701 | M43: Urbano | N43: No | O43: Educación de Jóvenes y Adultos | P43: Nivel Primario | Q43: 28 | R43: 3 | S43: 0 | T43: Prim. NO EPA | V43: =+IF(U43="","",IF(U43="FINES",CONCATENATE("R",IF(OR(B43="16",B43="21",B43="22",B43="23"),"16212223",IF(OR(B43="15",B43="17",B43="24",B43="25"),"15172425",B43))),IF(U43="CEBAS","UNICO",IF(VALUE(B43)<=11,"AMBA","INTERIOR")))) | W43: =+IF(U43="","-",CONCATENATE(U43,"_",V43)) -> - | X43: 0.053
A44: Un.Serv. | B44: 05 | C44: 004 | D44: Almirante Brown | E44: 613280 | F44: 2 | G44: 0004DC0732 | H44: Oficial | I44: CENTRO DE EDUCACIÓN PRIMARIA DE ADULTOS | J44: EXTENSION | K44: 0004DE0705 | L44: CENTRO DE ADULTOS Nº732/05 | M44: Urbano | N44: No | O44: Educación de Jóvenes y Adultos | P44: Nivel Primario | Q44: 26 | R44: 2 | S44: 0 | T44: Prim. NO EPA | V44: =+IF(U44="","",IF(U44="FINES",CONCATENATE("R",IF(OR(B44="16",B44="21",B44="22",B44="23"),"16212223",IF(OR(B44="15",B44="17",B44="24",B44="25"),"15172425",B44))),IF(U44="CEBAS","UNICO",IF(VALUE(B44)<=11,"AMBA","INTERIOR")))) | W44: =+IF(U44="","-",CONCATENATE(U44,"_",V44)) -> - | X44: 0.054
A45: Un.Serv. | B45: 12 | C45: 097 | D45: San Nicolás | E45: 601234 | F45: 1 | G45: 0097DC0707 | H45: Oficial | I45: CENTRO DE EDUCACIÓN PRIMARIA DE ADULTOS | J45: EXTENSION | K45: 0097DE0714 | L45: CENTRO DE ADULTOS Nº707/14 | M45: Urbano | N45: No | O45: Educación de Jóvenes y Adultos | P45: Nivel Primario | Q45: 23 | R45: 2 | S45: 0 | T45: Prim. NO EPA | V45: =+IF(U45="","",IF(U45="FINES",CONCATENATE("R",IF(OR(B45="16",B45="21",B45="22",B45="23"),"16212223",IF(OR(B45="15",B45="17",B45="24",B45="25"),"15172425",B45))),IF(U45="CEBAS","UNICO",IF(VALUE(B45)<=11,"AMBA","INTERIOR")))) | W45: =+IF(U45="","-",CONCATENATE(U45,"_",V45)) -> - | X45: 0.056
A46: Un.Serv. | B46: 22 | C46: 008 | D46: Bahía Blanca | E46: 602486 | F46: 3 | G46: 0008DC0722 | H46: Oficial | I46: CENTRO DE EDUCACIÓN PRIMARIA DE ADULTOS | J46: EXTENSION | K46: 0008DC0721 | L46: CENTRO DE ADULTOS Nº722 "BARRIOS DEL SUR" | M46: Urbano | N46: No | O46: Educación de Jóvenes y Adultos | P46: Nivel Primario | Q46: 13 | R46: 1 | S46: 0 | T46: Prim. NO EPA | V46: =+IF(U46="","",IF(U46="FINES",CONCATENATE("R",IF(OR(B46="16",B46="21",B46="22",B46="23"),"16212223",IF(OR(B46="15",B46="17",B46="24",B46="25"),"15172425",B46))),IF(U46="CEBAS","UNICO",IF(VALUE(B46)<=11,"AMBA","INTERIOR")))) | W46: =+IF(U46="","-",CONCATENATE(U46,"_",V46)) -> - | X46: 0.057
A47: Un.Serv. | B47: 14 | C47: 042 | D47: General Pinto | E47: 605865 | F47: 1 | G47: 0042DC0703 | H47: Oficial | I47: CENTRO DE EDUCACIÓN PRIMARIA DE ADULTOS | J47: EXTENSION | K47: 0042DE0701 | L47: CENTRO DE ADULTOS Nº703/01 | M47: Rural Agrupado | N47: No | O47: Educación de Jóvenes y Adultos | P47: Nivel Primario | Q47: 38 | R47: 2 | S47: 0 | T47: Prim. NO EPA | V47: =+IF(U47="","",IF(U47="FINES",CONCATENATE("R",IF(OR(B47="16",B47="21",B47="22",B47="23"),"16212223",IF(OR(B47="15",B47="17",B47="24",B47="25"),"15172425",B47))),IF(U47="CEBAS","UNICO",IF(VALUE(B47)<=11,"AMBA","INTERIOR")))) | W47: =+IF(U47="","-",CONCATENATE(U47,"_",V47)) -> - | X47: 0.057
A48: Un.Serv. | B48: 02 | C48: 111 | D48: Lanús | E48: 603807 | F48: 1 | G48: 0111DC0709 | H48: Oficial | I48: CENTRO DE EDUCACIÓN PRIMARIA DE ADULTOS | J48: EXTENSION | K48: 0111DE0701 | L48: CENTRO DE ADULTOS Nº709/01 | M48: Urbano | N48: No | O48: Educación de Jóvenes y Adultos | P48: Nivel Primario | Q48: 59 | R48: 4 | S48: 0 | T48: Prim. NO EPA | V48: =+IF(U48="","",IF(U48="FINES",CONCATENATE("R",IF(OR(B48="16",B48="21",B48="22",B48="23"),"16212223",IF(OR(B48="15",B48="17",B48="24",B48="25"),"15172425",B48))),IF(U48="CEBAS","UNICO",IF(VALUE(B48)<=11,"AMBA","INTERIOR")))) | W48: =+IF(U48="","-",CONCATENATE(U48,"_",V48)) -> - | X48: 0.057
A49: Un.Serv. | B49: 03 | C49: 069 | D49: La Matanza | E49: 611493 | F49: 3 | G49: 0069DC0755 | H49: Oficial | I49: CENTRO DE EDUCACIÓN PRIMARIA DE ADULTOS | J49: EXTENSION | K49: 0069DE0704 | L49: CENTRO DE ADULTOS Nº755/04 | M49: Urbano | N49: Sí | O49: Educación de Jóvenes y Adultos | P49: Nivel Primario | Q49: 24 | R49: 2 | S49: 0 | T49: Prim. NO EPA | V49: =+IF(U49="","",IF(U49="FINES",CONCATENATE("R",IF(OR(B49="16",B49="21",B49="22",B49="23"),"16212223",IF(OR(B49="15",B49="17",B49="24",B49="25"),"15172425",B49))),IF(U49="CEBAS","UNICO",IF(VALUE(B49)<=11,"AMBA","INTERIOR")))) | W49: =+IF(U49="","-",CONCATENATE(U49,"_",V49)) -> - | X49: 0.058
A50: Un.Serv. | B50: 16 | C50: 106 | D50: Trenque Lauquen | E50: 604760 | F50: 0 | G50: 0106DC0703 | H50: Oficial | I50: CENTRO DE EDUCACIÓN PRIMARIA DE ADULTOS | J50: SEDE | L50: CENTRO DE EDUCACIÓN DE ADULTOS Nº703 | M50: Urbano | N50: No | O50: Educación de Jóvenes y Adultos | P50: Nivel Primario | Q50: 17 | R50: 2 | S50: 0 | T50: Prim. NO EPA | V50: =+IF(U50="","",IF(U50="FINES",CONCATENATE("R",IF(OR(B50="16",B50="21",B50="22",B50="23"),"16212223",IF(OR(B50="15",B50="17",B50="24",B50="25"),"15172425",B50))),IF(U50="CEBAS","UNICO",IF(VALUE(B50)<=11,"AMBA","INTERIOR")))) | W50: =+IF(U50="","-",CONCATENATE(U50,"_",V50)) -> - | X50: 0.058
A51: Un.Serv. | B51: 09 | C51: 133 | D51: Malvinas Argentinas | E51: 613692 | F51: 2 | G51: 0133DC0706 | H51: Oficial | I51: CENTRO DE EDUCACIÓN PRIMARIA DE ADULTOS | J51: EXTENSION | K51: 0133DE0701 | L51: CENTRO DE ADULTOS Nº706/01 | M51: Urbano | N51: No | O51: Educación de Jóvenes y Adultos | P51: Nivel Primario | Q51: 25 | R51: 3 | S51: 0 | T51: Prim. NO EPA | V51: =+IF(U51="","",IF(U51="FINES",CONCATENATE("R",IF(OR(B51="16",B51="21",B51="22",B51="23"),"16212223",IF(OR(B51="15",B51="17",B51="24",B51="25"),"15172425",B51))),IF(U51="CEBAS","UNICO",IF(VALUE(B51)<=11,"AMBA","INTERIOR")))) | W51: =+IF(U51="","-",CONCATENATE(U51,"_",V51)) -> - | X51: 0.06
A52: Un.Serv. | B52: 02 | C52: 005 | D52: Avellaneda | E52: 611026 | F52: 2 | G52: 0005DC0722 | H52: Oficial | I52: CENTRO DE EDUCACIÓN PRIMARIA DE ADULTOS | J52: EXTENSION | K52: 0005DE0701 | L52: CENTRO DE ADULTOS Nº722/01 | M52: Urbano | N52: No | O52: Educación de Jóvenes y Adultos | P52: Nivel Primario | Q52: 10 | R52: 1 | S52: 0 | T52: Prim. NO EPA | V52: =+IF(U52="","",IF(U52="FINES",CONCATENATE("R",IF(OR(B52="16",B52="21",B52="22",B52="23"),"16212223",IF(OR(B52="15",B52="17",B52="24",B52="25"),"15172425",B52))),IF(U52="CEBAS","UNICO",IF(VALUE(B52)<=11,"AMBA","INTERIOR")))) | W52: =+IF(U52="","-",CONCATENATE(U52,"_",V52)) -> - | X52: 0.062
A53: Un.Serv. | B53: 04 | C53: 032 | D53: Florencio Varela | E53: 608393 | F53: 2 | G53: 0032DC0713 | H53: Oficial | I53: CENTRO DE EDUCACIÓN PRIMARIA DE ADULTOS | J53: EXTENSION | K53: 0032DE0703 | L53: CENTRO DE ADULTOS Nº713/03 | M53: Urbano | N53: No | O53: Educación de Jóvenes y Adultos | P53: Nivel Primario | Q53: 24 | R53: 2 | S53: 0 | T53: Prim. NO EPA | V53: =+IF(U53="","",IF(U53="FINES",CONCATENATE("R",IF(OR(B53="16",B53="21",B53="22",B53="23"),"16212223",IF(OR(B53="15",B53="17",B53="24",B53="25"),"15172425",B53))),IF(U53="CEBAS","UNICO",IF(VALUE(B53)<=11,"AMBA","INTERIOR")))) | W53: =+IF(U53="","-",CONCATENATE(U53,"_",V53)) -> - | X53: 0.064
A54: Un.Serv. | B54: 17 | C54: 082 | D54: Pila | E54: 602757 | F54: 0 | G54: 0082DC0701 | H54: Oficial | I54: CENTRO DE EDUCACIÓN PRIMARIA DE ADULTOS | J54: SEDE | L54: CENTRO DE ADULTOS Nº701 | M54: Urbano | N54: No | O54: Educación de Jóvenes y Adultos | P54: Nivel Primario | Q54: 10 | R54: 1 | S54: 0 | T54: Prim. NO EPA | V54: =+IF(U54="","",IF(U54="FINES",CONCATENATE("R",IF(OR(B54="16",B54="21",B54="22",B54="23"),"16212223",IF(OR(B54="15",B54="17",B54="24",B54="25"),"15172425",B54))),IF(U54="CEBAS","UNICO",IF(VALUE(B54)<=11,"AMBA","INTERIOR")))) | W54: =+IF(U54="","-",CONCATENATE(U54,"_",V54)) -> - | X54: 0.064
A55: Un.Serv. | B55: 18 | C55: 040 | D55: General Juan Madariaga | E55: 600991 | F55: 2 | G55: 0040DC0703 | H55: Oficial | I55: CENTRO DE EDUCACIÓN PRIMARIA DE ADULTOS | J55: EXTENSION | K55: 0040DE0701 | L55: CENTRO DE ADULTOS Nº703/01 | M55: Urbano | N55: No | O55: Educación de Jóvenes y Adultos | P55: Nivel Primario | Q55: 14 | R55: 1 | S55: 0 | T55: Prim. NO EPA | V55: =+IF(U55="","",IF(U55="FINES",CONCATENATE("R",IF(OR(B55="16",B55="21",B55="22",B55="23"),"16212223",IF(OR(B55="15",B55="17",B55="24",B55="25"),"15172425",B55))),IF(U55="CEBAS","UNICO",IF(VALUE(B55)<=11,"AMBA","INTERIOR")))) | W55: =+IF(U55="","-",CONCATENATE(U55,"_",V55)) -> - | X55: 0.066
A56: Un.Serv. | B56: 05 | C56: 130 | D56: Ezeiza | E56: 613688 | F56: 2 | G56: 0130DC0705 | H56: Oficial | I56: CENTRO DE EDUCACIÓN PRIMARIA DE ADULTOS | J56: EXTENSION | K56: 0130DE0701 | L56: CENTRO DE ADULTOS Nº705 | M56: Urbano | N56: No | O56: Educación de Jóvenes y Adultos | P56: Nivel Primario | Q56: 42 | R56: 3 | S56: 0 | T56: Prim. NO EPA | V56: =+IF(U56="","",IF(U56="FINES",CONCATENATE("R",IF(OR(B56="16",B56="21",B56="22",B56="23"),"16212223",IF(OR(B56="15",B56="17",B56="24",B56="25"),"15172425",B56))),IF(U56="CEBAS","UNICO",IF(VALUE(B56)<=11,"AMBA","INTERIOR")))) | W56: =+IF(U56="","-",CONCATENATE(U56,"_",V56)) -> - | X56: 0.066
A57: Un.Serv. | B57: 19 | C57: 043 | D57: General Pueyrredón | E57: 603165 | F57: 1 | G57: 0043DC0716 | H57: Oficial | I57: CENTRO DE EDUCACIÓN PRIMARIA DE ADULTOS | J57: EXTENSION | K57: 0043DE0702 | L57: CENTRO DE ADULTOS Nº716/02 | M57: Urbano | N57: No | O57: Educación de Jóvenes y Adultos | P57: Nivel Primario | Q57: 48 | R57: 3 | S57: 0 | T57: Prim. NO EPA | V57: =+IF(U57="","",IF(U57="FINES",CONCATENATE("R",IF(OR(B57="16",B57="21",B57="22",B57="23"),"16212223",IF(OR(B57="15",B57="17",B57="24",B57="25"),"15172425",B57))),IF(U57="CEBAS","UNICO",IF(VALUE(B57)<=11,"AMBA","INTERIOR")))) | W57: =+IF(U57="","-",CONCATENATE(U57,"_",V57)) -> - | X57: 0.069
A58: Un.Serv. | B58: 10 | C58: 044 | D58: General Rodríguez | E58: 623978 | F58: 2 | G58: 0044DC0707 | H58: Oficial | I58: CENTRO DE EDUCACIÓN PRIMARIA DE ADULTOS | J58: EXTENSION | K58: 0044DE0705 | L58: CENTRO DE ADULTOS Nº707/05 | M58: Urbano | N58: No | O58: Educación de Jóvenes y Adultos | P58: Nivel Primario | Q58: 15 | R58: 2 | S58: 0 | T58: Prim. NO EPA | V58: =+IF(U58="","",IF(U58="FINES",CONCATENATE("R",IF(OR(B58="16",B58="21",B58="22",B58="23"),"16212223",IF(OR(B58="15",B58="17",B58="24",B58="25"),"15172425",B58))),IF(U58="CEBAS","UNICO",IF(VALUE(B58)<=11,"AMBA","INTERIOR")))) | W58: =+IF(U58="","-",CONCATENATE(U58,"_",V58)) -> - | X58: 0.07
A59: Un.Serv. | B59: 08 | C59: 071 | D59: Merlo | E59: 609955 | F59: 1 | G59: 0071DC0711 | H59: Oficial | I59: CENTRO DE EDUCACIÓN PRIMARIA DE ADULTOS | J59: EXTENSION | K59: 0071DE0703 | L59: CENTRO DE ADULTOS Nº711/03 | M59: Urbano | N59: No | O59: Educación de Jóvenes y Adultos | P59: Nivel Primario | Q59: 34 | R59: 5 | S59: 0 | T59: Prim. NO EPA | V59: =+IF(U59="","",IF(U59="FINES",CONCATENATE("R",IF(OR(B59="16",B59="21",B59="22",B59="23"),"16212223",IF(OR(B59="15",B59="17",B59="24",B59="25"),"15172425",B59))),IF(U59="CEBAS","UNICO",IF(VALUE(B59)<=11,"AMBA","INTERIOR")))) | W59: =+IF(U59="","-",CONCATENATE(U59,"_",V59)) -> - | X59: 0.072
A60: Un.Serv. | B60: 09 | C60: 132 | D60: José C. Paz | E60: 602107 | F60: 3 | G60: 0132DC0706 | H60: Oficial | I60: CENTRO DE EDUCACIÓN PRIMARIA DE ADULTOS | J60: EXTENSION | K60: 0132DE0702 | L60: CENTRO DE ADULTOS Nº706/02 | M60: Urbano | N60: No | O60: Educación de Jóvenes y Adultos | P60: Nivel Primario | Q60: 58 | R60: 5 | S60: 0 | T60: Prim. NO EPA | V60: =+IF(U60="","",IF(U60="FINES",CONCATENATE("R",IF(OR(B60="16",B60="21",B60="22",B60="23"),"16212223",IF(OR(B60="15",B60="17",B60="24",B60="25"),"15172425",B60))),IF(U60="CEBAS","UNICO",IF(VALUE(B60)<=11,"AMBA","INTERIOR")))) | W60: =+IF(U60="","-",CONCATENATE(U60,"_",V60)) -> - | X60: 0.073
A61: Un.Serv. | B61: 21 | C61: 023 | D61: Coronel Dorrego | E61: 601730 | F61: 0 | G61: 0023DC0703 | H61: Oficial | I61: CENTRO DE EDUCACIÓN PRIMARIA DE ADULTOS | J61: SEDE | L61: CENTRO DE ADULTOS Nº703 | M61: Rural Agrupado | N61: No | O61: Educación de Jóvenes y Adultos | P61: Nivel Primario | Q61: 5 | R61: 1 | S61: 0 | T61: Prim. NO EPA | V61: =+IF(U61="","",IF(U61="FINES",CONCATENATE("R",IF(OR(B61="16",B61="21",B61="22",B61="23"),"16212223",IF(OR(B61="15",B61="17",B61="24",B61="25"),"15172425",B61))),IF(U61="CEBAS","UNICO",IF(VALUE(B61)<=11,"AMBA","INTERIOR")))) | W61: =+IF(U61="","-",CONCATENATE(U61,"_",V61)) -> - | X61: 0.073
A62: Un.Serv. | B62: 18 | C62: 123 | D62: La Costa | E62: 608268 | F62: 0 | G62: 0123DC0702 | H62: Oficial | I62: CENTRO DE EDUCACIÓN PRIMARIA DE ADULTOS | J62: SEDE | L62: CENTRO DE ADULTOS Nº702 | M62: Urbano | N62: No | O62: Educación de Jóvenes y Adultos | P62: Nivel Primario | Q62: 69 | R62: 5 | S62: 0 | T62: Prim. NO EPA | V62: =+IF(U62="","",IF(U62="FINES",CONCATENATE("R",IF(OR(B62="16",B62="21",B62="22",B62="23"),"16212223",IF(OR(B62="15",B62="17",B62="24",B62="25"),"15172425",B62))),IF(U62="CEBAS","UNICO",IF(VALUE(B62)<=11,"AMBA","INTERIOR")))) | W62: =+IF(U62="","-",CONCATENATE(U62,"_",V62)) -> - | X62: 0.074
A63: Un.Serv. | B63: 12 | C63: 098 | D63: San Pedro | E63: 607570 | F63: 1 | G63: 0098DC0705 | H63: Oficial | I63: CENTRO DE EDUCACIÓN PRIMARIA DE ADULTOS | J63: EXTENSION | K63: 0098DE0701 | L63: CENTRO DE ADULTOS Nº705/01 | M63: Urbano | N63: No | O63: Educación de Jóvenes y Adultos | P63: Nivel Primario | Q63: 47 | R63: 3 | S63: 0 | T63: Prim. NO EPA | V63: =+IF(U63="","",IF(U63="FINES",CONCATENATE("R",IF(OR(B63="16",B63="21",B63="22",B63="23"),"16212223",IF(OR(B63="15",B63="17",B63="24",B63="25"),"15172425",B63))),IF(U63="CEBAS","UNICO",IF(VALUE(B63)<=11,"AMBA","INTERIOR")))) | W63: =+IF(U63="","-",CONCATENATE(U63,"_",V63)) -> - | X63: 0.075
A64: Un.Serv. | B64: 02 | C64: 111 | D64: Lanús | E64: 604353 | F64: 1 | G64: 0111DC0719 | H64: Oficial | I64: CENTRO DE EDUCACIÓN PRIMARIA DE ADULTOS | J64: EXTENSION | K64: 0111DE0706 | L64: CENTRO DE ADULTOS Nº719/06 | M64: Urbano | N64: No | O64: Educación de Jóvenes y Adultos | P64: Nivel Primario | Q64: 14 | R64: 1 | S64: 0 | T64: Prim. NO EPA | V64: =+IF(U64="","",IF(U64="FINES",CONCATENATE("R",IF(OR(B64="16",B64="21",B64="22",B64="23"),"16212223",IF(OR(B64="15",B64="17",B64="24",B64="25"),"15172425",B64))),IF(U64="CEBAS","UNICO",IF(VALUE(B64)<=11,"AMBA","INTERIOR")))) | W64: =+IF(U64="","-",CONCATENATE(U64,"_",V64)) -> - | X64: 0.078
A65: Un.Serv. | B65: 12 | C65: 086 | D65: Ramallo | E65: 612022 | F65: 0 | G65: 0086DC0706 | H65: Oficial | I65: CENTRO DE EDUCACIÓN PRIMARIA DE ADULTOS | J65: SEDE | L65: CENTRO DE ADULTOS Nº706 | M65: Urbano | N65: No | O65: Educación de Jóvenes y Adultos | P65: Nivel Primario | Q65: 15 | R65: 1 | S65: 0 | T65: Prim. NO EPA | V65: =+IF(U65="","",IF(U65="FINES",CONCATENATE("R",IF(OR(B65="16",B65="21",B65="22",B65="23"),"16212223",IF(OR(B65="15",B65="17",B65="24",B65="25"),"15172425",B65))),IF(U65="CEBAS","UNICO",IF(VALUE(B65)<=11,"AMBA","INTERIOR")))) | W65: =+IF(U65="","-",CONCATENATE(U65,"_",V65)) -> - | X65: 0.08
A66: Un.Serv. | B66: 15 | C66: 017 | D66: Carlos Casares | E66: 604802 | F66: 1 | G66: 0017DC0704 | H66: Oficial | I66: CENTRO DE EDUCACIÓN PRIMARIA DE ADULTOS | J66: EXTENSION | K66: 0017DE0701 | L66: CENTRO DE ADULTOS Nº704/01 | M66: Urbano | N66: No | O66: Educación de Jóvenes y Adultos | P66: Nivel Primario | Q66: 12 | R66: 1 | S66: 0 | T66: Prim. NO EPA | V66: =+IF(U66="","",IF(U66="FINES",CONCATENATE("R",IF(OR(B66="16",B66="21",B66="22",B66="23"),"16212223",IF(OR(B66="15",B66="17",B66="24",B66="25"),"15172425",B66))),IF(U66="CEBAS","UNICO",IF(VALUE(B66)<=11,"AMBA","INTERIOR")))) | W66: =+IF(U66="","-",CONCATENATE(U66,"_",V66)) -> - | X66: 0.081
A67: Un.Serv. | B67: 02 | C67: 062 | D67: Lomas de Zamora | E67: 608161 | F67: 2 | G67: 0062DC0715 | H67: Oficial | I67: CENTRO DE EDUCACIÓN PRIMARIA DE ADULTOS | J67: EXTENSION | K67: 0062DE0704 | L67: CENTRO DE ADULTOS Nº715/04 | M67: Urbano | N67: No | O67: Educación de Jóvenes y Adultos | P67: Nivel Primario | Q67: 20 | R67: 2 | S67: 0 | T67: Prim. NO EPA | V67: =+IF(U67="","",IF(U67="FINES",CONCATENATE("R",IF(OR(B67="16",B67="21",B67="22",B67="23"),"16212223",IF(OR(B67="15",B67="17",B67="24",B67="25"),"15172425",B67))),IF(U67="CEBAS","UNICO",IF(VALUE(B67)<=11,"AMBA","INTERIOR")))) | W67: =+IF(U67="","-",CONCATENATE(U67,"_",V67)) -> - | X67: 0.084
A68: Un.Serv. | B68: 05 | C68: 004 | D68: Almirante Brown | E68: 613498 | F68: 2 | G68: 0004DC0737 | H68: Oficial | I68: CENTRO DE EDUCACIÓN PRIMARIA DE ADULTOS | J68: EXTENSION | K68: 0004DE0709 | L68: CENTRO DE ADULTOS Nº737/09 | M68: Urbano | N68: No | O68: Educación de Jóvenes y Adultos | P68: Nivel Primario | Q68: 25 | R68: 2 | S68: 0 | T68: Prim. NO EPA | V68: =+IF(U68="","",IF(U68="FINES",CONCATENATE("R",IF(OR(B68="16",B68="21",B68="22",B68="23"),"16212223",IF(OR(B68="15",B68="17",B68="24",B68="25"),"15172425",B68))),IF(U68="CEBAS","UNICO",IF(VALUE(B68)<=11,"AMBA","INTERIOR")))) | W68: =+IF(U68="","-",CONCATENATE(U68,"_",V68)) -> - | X68: 0.084
A69: Un.Serv. | B69: 02 | C69: 111 | D69: Lanús | E69: 605130 | F69: 2 | G69: 0111DC0721 | H69: Oficial | I69: CENTRO DE EDUCACIÓN PRIMARIA DE ADULTOS | J69: EXTENSION | K69: 0111DE0702 | L69: CENTRO DE ADULTOS Nº721/02 | M69: Urbano | N69: No | O69: Educación de Jóvenes y Adultos | P69: Nivel Primario | Q69: 32 | R69: 2 | S69: 0 | T69: Prim. NO EPA | V69: =+IF(U69="","",IF(U69="FINES",CONCATENATE("R",IF(OR(B69="16",B69="21",B69="22",B69="23"),"16212223",IF(OR(B69="15",B69="17",B69="24",B69="25"),"15172425",B69))),IF(U69="CEBAS","UNICO",IF(VALUE(B69)<=11,"AMBA","INTERIOR")))) | W69: =+IF(U69="","-",CONCATENATE(U69,"_",V69)) -> - | X69: 0.085
A70: Un.Serv. | B70: 04 | C70: 085 | D70: Quilmes | E70: 614435 | F70: 0 | G70: 0085DA0152 | H70: Oficial | I70: CENTRO DE ALFABETIZACIÓN | J70: SEDE | L70: CENTRO DE ALFABETIZACIÓN N°152 SOCIEDAD DE FOMENTO PEDRO NEGRUSSI | M70: Urbano | N70: No | O70: Educación de Jóvenes y Adultos | P70: Nivel Primario | Q70: 11 | R70: 1 | S70: 0 | T70: Prim. NO EPA | V70: =+IF(U70="","",IF(U70="FINES",CONCATENATE("R",IF(OR(B70="16",B70="21",B70="22",B70="23"),"16212223",IF(OR(B70="15",B70="17",B70="24",B70="25"),"15172425",B70))),IF(U70="CEBAS","UNICO",IF(VALUE(B70)<=11,"AMBA","INTERIOR")))) | W70: =+IF(U70="","-",CONCATENATE(U70,"_",V70)) -> - | X70: 0.085
A71: Un.Serv. | B71: 20 | C71: 060 | D71: Lobería | E71: 600689 | F71: 0 | G71: 0060DC0704 | H71: Oficial | I71: CENTRO DE EDUCACIÓN PRIMARIA DE ADULTOS | J71: SEDE | L71: CENTRO DE ADULTOS Nº704 | M71: Rural Disperso | N71: No | O71: Educación de Jóvenes y Adultos | P71: Nivel Primario | Q71: 30 | R71: 1 | S71: 0 | T71: Prim. NO EPA | V71: =+IF(U71="","",IF(U71="FINES",CONCATENATE("R",IF(OR(B71="16",B71="21",B71="22",B71="23"),"16212223",IF(OR(B71="15",B71="17",B71="24",B71="25"),"15172425",B71))),IF(U71="CEBAS","UNICO",IF(VALUE(B71)<=11,"AMBA","INTERIOR")))) | W71: =+IF(U71="","-",CONCATENATE(U71,"_",V71)) -> - | X71: 0.085
A72: Un.Serv. | B72: 23 | C72: 051 | D72: Guaminí | E72: 604820 | F72: 0 | G72: 0051DC0703 | H72: Oficial | I72: CENTRO DE EDUCACIÓN PRIMARIA DE ADULTOS | J72: SEDE | L72: CENTRO DE ADULTOS Nº703 "LUIS BERNASCONI" | M72: Urbano | N72: No | O72: Educación de Jóvenes y Adultos | P72: Nivel Primario | Q72: 10 | R72: 1 | S72: 0 | T72: Prim. NO EPA | V72: =+IF(U72="","",IF(U72="FINES",CONCATENATE("R",IF(OR(B72="16",B72="21",B72="22",B72="23"),"16212223",IF(OR(B72="15",B72="17",B72="24",B72="25"),"15172425",B72))),IF(U72="CEBAS","UNICO",IF(VALUE(B72)<=11,"AMBA","INTERIOR")))) | W72: =+IF(U72="","-",CONCATENATE(U72,"_",V72)) -> - | X72: 0.086
A73: Un.Serv. | B73: 12 | C73: 097 | D73: San Nicolás | E73: 604559 | F73: 1 | G73: 0097DC0705 | H73: Oficial | I73: CENTRO DE EDUCACIÓN PRIMARIA DE ADULTOS | J73: EXTENSION | K73: 0097DE0703 | L73: CENTRO DE ADULTOS Nº705/03 | M73: Urbano | N73: No | O73: Educación de Jóvenes y Adultos | P73: Nivel Primario | Q73: 30 | R73: 1 | S73: 0 | T73: Prim. NO EPA | V73: =+IF(U73="","",IF(U73="FINES",CONCATENATE("R",IF(OR(B73="16",B73="21",B73="22",B73="23"),"16212223",IF(OR(B73="15",B73="17",B73="24",B73="25"),"15172425",B73))),IF(U73="CEBAS","UNICO",IF(VALUE(B73)<=11,"AMBA","INTERIOR")))) | W73: =+IF(U73="","-",CONCATENATE(U73,"_",V73)) -> - | X73: 0.087
A74: Un.Serv. | B74: 09 | C74: 131 | D74: San Miguel | E74: 614092 | F74: 1 | G74: 0131DC0709 | H74: Oficial | I74: CENTRO DE EDUCACIÓN PRIMARIA DE ADULTOS | J74: EXTENSION | K74: 0131DE0704 | L74: CENTRO DE ADULTOS Nº709 | M74: Urbano | N74: No | O74: Educación de Jóvenes y Adultos | P74: Nivel Primario | Q74: 38 | R74: 2 | S74: 0 | T74: Prim. NO EPA | V74: =+IF(U74="","",IF(U74="FINES",CONCATENATE("R",IF(OR(B74="16",B74="21",B74="22",B74="23"),"16212223",IF(OR(B74="15",B74="17",B74="24",B74="25"),"15172425",B74))),IF(U74="CEBAS","UNICO",IF(VALUE(B74)<=11,"AMBA","INTERIOR")))) | W74: =+IF(U74="","-",CONCATENATE(U74,"_",V74)) -> - | X74: 0.093
A75: Un.Serv. | B75: 06 | C75: 095 | D75: San Fernando | E75: 607654 | F75: 2 | G75: 0095DC0710 | H75: Oficial | I75: CENTRO DE EDUCACIÓN PRIMARIA DE ADULTOS | J75: EXTENSION | K75: 0095DE0703 | L75: CENTRO DE ADULTOS Nº710/03 | M75: Urbano | N75: No | O75: Educación de Jóvenes y Adultos | P75: Nivel Primario | Q75: 27 | R75: 2 | S75: 0 | T75: Prim. NO EPA | V75: =+IF(U75="","",IF(U75="FINES",CONCATENATE("R",IF(OR(B75="16",B75="21",B75="22",B75="23"),"16212223",IF(OR(B75="15",B75="17",B75="24",B75="25"),"15172425",B75))),IF(U75="CEBAS","UNICO",IF(VALUE(B75)<=11,"AMBA","INTERIOR")))) | W75: =+IF(U75="","-",CONCATENATE(U75,"_",V75)) -> - | X75: 0.093
A76: Un.Serv. | B76: 22 | C76: 008 | D76: Bahía Blanca | E76: 605439 | F76: 3 | G76: 0008DC0726 | H76: Oficial | I76: CENTRO DE EDUCACIÓN PRIMARIA DE ADULTOS | J76: EXTENSION | K76: 0008DE0705 | L76: CENTRO DE ADULTOS Nº726/05 | M76: Urbano | N76: No | O76: Educación de Jóvenes y Adultos | P76: Nivel Primario | Q76: 44 | R76: 3 | S76: 0 | T76: Prim. NO EPA | V76: =+IF(U76="","",IF(U76="FINES",CONCATENATE("R",IF(OR(B76="16",B76="21",B76="22",B76="23"),"16212223",IF(OR(B76="15",B76="17",B76="24",B76="25"),"15172425",B76))),IF(U76="CEBAS","UNICO",IF(VALUE(B76)<=11,"AMBA","INTERIOR")))) | W76: =+IF(U76="","-",CONCATENATE(U76,"_",V76)) -> - | X76: 0.094
A77: Un.Serv. | B77: 02 | C77: 005 | D77: Avellaneda | E77: 604305 | F77: 1 | G77: 0005DC0717 | H77: Oficial | I77: CENTRO DE EDUCACIÓN PRIMARIA DE ADULTOS | J77: EXTENSION | K77: 0005DE0705 | L77: CENTRO DE ADULTOS Nº717/05 | M77: Urbano | N77: No | O77: Educación de Jóvenes y Adultos | P77: Nivel Primario | Q77: 31 | R77: 3 | S77: 0 | T77: Prim. NO EPA | V77: =+IF(U77="","",IF(U77="FINES",CONCATENATE("R",IF(OR(B77="16",B77="21",B77="22",B77="23"),"16212223",IF(OR(B77="15",B77="17",B77="24",B77="25"),"15172425",B77))),IF(U77="CEBAS","UNICO",IF(VALUE(B77)<=11,"AMBA","INTERIOR")))) | W77: =+IF(U77="","-",CONCATENATE(U77,"_",V77)) -> - | X77: 0.094
A78: Un.Serv. | B78: 06 | C78: 095 | D78: San Fernando | E78: 600843 | F78: 2 | G78: 0095DC0707 | H78: Oficial | I78: CENTRO DE EDUCACIÓN PRIMARIA DE ADULTOS | J78: EXTENSION | K78: 0095DE0701 | L78: CENTRO DE ADULTOS Nº707/04 | M78: Urbano | N78: No | O78: Educación de Jóvenes y Adultos | P78: Nivel Primario | Q78: 10 | R78: 1 | S78: 0 | T78: Prim. NO EPA | V78: =+IF(U78="","",IF(U78="FINES",CONCATENATE("R",IF(OR(B78="16",B78="21",B78="22",B78="23"),"16212223",IF(OR(B78="15",B78="17",B78="24",B78="25"),"15172425",B78))),IF(U78="CEBAS","UNICO",IF(VALUE(B78)<=11,"AMBA","INTERIOR")))) | W78: =+IF(U78="","-",CONCATENATE(U78,"_",V78)) -> - | X78: 0.095
A79: Un.Serv. | B79: 22 | C79: 008 | D79: Bahía Blanca | E79: 602486 | F79: 2 | G79: 0008DC0709 | H79: Oficial | I79: CENTRO DE EDUCACIÓN PRIMARIA DE ADULTOS | J79: EXTENSION | K79: 0008DC0721 | L79: CENTRO DE ADULTOS Nº709 "PASO DE LOS CUATREROS" | M79: Urbano | N79: No | O79: Educación de Jóvenes y Adultos | P79: Nivel Primario | Q79: 42 | R79: 3 | S79: 0 | T79: Prim. NO EPA | V79: =+IF(U79="","",IF(U79="FINES",CONCATENATE("R",IF(OR(B79="16",B79="21",B79="22",B79="23"),"16212223",IF(OR(B79="15",B79="17",B79="24",B79="25"),"15172425",B79))),IF(U79="CEBAS","UNICO",IF(VALUE(B79)<=11,"AMBA","INTERIOR")))) | W79: =+IF(U79="","-",CONCATENATE(U79,"_",V79)) -> - | X79: 0.095
A80: Un.Serv. | B80: 05 | C80: 004 | D80: Almirante Brown | E80: 613498 | F80: 1 | G80: 0004DC0725 | H80: Oficial | I80: CENTRO DE EDUCACIÓN PRIMARIA DE ADULTOS | J80: EXTENSION | K80: 0004DE0709 | L80: CENTRO DE ADULTOS Nº725/09 | M80: Urbano | N80: No | O80: Educación de Jóvenes y Adultos | P80: Nivel Primario | Q80: 16 | R80: 1 | S80: 0 | T80: Prim. NO EPA | V80: =+IF(U80="","",IF(U80="FINES",CONCATENATE("R",IF(OR(B80="16",B80="21",B80="22",B80="23"),"16212223",IF(OR(B80="15",B80="17",B80="24",B80="25"),"15172425",B80))),IF(U80="CEBAS","UNICO",IF(VALUE(B80)<=11,"AMBA","INTERIOR")))) | W80: =+IF(U80="","-",CONCATENATE(U80,"_",V80)) -> - | X80: 0.095
A81: Un.Serv. | B81: 23 | C81: 105 | D81: Tornquist | E81: 604971 | F81: 0 | G81: 0105DC0701 | H81: Oficial | I81: CENTRO DE EDUCACIÓN PRIMARIA DE ADULTOS | J81: SEDE | L81: CENTRO DE ADULTOS Nº701 "FRAGATA SARMIENTO" | M81: Urbano | N81: No | O81: Educación de Jóvenes y Adultos | P81: Nivel Primario | Q81: 37 | R81: 4 | S81: 0 | T81: Prim. NO EPA | V81: =+IF(U81="","",IF(U81="FINES",CONCATENATE("R",IF(OR(B81="16",B81="21",B81="22",B81="23"),"16212223",IF(OR(B81="15",B81="17",B81="24",B81="25"),"15172425",B81))),IF(U81="CEBAS","UNICO",IF(VALUE(B81)<=11,"AMBA","INTERIOR")))) | W81: =+IF(U81="","-",CONCATENATE(U81,"_",V81)) -> - | X81: 0.095
A82: Un.Serv. | B82: 03 | C82: 069 | D82: La Matanza | E82: 610535 | F82: 2 | G82: 0069DC0750 | H82: Oficial | I82: CENTRO DE EDUCACIÓN PRIMARIA DE ADULTOS | J82: EXTENSION | K82: 0069DE0724 | L82: CENTRO DE ADULTOS Nº750/24 | M82: Urbano | N82: No | O82: Educación de Jóvenes y Adultos | P82: Nivel Primario | Q82: 38 | R82: 2 | S82: 0 | T82: Prim. NO EPA | V82: =+IF(U82="","",IF(U82="FINES",CONCATENATE("R",IF(OR(B82="16",B82="21",B82="22",B82="23"),"16212223",IF(OR(B82="15",B82="17",B82="24",B82="25"),"15172425",B82))),IF(U82="CEBAS","UNICO",IF(VALUE(B82)<=11,"AMBA","INTERIOR")))) | W82: =+IF(U82="","-",CONCATENATE(U82,"_",V82)) -> - | X82: 0.096
A83: Un.Serv. | B83: 04 | C83: 085 | D83: Quilmes | E83: 613653 | F83: 1 | G83: 0085DC0711 | H83: Oficial | I83: CENTRO DE EDUCACIÓN PRIMARIA DE ADULTOS | J83: EXTENSION | K83: 0085DE0707 | L83: CENTRO DE ADULTOS Nº711/07 | M83: Urbano | N83: No | O83: Educación de Jóvenes y Adultos | P83: Nivel Primario | Q83: 15 | R83: 1 | S83: 0 | T83: Prim. NO EPA | V83: =+IF(U83="","",IF(U83="FINES",CONCATENATE("R",IF(OR(B83="16",B83="21",B83="22",B83="23"),"16212223",IF(OR(B83="15",B83="17",B83="24",B83="25"),"15172425",B83))),IF(U83="CEBAS","UNICO",IF(VALUE(B83)<=11,"AMBA","INTERIOR")))) | W83: =+IF(U83="","-",CONCATENATE(U83,"_",V83)) -> - | X83: 0.096
A84: Un.Serv. | B84: 20 | C84: 102 | D84: Tandil | E84: 604248 | F84: 2 | G84: 0102DC0710 | H84: Oficial | I84: CENTRO DE EDUCACIÓN PRIMARIA DE ADULTOS | J84: EXTENSION | K84: 0102DE0702 | L84: CENTRO DE ADULTOS Nº710 | M84: Urbano | N84: No | O84: Educación de Jóvenes y Adultos | P84: Nivel Primario | Q84: 12 | R84: 1 | S84: 0 | T84: Prim. NO EPA | V84: =+IF(U84="","",IF(U84="FINES",CONCATENATE("R",IF(OR(B84="16",B84="21",B84="22",B84="23"),"16212223",IF(OR(B84="15",B84="17",B84="24",B84="25"),"15172425",B84))),IF(U84="CEBAS","UNICO",IF(VALUE(B84)<=11,"AMBA","INTERIOR")))) | W84: =+IF(U84="","-",CONCATENATE(U84,"_",V84)) -> - | X84: 0.097
A85: Un.Serv. | B85: 11 | C85: 116 | D85: Escobar | E85: 613714 | F85: 1 | G85: 0116DC0704 | H85: Oficial | I85: CENTRO DE EDUCACIÓN PRIMARIA DE ADULTOS | J85: EXTENSION | K85: 0116DE0705 | L85: CENTRO DE ADULTOS Nº704 | M85: Urbano | N85: No | O85: Educación de Jóvenes y Adultos | P85: Nivel Primario | Q85: 31 | R85: 2 | S85: 0 | T85: Prim. NO EPA | V85: =+IF(U85="","",IF(U85="FINES",CONCATENATE("R",IF(OR(B85="16",B85="21",B85="22",B85="23"),"16212223",IF(OR(B85="15",B85="17",B85="24",B85="25"),"15172425",B85))),IF(U85="CEBAS","UNICO",IF(VALUE(B85)<=11,"AMBA","INTERIOR")))) | W85: =+IF(U85="","-",CONCATENATE(U85,"_",V85)) -> - | X85: 0.097
A86: Un.Serv. | B86: 10 | C86: 063 | D86: Luján | E86: 613586 | F86: 3 | G86: 0063DC0708 | H86: Oficial | I86: CENTRO DE EDUCACIÓN PRIMARIA DE ADULTOS | J86: EXTENSION | K86: 0063DE0701 | L86: CENTRO DE ADULTOS Nº708 | M86: Urbano | N86: No | O86: Educación de Jóvenes y Adultos | P86: Nivel Primario | Q86: 28 | R86: 2 | S86: 0 | T86: Prim. NO EPA | V86: =+IF(U86="","",IF(U86="FINES",CONCATENATE("R",IF(OR(B86="16",B86="21",B86="22",B86="23"),"16212223",IF(OR(B86="15",B86="17",B86="24",B86="25"),"15172425",B86))),IF(U86="CEBAS","UNICO",IF(VALUE(B86)<=11,"AMBA","INTERIOR")))) | W86: =+IF(U86="","-",CONCATENATE(U86,"_",V86)) -> - | X86: 0.102
A87: Un.Serv. | B87: 01 | C87: 113 | D87: Berisso | E87: 602986 | F87: 0 | G87: 0113DC0706 | H87: Oficial | I87: CENTRO DE EDUCACIÓN PRIMARIA DE ADULTOS | J87: SEDE | L87: CENTRO DE ADULTOS Nº706 | M87: Urbano | N87: No | O87: Educación de Jóvenes y Adultos | P87: Nivel Primario | Q87: 39 | R87: 2 | S87: 0 | T87: Prim. NO EPA | V87: =+IF(U87="","",IF(U87="FINES",CONCATENATE("R",IF(OR(B87="16",B87="21",B87="22",B87="23"),"16212223",IF(OR(B87="15",B87="17",B87="24",B87="25"),"15172425",B87))),IF(U87="CEBAS","UNICO",IF(VALUE(B87)<=11,"AMBA","INTERIOR")))) | W87: =+IF(U87="","-",CONCATENATE(U87,"_",V87)) -> - | X87: 0.103
A88: Un.Serv. | B88: 13 | C88: 066 | D88: Salto | E88: 601449 | F88: 1 | G88: 0066DC0702 | H88: Oficial | I88: CENTRO DE EDUCACIÓN PRIMARIA DE ADULTOS | J88: EXTENSION | K88: 0066DE0701 | L88: CENTRO DE ADULTOS Nº702/01 | M88: Urbano | N88: No | O88: Educación de Jóvenes y Adultos | P88: Nivel Primario | Q88: 20 | R88: 2 | S88: 0 | T88: Prim. NO EPA | V88: =+IF(U88="","",IF(U88="FINES",CONCATENATE("R",IF(OR(B88="16",B88="21",B88="22",B88="23"),"16212223",IF(OR(B88="15",B88="17",B88="24",B88="25"),"15172425",B88))),IF(U88="CEBAS","UNICO",IF(VALUE(B88)<=11,"AMBA","INTERIOR")))) | W88: =+IF(U88="","-",CONCATENATE(U88,"_",V88)) -> - | X88: 0.106
A89: Un.Serv. | B89: 01 | C89: 113 | D89: Berisso | E89: 602842 | F89: 0 | G89: 0113DC0712 | H89: Oficial | I89: CENTRO DE EDUCACIÓN PRIMARIA DE ADULTOS | J89: SEDE | L89: CENTRO DE ADULTOS Nº712 | M89: Urbano | N89: No | O89: Educación de Jóvenes y Adultos | P89: Nivel Primario | Q89: 57 | R89: 3 | S89: 0 | T89: Prim. NO EPA | V89: =+IF(U89="","",IF(U89="FINES",CONCATENATE("R",IF(OR(B89="16",B89="21",B89="22",B89="23"),"16212223",IF(OR(B89="15",B89="17",B89="24",B89="25"),"15172425",B89))),IF(U89="CEBAS","UNICO",IF(VALUE(B89)<=11,"AMBA","INTERIOR")))) | W89: =+IF(U89="","-",CONCATENATE(U89,"_",V89)) -> - | X89: 0.106
A90: Un.Serv. | B90: 05 | C90: 030 | D90: Esteban Echeverría | E90: 602617 | F90: 3 | G90: 0030DC0708 | H90: Oficial | I90: CENTRO DE EDUCACIÓN PRIMARIA DE ADULTOS | J90: EXTENSION | K90: 0030DE0702 | L90: CENTRO DE ADULTOS Nº708/02 | M90: Urbano | N90: No | O90: Educación de Jóvenes y Adultos | P90: Nivel Primario | Q90: 16 | R90: 3 | S90: 0 | T90: Prim. NO EPA | V90: =+IF(U90="","",IF(U90="FINES",CONCATENATE("R",IF(OR(B90="16",B90="21",B90="22",B90="23"),"16212223",IF(OR(B90="15",B90="17",B90="24",B90="25"),"15172425",B90))),IF(U90="CEBAS","UNICO",IF(VALUE(B90)<=11,"AMBA","INTERIOR")))) | W90: =+IF(U90="","-",CONCATENATE(U90,"_",V90)) -> - | X90: 0.107
A91: Un.Serv. | B91: 24 | C91: 061 | D91: Lobos | E91: 607974 | F91: 3 | G91: 0061DC0704 | H91: Oficial | I91: CENTRO DE EDUCACIÓN PRIMARIA DE ADULTOS | J91: EXTENSION | K91: 0061DE0701 | L91: CENTRO DE ADULTOS Nº704/01 | M91: Urbano | N91: No | O91: Educación de Jóvenes y Adultos | P91: Nivel Primario | Q91: 35 | R91: 2 | S91: 0 | T91: Prim. NO EPA | V91: =+IF(U91="","",IF(U91="FINES",CONCATENATE("R",IF(OR(B91="16",B91="21",B91="22",B91="23"),"16212223",IF(OR(B91="15",B91="17",B91="24",B91="25"),"15172425",B91))),IF(U91="CEBAS","UNICO",IF(VALUE(B91)<=11,"AMBA","INTERIOR")))) | W91: =+IF(U91="","-",CONCATENATE(U91,"_",V91)) -> - | X91: 0.11
A92: Un.Serv. | B92: 22 | C92: 008 | D92: Bahía Blanca | E92: 605440 | F92: 3 | G92: 0008DC0715 | H92: Oficial | I92: CENTRO DE EDUCACIÓN PRIMARIA DE ADULTOS | J92: EXTENSION | K92: 0008DE0702 | L92: CENTRO DE ADULTOS Nº715/02 | M92: Urbano | N92: No | O92: Educación de Jóvenes y Adultos | P92: Nivel Primario | Q92: 35 | R92: 3 | S92: 0 | T92: Prim. NO EPA | V92: =+IF(U92="","",IF(U92="FINES",CONCATENATE("R",IF(OR(B92="16",B92="21",B92="22",B92="23"),"16212223",IF(OR(B92="15",B92="17",B92="24",B92="25"),"15172425",B92))),IF(U92="CEBAS","UNICO",IF(VALUE(B92)<=11,"AMBA","INTERIOR")))) | W92: =+IF(U92="","-",CONCATENATE(U92,"_",V92)) -> - | X92: 0.111
A93: Un.Serv. | B93: 19 | C93: 043 | D93: General Pueyrredón | E93: 609273 | F93: 2 | G93: 0043DC0725 | H93: Oficial | I93: CENTRO DE EDUCACIÓN PRIMARIA DE ADULTOS | J93: EXTENSION | K93: 0043DE0704 | L93: CENTRO DE ADULTOS Nº725/04 | M93: Urbano | N93: Sí | O93: Educación de Jóvenes y Adultos | P93: Nivel Primario | Q93: 45 | R93: 4 | S93: 0 | T93: Prim. NO EPA | V93: =+IF(U93="","",IF(U93="FINES",CONCATENATE("R",IF(OR(B93="16",B93="21",B93="22",B93="23"),"16212223",IF(OR(B93="15",B93="17",B93="24",B93="25"),"15172425",B93))),IF(U93="CEBAS","UNICO",IF(VALUE(B93)<=11,"AMBA","INTERIOR")))) | W93: =+IF(U93="","-",CONCATENATE(U93,"_",V93)) -> - | X93: 0.111
A94: Un.Serv. | B94: 14 | C94: 053 | D94: Junín | E94: 604293 | F94: 2 | G94: 0053DC0706 | H94: Oficial | I94: CENTRO DE EDUCACIÓN PRIMARIA DE ADULTOS | J94: EXTENSION | K94: 0053DE0701 | L94: CENTRO DE ADULTOS Nº706 | M94: Urbano | N94: No | O94: Educación de Jóvenes y Adultos | P94: Nivel Primario | Q94: 7 | R94: 1 | S94: 0 | T94: Prim. NO EPA | V94: =+IF(U94="","",IF(U94="FINES",CONCATENATE("R",IF(OR(B94="16",B94="21",B94="22",B94="23"),"16212223",IF(OR(B94="15",B94="17",B94="24",B94="25"),"15172425",B94))),IF(U94="CEBAS","UNICO",IF(VALUE(B94)<=11,"AMBA","INTERIOR")))) | W94: =+IF(U94="","-",CONCATENATE(U94,"_",V94)) -> - | X94: 0.112
A95: Un.Serv. | B95: 07 | C95: 117 | D95: Tres de Febrero | E95: 605775 | F95: 0 | G95: 4117MS4923 | H95: Privada | I95: ESCUELA DE EDUCACIÓN SECUNDARIA | J95: SEDE | L95: INSTITUTO SECUNDARIO MARTÍN CORONADO | M95: Urbano | N95: No | O95: Educación de Jóvenes y Adultos | P95: Nivel Secundario | Q95: 81 | R95: 8 | S95: 0 | T95: No Oficial | V95: =+IF(U95="","",IF(U95="FINES",CONCATENATE("R",IF(OR(B95="16",B95="21",B95="22",B95="23"),"16212223",IF(OR(B95="15",B95="17",B95="24",B95="25"),"15172425",B95))),IF(U95="CEBAS","UNICO",IF(VALUE(B95)<=11,"AMBA","INTERIOR")))) | W95: =+IF(U95="","-",CONCATENATE(U95,"_",V95)) -> - | X95: 0.113
A96: Un.Serv. | B96: 05 | C96: 004 | D96: Almirante Brown | E96: 613492 | F96: 1 | G96: 0004DC0721 | H96: Oficial | I96: CENTRO DE EDUCACIÓN PRIMARIA DE ADULTOS | J96: EXTENSION | K96: 0004DE0706 | L96: CENTRO DE ADULTOS Nº721/06 | M96: Urbano | N96: No | O96: Educación de Jóvenes y Adultos | P96: Nivel Primario | Q96: 36 | R96: 2 | S96: 0 | T96: Prim. NO EPA | V96: =+IF(U96="","",IF(U96="FINES",CONCATENATE("R",IF(OR(B96="16",B96="21",B96="22",B96="23"),"16212223",IF(OR(B96="15",B96="17",B96="24",B96="25"),"15172425",B96))),IF(U96="CEBAS","UNICO",IF(VALUE(B96)<=11,"AMBA","INTERIOR")))) | W96: =+IF(U96="","-",CONCATENATE(U96,"_",V96)) -> - | X96: 0.113
A97: Un.Serv. | B97: 13 | C97: 019 | D97: Carmen de Areco | E97: 606895 | F97: 2 | G97: 0019DC0703 | H97: Oficial | I97: CENTRO DE EDUCACIÓN PRIMARIA DE ADULTOS | J97: EXTENSION | K97: 0019DE0701 | L97: CENTRO DE EDUCACIÓN DE ADULTOS Nº703/01 | M97: Rural Agrupado | N97: No | O97: Educación de Jóvenes y Adultos | P97: Nivel Primario | Q97: 6 | R97: 1 | S97: 0 | T97: Prim. NO EPA | V97: =+IF(U97="","",IF(U97="FINES",CONCATENATE("R",IF(OR(B97="16",B97="21",B97="22",B97="23"),"16212223",IF(OR(B97="15",B97="17",B97="24",B97="25"),"15172425",B97))),IF(U97="CEBAS","UNICO",IF(VALUE(B97)<=11,"AMBA","INTERIOR")))) | W97: =+IF(U97="","-",CONCATENATE(U97,"_",V97)) -> - | X97: 0.113
A98: Un.Serv. | B98: 19 | C98: 043 | D98: General Pueyrredón | E98: 600256 | F98: 3 | G98: 0043DC0737 | H98: Oficial | I98: CENTRO DE EDUCACIÓN PRIMARIA DE ADULTOS | J98: EXTENSION | K98: 0043DE0729 | L98: CENTRO DE ADULTOS Nº737/9 | M98: Urbano | N98: No | O98: Educación de Jóvenes y Adultos | P98: Nivel Primario | Q98: 24 | R98: 2 | S98: 0 | T98: Prim. NO EPA | V98: =+IF(U98="","",IF(U98="FINES",CONCATENATE("R",IF(OR(B98="16",B98="21",B98="22",B98="23"),"16212223",IF(OR(B98="15",B98="17",B98="24",B98="25"),"15172425",B98))),IF(U98="CEBAS","UNICO",IF(VALUE(B98)<=11,"AMBA","INTERIOR")))) | W98: =+IF(U98="","-",CONCATENATE(U98,"_",V98)) -> - | X98: 0.116
A99: Un.Serv. | B99: 04 | C99: 032 | D99: Florencio Varela | E99: 608481 | F99: 1 | G99: 0032DC0714 | H99: Oficial | I99: CENTRO DE EDUCACIÓN PRIMARIA DE ADULTOS | J99: EXTENSION | K99: 0032DE0704 | L99: CENTRO DE ADULTOS Nº714/04 | M99: Urbano | N99: No | O99: Educación de Jóvenes y Adultos | P99: Nivel Primario | Q99: 22 | R99: 2 | S99: 0 | T99: Prim. NO EPA | V99: =+IF(U99="","",IF(U99="FINES",CONCATENATE("R",IF(OR(B99="16",B99="21",B99="22",B99="23"),"16212223",IF(OR(B99="15",B99="17",B99="24",B99="25"),"15172425",B99))),IF(U99="CEBAS","UNICO",IF(VALUE(B99)<=11,"AMBA","INTERIOR")))) | W99: =+IF(U99="","-",CONCATENATE(U99,"_",V99)) -> - | X99: 0.118
A100: Un.Serv. | B100: 14 | C100: 026 | D100: Chacabuco | E100: 608058 | F100: 2 | G100: 0026DC0705 | H100: Oficial | I100: CENTRO DE EDUCACIÓN PRIMARIA DE ADULTOS | J100: EXTENSION | K100: 0026DE0701 | L100: CENTRO DE ADULTOS Nº705 | M100: Urbano | N100: No | O100: Educación de Jóvenes y Adultos | P100: Nivel Primario | Q100: 35 | R100: 3 | S100: 0 | T100: Prim. NO EPA | V100: =+IF(U100="","",IF(U100="FINES",CONCATENATE("R",IF(OR(B100="16",B100="21",B100="22",B100="23"),"16212223",IF(OR(B100="15",B100="17",B100="24",B100="25"),"15172425",B100))),IF(U100="CEBAS","UNICO",IF(VALUE(B100)<=11,"AMBA","INTERIOR")))) | W100: =+IF(U100="","-",CONCATENATE(U100,"_",V100)) -> - | X100: 0.118
...

Sheet Estratos
K1: Oferta | L1: Muestra (estud.) por estrato geográfico | N1: Universo | Q1: Muestra (Aprox.)
B2: unidades | C2: secciones | D2: matrícula | E2: error_% | F2: deff | G2: secciones (5 ExS) | H2: unidades | I2: tamaño muestra (z=90%, p=50%, deff=2) | N2: Unidades de Servicio | O2: Secciones | P2: Estudiantes | Q2: Unidades de Servicio | R2: Secciones | S2: Estudiantes
A3: EPA_AMBA | B3: =+COUNTIF(Nómina!W:W,A3) -> 225 | C3: =+SUMIF(Nómina!W:W,A3,Nómina!R:R) -> 2238 | D3: =+SUMIF(Nómina!W:W,A3,Nómina!Q:Q) -> 31241 | E3: 3 | F3: 2 | G3: =+MIN(C3,I3/5) -> 293.61434 | H3: =MIN(B3,G3/C3*B3) -> 29.518868 | I3: =+(D3*POWER(1.645,2)*(0.5*0.5))/(POWER(E3/100,2)*(D3-1)+POWER(1.645,2)*(0.5*0.5))*F3 -> 1468.0717 | K3: EPA | L3: x Zona (2) | M3: 1500 | N3: =+COUNTIF(Nómina!U:U,Estratos!K3) -> 334 | O3: =+SUMIF(Nómina!U:U,Estratos!K3,Nómina!R:R) -> 2921 | P3: =+SUMIF(Nómina!U:U,Estratos!K3,Nómina!Q:Q) -> 40995 | Q3: =+H3+H4 -> 74.073748 | R3: =+G3+G4 -> 572.79767 | S3: =+I3+I4 -> 2863.9883
A4: EPA_INTERIOR | B4: =+COUNTIF(Nómina!W:W,A4) -> 109 | C4: =+SUMIF(Nómina!W:W,A4,Nómina!R:R) -> 683 | D4: =+SUMIF(Nómina!W:W,A4,Nómina!Q:Q) -> 9754 | E4: 3 | F4: 2 | G4: =+MIN(C4,I4/5) -> 279.18333 | H4: =MIN(B4,G4/C4*B4) -> 44.55488 | I4: =+(D4*POWER(1.645,2)*(0.5*0.5))/(POWER(E4/100,2)*(D4-1)+POWER(1.645,2)*(0.5*0.5))*F4 -> 1395.9167 | K4: CEBAS | L4: Único | M4: 500 | N4: =+COUNTIF(Nómina!U:U,Estratos!K4) -> 20 | O4: =+SUMIF(Nómina!U:U,Estratos!K4,Nómina!R:R) -> 90 | P4: =+SUMIF(Nómina!U:U,Estratos!K4,Nómina!Q:Q) -> 1590 | Q4: =+H5 -> 20 | R4: =+G5 -> 90 | S4: =+I5 -> 765.90839
A5: CEBAS_UNICO | B5: =+COUNTIF(Nómina!W:W,A5) -> 20 | C5: =+SUMIF(Nómina!W:W,A5,Nómina!R:R) -> 90 | D5: =+SUMIF(Nómina!W:W,A5,Nómina!Q:Q) -> 1590 | E5: 3 | F5: 1.5 | G5: =+MIN(C5,I5/5) -> 90 | H5: =MIN(B5,G5/C5*B5) -> 20 | I5: =+(D5*POWER(1.645,2)*(0.5*0.5))/(POWER(E5/100,2)*(D5-1)+POWER(1.645,2)*(0.5*0.5))*F5 -> 765.90839 | K5: CENS | L5: x Zona (2) | M5: 1500 | N5: =+COUNTIF(Nómina!U:U,Estratos!K5) -> 534 | O5: =+SUMIF(Nómina!U:U,Estratos!K5,Nómina!R:R) -> 4404 | P5: =+SUMIF(Nómina!U:U,Estratos!K5,Nómina!Q:Q) -> 80793 | Q5: =+H6+H7 -> 75.005257 | R5: =+G6+G7 -> 587.91427 | S5: =+I6+I7 -> 2939.5714
A6: CENS_AMBA | B6: =+COUNTIF(Nómina!W:W,A6) -> 354 | C6: =+SUMIF(Nómina!W:W,A6,Nómina!R:R) -> 3144 | D6: =+SUMIF(Nómina!W:W,A6,Nómina!Q:Q) -> 57989 | E6: 3 | F6: 2 | G6: =+MIN(C6,I6/5) -> 296.82699 | H6: =MIN(B6,G6/C6*B6) -> 33.421359 | I6: =+(D6*POWER(1.645,2)*(0.5*0.5))/(POWER(E6/100,2)*(D6-1)+POWER(1.645,2)*(0.5*0.5))*F6 -> 1484.1349 | K6: FINES | L6: x Región (17)- Grupo (2) | M6: 370-530 | N6: =+COUNTIF(Nómina!U:U,Estratos!K6) -> 2190 | O6: =+SUMIF(Nómina!U:U,Estratos!K6,Nómina!R:R) -> 3728 | P6: =+SUMIF(Nómina!U:U,Estratos!K6,Nómina!Q:Q) -> 75049 | Q6: =+SUM(H8:H26) -> 911.41662 | R6: =+SUM(G8:G26) -> 1454.6634 | S6: =+SUM(I8:I26) -> 7321.0965
A7: CENS_INTERIOR | B7: =+COUNTIF(Nómina!W:W,A7) -> 180 | C7: =+SUMIF(Nómina!W:W,A7,Nómina!R:R) -> 1260 | D7: =+SUMIF(Nómina!W:W,A7,Nómina!Q:Q) -> 22804 | E7: 3 | F7: 2 | G7: =+MIN(C7,I7/5) -> 291.08729 | H7: =MIN(B7,G7/C7*B7) -> 41.583898 | I7: =+(D7*POWER(1.645,2)*(0.5*0.5))/(POWER(E7/100,2)*(D7-1)+POWER(1.645,2)*(0.5*0.5))*F7 -> 1455.4364 | K7: Total | L7: - | M7: - | N7: =+SUM(N3:N6) -> 3078 | O7: =+SUM(O3:O6) -> 11143 | P7: =+SUM(P3:P6) -> 198427 | Q7: =+SUM(Q3:Q6) -> 1080.4956 | R7: =+SUM(R3:R6) -> 2705.3754 | S7: =+SUM(S3:S6) -> 13890.565
A8: FINES_R01 | B8: =+COUNTIF(Nómina!W:W,A8) -> 172 | C8: =+SUMIF(Nómina!W:W,A8,Nómina!R:R) -> 250 | D8: =+SUMIF(Nómina!W:W,A8,Nómina!Q:Q) -> 4188 | E8: 5 | F8: 1.5 | G8: =+MIN(C8,I8/5) -> 76.270816 | H8: =MIN(B8,G8/C8*B8) -> 52.474322 | I8: =+(D8*POWER(1.645,2)*(0.5*0.5))/(POWER(E8/100,2)*(D8-1)+POWER(1.645,2)*(0.5*0.5))*F8 -> 381.35408
A9: FINES_R02 | B9: =+COUNTIF(Nómina!W:W,A9) -> 191 | C9: =+SUMIF(Nómina!W:W,A9,Nómina!R:R) -> 308 | D9: =+SUMIF(Nómina!W:W,A9,Nómina!Q:Q) -> 5612 | E9: 5 | F9: 1.5 | G9: =+MIN(C9,I9/5) -> 77.459565 | H9: =MIN(B9,G9/C9*B9) -> 48.03499 | I9: =+(D9*POWER(1.645,2)*(0.5*0.5))/(POWER(E9/100,2)*(D9-1)+POWER(1.645,2)*(0.5*0.5))*F9 -> 387.29782
A10: FINES_R03 | B10: =+COUNTIF(Nómina!W:W,A10) -> 234 | C10: =+SUMIF(Nómina!W:W,A10,Nómina!R:R) -> 482 | D10: =+SUMIF(Nómina!W:W,A10,Nómina!Q:Q) -> 10911 | E10: 5 | F10: 1.5 | G10: =+MIN(C10,I10/5) -> 79.223205 | H10: =MIN(B10,G10/C10*B10) -> 38.461058 | I10: =+(D10*POWER(1.645,2)*(0.5*0.5))/(POWER(E10/100,2)*(D10-1)+POWER(1.645,2)*(0.5*0.5))*F10 -> 396.11602
A11: FINES_R04 | B11: =+COUNTIF(Nómina!W:W,A11) -> 181 | C11: =+SUMIF(Nómina!W:W,A11,Nómina!R:R) -> 317 | D11: =+SUMIF(Nómina!W:W,A11,Nómina!Q:Q) -> 6828 | E11: 5 | F11: 1.5 | G11: =+MIN(C11,I11/5) -> 78.097098 | H11: =MIN(B11,G11/C11*B11) -> 44.591719 | I11: =+(D11*POWER(1.645,2)*(0.5*0.5))/(POWER(E11/100,2)*(D11-1)+POWER(1.645,2)*(0.5*0.5))*F11 -> 390.48549
A12: FINES_R05 | B12: =+COUNTIF(Nómina!W:W,A12) -> 215 | C12: =+SUMIF(Nómina!W:W,A12,Nómina!R:R) -> 471 | D12: =+SUMIF(Nómina!W:W,A12,Nómina!Q:Q) -> 10881 | E12: 5 | F12: 1.5 | G12: =+MIN(C12,I12/5) -> 79.217938 | H12: =MIN(B12,G12/C12*B12) -> 36.161055 | I12: =+(D12*POWER(1.645,2)*(0.5*0.5))/(POWER(E12/100,2)*(D12-1)+POWER(1.645,2)*(0.5*0.5))*F12 -> 396.08969
A13: FINES_R06 | B13: =+COUNTIF(Nómina!W:W,A13) -> 57 | C13: =+SUMIF(Nómina!W:W,A13,Nómina!R:R) -> 80 | D13: =+SUMIF(Nómina!W:W,A13,Nómina!Q:Q) -> 1212 | E13: 5 | F13: 1.5 | G13: =+MIN(C13,I13/5) -> 66.408547 | H13: =MIN(B13,G13/C13*B13) -> 47.31609 | I13: =+(D13*POWER(1.645,2)*(0.5*0.5))/(POWER(E13/100,2)*(D13-1)+POWER(1.645,2)*(0.5*0.5))*F13 -> 332.04273
A14: FINES_R07 | B14: =+COUNTIF(Nómina!W:W,A14) -> 87 | C14: =+SUMIF(Nómina!W:W,A14,Nómina!R:R) -> 119 | D14: =+SUMIF(Nómina!W:W,A14,Nómina!Q:Q) -> 1867 | E14: 5 | F14: 1.5 | G14: =+MIN(C14,I14/5) -> 70.937135 | H14: =MIN(B14,G14/C14*B14) -> 51.861603 | I14: =+(D14*POWER(1.645,2)*(0.5*0.5))/(POWER(E14/100,2)*(D14-1)+POWER(1.645,2)*(0.5*0.5))*F14 -> 354.68568
A15: FINES_R08 | B15: =+COUNTIF(Nómina!W:W,A15) -> 102 | C15: =+SUMIF(Nómina!W:W,A15,Nómina!R:R) -> 221 | D15: =+SUMIF(Nómina!W:W,A15,Nómina!Q:Q) -> 4512 | E15: 5 | F15: 1.5 | G15: =+MIN(C15,I15/5) -> 76.603512 | H15: =MIN(B15,G15/C15*B15) -> 35.355467 | I15: =+(D15*POWER(1.645,2)*(0.5*0.5))/(POWER(E15/100,2)*(D15-1)+POWER(1.645,2)*(0.5*0.5))*F15 -> 383.01756
A16: FINES_R09 | B16: =+COUNTIF(Nómina!W:W,A16) -> 109 | C16: =+SUMIF(Nómina!W:W,A16,Nómina!R:R) -> 188 | D16: =+SUMIF(Nómina!W:W,A16,Nómina!Q:Q) -> 4902 | E16: 5 | F16: 1.5 | G16: =+MIN(C16,I16/5) -> 76.94869 | H16: =MIN(B16,G16/C16*B16) -> 44.613868 | I16: =+(D16*POWER(1.645,2)*(0.5*0.5))/(POWER(E16/100,2)*(D16-1)+POWER(1.645,2)*(0.5*0.5))*F16 -> 384.74345
A17: FINES_R10 | B17: =+COUNTIF(Nómina!W:W,A17) -> 136 | C17: =+SUMIF(Nómina!W:W,A17,Nómina!R:R) -> 185 | D17: =+SUMIF(Nómina!W:W,A17,Nómina!Q:Q) -> 3176 | E17: 5 | F17: 1.5 | G17: =+MIN(C17,I17/5) -> 74.828731 | H17: =MIN(B17,G17/C17*B17) -> 55.009229 | I17: =+(D17*POWER(1.645,2)*(0.5*0.5))/(POWER(E17/100,2)*(D17-1)+POWER(1.645,2)*(0.5*0.5))*F17 -> 374.14365
A18: FINES_R11 | B18: =+COUNTIF(Nómina!W:W,A18) -> 104 | C18: =+SUMIF(Nómina!W:W,A18,Nómina!R:R) -> 215 | D18: =+SUMIF(Nómina!W:W,A18,Nómina!Q:Q) -> 4932 | E18: 5 | F18: 1.5 | G18: =+MIN(C18,I18/5) -> 76.973098 | H18: =MIN(B18,G18/C18*B18) -> 37.233499 | I18: =+(D18*POWER(1.645,2)*(0.5*0.5))/(POWER(E18/100,2)*(D18-1)+POWER(1.645,2)*(0.5*0.5))*F18 -> 384.86549
A19: FINES_R12 | B19: =+COUNTIF(Nómina!W:W,A19) -> 48 | C19: =+SUMIF(Nómina!W:W,A19,Nómina!R:R) -> 68 | D19: =+SUMIF(Nómina!W:W,A19,Nómina!Q:Q) -> 1374 | E19: 5 | F19: 1.5 | G19: =+MIN(C19,I19/5) -> 67.864554 | H19: =MIN(B19,G19/C19*B19) -> 47.904391 | I19: =+(D19*POWER(1.645,2)*(0.5*0.5))/(POWER(E19/100,2)*(D19-1)+POWER(1.645,2)*(0.5*0.5))*F19 -> 339.32277
... A26: FINES_R15172425 | B26: =+COUNTIF(Nómina!W:W,A26) -> 114 | C26: =+SUMIF(Nómina!W:W,A26,Nómina!R:R) -> 153 | D26: =+SUMIF(Nómina!W:W,A26,Nómina!Q:Q) -> 2445 | E26: 4 | F26: 1.5 | G26: =+MIN(C26,I26/5) -> 108.18127 | H26: =MIN(B26,G26/C26*B26) -> 80.605651 | I26: =+(D26*POWER(1.645,2)*(0.5*0.5))/(POWER(E26/100,2)*(D26-1)+POWER(1.645,2)*(0.5*0.5))*F26 -> 540.90634

Sheet Fines-Sedes
A1: Región Educativa | B1: Código Distrito DGCyE | C1: Nombre de Distrito - Partido | D1: Sede | E1: COMISIONES | F1: ESTUDIANTES | G1: R | H1: Distrito | K1: distrito | L1: Región Educativa | M1: Código Distrito DGCyE | N1: Nombre de Distrito - Partido
A2: =+VLOOKUP(H2,$K:$N,2,FALSE) -> 01 | B2: =+VLOOKUP(H2,$K:$N,3,FALSE) -> 113 | C2: =+VLOOKUP(H2,$K:$N,4,FALSE) -> Berisso | D2: AGRUPACIÓN MARÍA ROLDÁN | E2: 1 | F2: 18 | G2: 1 | H2: BERISSO | K2: BERISSO | L2: 01 | M2: 113 | N2: Berisso
A3: =+VLOOKUP(H3,$K:$N,2,FALSE) -> 01 | B3: =+VLOOKUP(H3,$K:$N,3,FALSE) -> 113 | C3: =+VLOOKUP(H3,$K:$N,4,FALSE) -> Berisso | D3: C.Cultural y Polideportvo Papa Francisco S/N Berisso | E3: 1 | F3: 17 | G3: 1 | H3: BERISSO | K3: Coronel Brandsen | L3: 01 | M3: 014 | N3: Brandsen
A4: =+VLOOKUP(H4,$K:$N,2,FALSE) -> 01 | B4: =+VLOOKUP(H4,$K:$N,3,FALSE) -> 113 | C4: =+VLOOKUP(H4,$K:$N,4,FALSE) -> Berisso | D4: Casa Nuestra Patria | E4: 3 | F4: 69 | G4: 1 | H4: BERISSO | K4: Ensenada | L4: 01 | M4: 114 | N4: Ensenada
A5: =+VLOOKUP(H5,$K:$N,2,FALSE) -> 01 | B5: =+VLOOKUP(H5,$K:$N,3,FALSE) -> 113 | C5: =+VLOOKUP(H5,$K:$N,4,FALSE) -> Berisso | D5: CENTRO CULTURAL LA 163 | E5: 1 | F5: 22 | G5: 1 | H5: BERISSO | K5: La Plata | L5: 01 | M5: 001 | N5: La Plata
A6: =+VLOOKUP(H6,$K:$N,2,FALSE) -> 01 | B6: =+VLOOKUP(H6,$K:$N,3,FALSE) -> 113 | C6: =+VLOOKUP(H6,$K:$N,4,FALSE) -> Berisso | D6: CIC Barrio Obrero | E6: 1 | F6: 19 | G6: 1 | H6: BERISSO | K6: Magdalena | L6: 01 | M6: 064 | N6: Magdalena
A7: =+VLOOKUP(H7,$K:$N,2,FALSE) -> 01 | B7: =+VLOOKUP(H7,$K:$N,3,FALSE) -> 113 | C7: =+VLOOKUP(H7,$K:$N,4,FALSE) -> Berisso | D7: Club El Carmen | E7: 1 | F7: 13 | G7: 1 | H7: BERISSO | K7: Punta Indio | L7: 01 | M7: 134 | N7: Punta Indio
A8: =+VLOOKUP(H8,$K:$N,2,FALSE) -> 01 | B8: =+VLOOKUP(H8,$K:$N,3,FALSE) -> 113 | C8: =+VLOOKUP(H8,$K:$N,4,FALSE) -> Berisso | D8: Club Villa Nueva | E8: 1 | F8: 18 | G8: 1 | H8: BERISSO | K8: Avellaneda | L8: 02 | M8: 005 | N8: Avellaneda
A9: =+VLOOKUP(H9,$K:$N,2,FALSE) -> 01 | B9: =+VLOOKUP(H9,$K:$N,3,FALSE) -> 113 | C9: =+VLOOKUP(H9,$K:$N,4,FALSE) -> Berisso | D9: Club Villa Paula s/n Berisso | E9: 1 | F9: 27 | G9: 1 | H9: BERISSO | K9: Lanús | L9: 02 | M9: 111 | N9: Lanús
A10: =+VLOOKUP(H10,$K:$N,2,FALSE) -> 01 | B10: =+VLOOKUP(H10,$K:$N,3,FALSE) -> 113 | C10: =+VLOOKUP(H10,$K:$N,4,FALSE) -> Berisso | D10: CLUB VILLA PROGRESO | E10: 1 | F10: 14 | G10: 1 | H10: BERISSO | K10: Lomas de Zamora | L10: 02 | M10: 062 | N10: Lomas de Zamora
A11: =+VLOOKUP(H11,$K:$N,2,FALSE) -> 01 | B11: =+VLOOKUP(H11,$K:$N,3,FALSE) -> 113 | C11: =+VLOOKUP(H11,$K:$N,4,FALSE) -> Berisso | D11: COMEDOR LOS PEQUES S/N Berisso | E11: 1 | F11: 20 | G11: 1 | H11: BERISSO | K11: La Matanza 1 | L11: 03 | M11: 069 | N11: La Matanza
A12: =+VLOOKUP(H12,$K:$N,2,FALSE) -> 01 | B12: =+VLOOKUP(H12,$K:$N,3,FALSE) -> 113 | C12: =+VLOOKUP(H12,$K:$N,4,FALSE) -> Berisso | D12: Comedor Rayito de Luz | E12: 2 | F12: 37 | G12: 1 | H12: BERISSO | K12: La Matanza 2 | L12: 03 | M12: 069 | N12: La Matanza
A13: =+VLOOKUP(H13,$K:$N,2,FALSE) -> 01 | B13: =+VLOOKUP(H13,$K:$N,3,FALSE) -> 113 | C13: =+VLOOKUP(H13,$K:$N,4,FALSE) -> Berisso | D13: Construyendo Futuro | E13: 2 | F13: 26 | G13: 1 | H13: BERISSO | K13: La Matanza 3 | L13: 03 | M13: 069 | N13: La Matanza
... A78: =+VLOOKUP(H78,$K:$N,2,FALSE) -> 01 | B78: =+VLOOKUP(H78,$K:$N,3,FALSE) -> 001 | C78: =+VLOOKUP(H78,$K:$N,4,FALSE) -> La Plata | D78: Centro Sicardi S/N La Plata Parque Sicardi | E78: 1 | F78: 0 | G78: 1 | H78: La Plata | K78: General Villegas | L78: 16 | M78: 049 | N78: General Villegas
A79: =+VLOOKUP(H79,$K:$N,2,FALSE) -> 01 | B79: =+VLOOKUP(H79,$K:$N,3,FALSE) -> 001 | C79: =+VLOOKUP(H79,$K:$N,4,FALSE) -> La Plata | D79: CFL 428 | E79: 1 | F79: 13 | G79: 1 | H79: La Plata | L79: 16 | M79: 080 | N79: Pellegrini
A80: =+VLOOKUP(H80,$K:$N,2,FALSE) -> 01 | B80: =+VLOOKUP(H80,$K:$N,3,FALSE) -> 001 | C80: =+VLOOKUP(H80,$K:$N,4,FALSE) -> La Plata | D80: CFL N°424 S/N LA PLATA CENTRO | E80: 1 | F80: 0 | G80: 1 | H80: La Plata | K80: Rivadavia | L80: 16 | M80: 088 | N80: Rivadavia
A81: =+VLOOKUP(H81,$K:$N,2,FALSE) -> 01 | B81: =+VLOOKUP(H81,$K:$N,3,FALSE) -> 001 | C81: =+VLOOKUP(H81,$K:$N,4,FALSE) -> La Plata | D81: CFP 428 (Centro de Formación Profesional 428) | E81: 2 | F81: 35 | G81: 1 | H81: La Plata | K81: Saliquello | L81: 16 | M81: 120 | N81: Salliqueló
A82: =+VLOOKUP(H82,$K:$N,2,FALSE) -> 01 | B82: =+VLOOKUP(H82,$K:$N,3,FALSE) -> 001 | C82: =+VLOOKUP(H82,$K:$N,4,FALSE) -> La Plata | D82: CIC El Retiro | E82: 1 | F82: 5 | G82: 1 | H82: La Plata | K82: Trenque Lauquen | L82: 16 | M82: 106 | N82: Trenque Lauquen
A83: =+VLOOKUP(H83,$K:$N,2,FALSE) -> 01 | B83: =+VLOOKUP(H83,$K:$N,3,FALSE) -> 001 | C83: =+VLOOKUP(H83,$K:$N,4,FALSE) -> La Plata | D83: Club Corazones del Retiro S/N La Plata Olmos | E83: 1 | F83: 24 | G83: 1 | H83: La Plata | K83: Tres Lomas | L83: 16 | M83: 127 | N83: Tres Lomas
A84: =+VLOOKUP(H84,$K:$N,2,FALSE) -> 01 | B84: =+VLOOKUP(H84,$K:$N,3,FALSE) -> 001 | C84: =+VLOOKUP(H84,$K:$N,4,FALSE) -> La Plata | D84: CLUB DEPORTIVO Y BIBLIOTECA POPULAR ROMERENSE | E84: 1 | F84: 20 | G84: 1 | H84: La Plata | K84: Chascomús | L84: 17 | M84: 027 | N84: Chascomús
A85: =+VLOOKUP(H85,$K:$N,2,FALSE) -> 01 | B85: =+VLOOKUP(H85,$K:$N,3,FALSE) -> 001 | C85: =+VLOOKUP(H85,$K:$N,4,FALSE) -> La Plata | D85: CLUB LAS QUINTAS | E85: 2 | F85: 19 | G85: 1 | H85: La Plata | K85: General Belgrano | L85: 17 | M85: 036 | N85: General Belgrano
A86: =+VLOOKUP(H86,$K:$N,2,FALSE) -> 01 | B86: =+VLOOKUP(H86,$K:$N,3,FALSE) -> 001 | C86: =+VLOOKUP(H86,$K:$N,4,FALSE) -> La Plata | D86: CLUB LOS ABUELOS | E86: 1 | F86: 27 | G86: 1 | H86: La Plata | K86: General Paz | L86: 17 | M86: 041 | N86: General Paz
A87: =+VLOOKUP(H87,$K:$N,2,FALSE) -> 01 | B87: =+VLOOKUP(H87,$K:$N,3,FALSE) -> 001 | C87: =+VLOOKUP(H87,$K:$N,4,FALSE) -> La Plata | D87: Club Provincia | E87: 3 | F87: 65 | G87: 1 | H87: La Plata | K87: Lezama | L87: 17 | M87: 137 | N87: Lezama
A88: =+VLOOKUP(H88,$K:$N,2,FALSE) -> 01 | B88: =+VLOOKUP(H88,$K:$N,3,FALSE) -> 001 | C88: =+VLOOKUP(H88,$K:$N,4,FALSE) -> La Plata | D88: COLECTIVO LA CASA | E88: 1 | F88: 17 | G88: 1 | H88: La Plata | K88: Monte | L88: 17 | M88: 072 | N88: Monte
A89: =+VLOOKUP(H89,$K:$N,2,FALSE) -> 01 | B89: =+VLOOKUP(H89,$K:$N,3,FALSE) -> 001 | C89: =+VLOOKUP(H89,$K:$N,4,FALSE) -> La Plata | D89: COMEDOR CORAZONES CONTENTOS DEL KM 52 | E89: 1 | F89: 8 | G89: 1 | H89: La Plata | K89: Pila | L89: 17 | M89: 082 | N89: Pila
A90: =+VLOOKUP(H90,$K:$N,2,FALSE) -> 01 | B90: =+VLOOKUP(H90,$K:$N,3,FALSE) -> 001 | C90: =+VLOOKUP(H90,$K:$N,4,FALSE) -> La Plata | D90: COMEDOR LOS PIRULINES | E90: 1 | F90: 11 | G90: 1 | H90: La Plata | K90: Rauch | L90: 17 | M90: 087 | N90: Rauch
A91: =+VLOOKUP(H91,$K:$N,2,FALSE) -> 01 | B91: =+VLOOKUP(H91,$K:$N,3,FALSE) -> 001 | C91: =+VLOOKUP(H91,$K:$N,4,FALSE) -> La Plata | D91: COMEDOR PAN DE VIDA | E91: 1 | F91: 10 | G91: 1 | H91: La Plata | K91: Ayacucho | L91: 18 | M91: 006 | N91: Ayacucho
... A117: =+VLOOKUP(H117,$K:$N,2,FALSE) -> 01 | B117: =+VLOOKUP(H117,$K:$N,3,FALSE) -> 001 | C117: =+VLOOKUP(H117,$K:$N,4,FALSE) -> La Plata | D117: GIMNASIA Y ESGRIMA LA PLATA | E117: 3 | F117: 68 | G117: 1 | H117: La Plata | K117: Coronel Rosales | L117: 22 | M117: 112 | N117: Coronel de Marina L. Rosales
A118: =+VLOOKUP(H118,$K:$N,2,FALSE) -> 01 | B118: =+VLOOKUP(H118,$K:$N,3,FALSE) -> 001 | C118: =+VLOOKUP(H118,$K:$N,4,FALSE) -> La Plata | D118: HOSPITAL REENCUENTRO | E118: 1 | F118: 11 | G118: 1 | H118: La Plata | L118: 22 | M118: 126 | N118: Monte Hermoso
A119: =+VLOOKUP(H119,$K:$N,2,FALSE) -> 01 | B119: =+VLOOKUP(H119,$K:$N,3,FALSE) -> 001 | C119: =+VLOOKUP(H119,$K:$N,4,FALSE) -> La Plata | D119: JIRONES DE MI BARRIO - CLUB PARAGUAYO | E119: 3 | F119: 64 | G119: 1 | H119: La Plata | K119: Cármen de Patagones | L119: 22 | M119: 078 | N119: Patagones
A120: =+VLOOKUP(H120,$K:$N,2,FALSE) -> 01 | B120: =+VLOOKUP(H120,$K:$N,3,FALSE) -> 001 | C120: =+VLOOKUP(H120,$K:$N,4,FALSE) -> La Plata | D120: LA CASITA | E120: 1 | F120: 36 | G120: 1 | H120: La Plata | K120: Villarino | L120: 22 | M120: 110 | N120: Villarino
A121: =+VLOOKUP(H121,$K:$N,2,FALSE) -> 01 | B121: =+VLOOKUP(H121,$K:$N,3,FALSE) -> 001 | C121: =+VLOOKUP(H121,$K:$N,4,FALSE) -> La Plata | D121: LA HERMOSURA S/N La Plata La Hermosura | E121: 1 | F121: 0 | G121: 1 | H121: La Plata | K121: Adolfo Alsina | L121: 23 | M121: 002 | N121: Adolfo Alsina
A122: =+VLOOKUP(H122,$K:$N,2,FALSE) -> 01 | B122: =+VLOOKUP(H122,$K:$N,3,FALSE) -> 001 | C122: =+VLOOKUP(H122,$K:$N,4,FALSE) -> La Plata | D122: LA LIBERTAD FUTURA MOVIMIENTO UNIDAD POPULAR (MUP) | E122: 1 | F122: 16 | G122: 1 | H122: La Plata | K122: Coronel Suarez | L122: 23 | M122: 025 | N122: Coronel Suárez
A123: =+VLOOKUP(H123,$K:$N,2,FALSE) -> 01 | B123: =+VLOOKUP(H123,$K:$N,3,FALSE) -> 001 | C123: =+VLOOKUP(H123,$K:$N,4,FALSE) -> La Plata | D123: LA MILITANTE | E123: 2 | F123: 45 | G123: 1 | H123: La Plata | K123: Daireaux | L123: 23 | M123: 020 | N123: Daireaux
A124: =+VLOOKUP(H124,$K:$N,2,FALSE) -> 01 | B124: =+VLOOKUP(H124,$K:$N,3,FALSE) -> 001 | C124: =+VLOOKUP(H124,$K:$N,4,FALSE) -> La Plata | D124: LOS LIBROS NO MUERDEN | E124: 1 | F124: 15 | G124: 1 | H124: La Plata | K124: General Lamadrid | L124: 23 | M124: 038 | N124: General La Madrid
A125: =+VLOOKUP(H125,$K:$N,2,FALSE) -> 01 | B125: =+VLOOKUP(H125,$K:$N,3,FALSE) -> 001 | C125: =+VLOOKUP(H125,$K:$N,4,FALSE) -> La Plata | D125: MALVINAS ARGENTINAS S/N La Plata Los Hornos | E125: 1 | F125: 16 | G125: 1 | H125: La Plata | K125: Guamini | L125: 23 | M125: 051 | N125: Guaminí
A126: =+VLOOKUP(H126,$K:$N,2,FALSE) -> 01 | B126: =+VLOOKUP(H126,$K:$N,3,FALSE) -> 001 | C126: =+VLOOKUP(H126,$K:$N,4,FALSE) -> La Plata | D126: Mary Sanchez | E126: 3 | F126: 62 | G126: 1 | H126: La Plata | K126: Puan | L126: 23 | M126: 084 | N126: Puan
A127: =+VLOOKUP(H127,$K:$N,2,FALSE) -> 01 | B127: =+VLOOKUP(H127,$K:$N,3,FALSE) -> 001 | C127: =+VLOOKUP(H127,$K:$N,4,FALSE) -> La Plata | D127: Mary Sanchez S/N La Plata El Rincón | E127: 1 | F127: 14 | G127: 1 | H127: La Plata | K127: Saavedra | L127: 23 | M127: 091 | N127: Saavedra
A128: =+VLOOKUP(H128,$K:$N,2,FALSE) -> 01 | B128: =+VLOOKUP(H128,$K:$N,3,FALSE) -> 001 | C128: =+VLOOKUP(H128,$K:$N,4,FALSE) -> La Plata | D128: ME VERÁS VOLVER | E128: 1 | F128: 21 | G128: 1 | H128: La Plata | K128: Tornquist | L128: 23 | M128: 105 | N128: Tornquist
A129: =+VLOOKUP(H129,$K:$N,2,FALSE) -> 01 | B129: =+VLOOKUP(H129,$K:$N,3,FALSE) -> 001 | C129: =+VLOOKUP(H129,$K:$N,4,FALSE) -> La Plata | D129: Néstor y Cristina | E129: 1 | F129: 16 | G129: 1 | H129: La Plata | K129: 25 de mayo | L129: 24 | M129: 108 | N129: 25 de Mayo
A130: =+VLOOKUP(H130,$K:$N,2,FALSE) -> 01 | B130: =+VLOOKUP(H130,$K:$N,3,FALSE) -> 001 | C130: =+VLOOKUP(H130,$K:$N,4,FALSE) -> La Plata | D130: NIÑO JESUS (C.C.C) | E130: 3 | F130: 62 | G130: 1 | H130: La Plata | K130: General Alvear | L130: 24 | M130: 034 | N130: General Alvear
... A138: =+VLOOKUP(H138,$K:$N,2,FALSE) -> 01 | B138: =+VLOOKUP(H138,$K:$N,3,FALSE) -> 001 | C138: =+VLOOKUP(H138,$K:$N,4,FALSE) -> La Plata | D138: Polideportivo Los Hornos | E138: 2 | F138: 54 | G138: 1 | H138: La Plata | K138: Tapalque | L138: 25 | M138: 103 | N138: Tapalqué
A139: =+VLOOKUP(H139,$K:$N,2,FALSE) -> 01 | B139: =+VLOOKUP(H139,$K:$N,3,FALSE) -> 001 | C139: =+VLOOKUP(H139,$K:$N,4,FALSE) -> La Plata | D139: POR UN FUTURO MEJOR | E139: 1 | F139: 23 | G139: 1 | H139: La Plata
A140: =+VLOOKUP(H140,$K:$N,2,FALSE) -> 01 | B140: =+VLOOKUP(H140,$K:$N,3,FALSE) -> 001 | C140: =+VLOOKUP(H140,$K:$N,4,FALSE) -> La Plata | D140: Primero la Patria | E140: 1 | F140: 13 | G140: 1 | H140: La Plata
A141: =+VLOOKUP(H141,$K:$N,2,FALSE) -> 01 | B141: =+VLOOKUP(H141,$K:$N,3,FALSE) -> 001 | C141: =+VLOOKUP(H141,$K:$N,4,FALSE) -> La Plata | D141: Resistencia Cultural Barrio Los Robles (Rodol Demi | E141: 1 | F141: 9 | G141: 1 | H141: La Plata
A142: =+VLOOKUP(H142,$K:$N,2,FALSE) -> 01 | B142: =+VLOOKUP(H142,$K:$N,3,FALSE) -> 001 | C142: =+VLOOKUP(H142,$K:$N,4,FALSE) -> La Plata | D142: SAVOIA | E142: 1 | F142: 4 | G142: 1 | H142: La Plata
A143: =+VLOOKUP(H143,$K:$N,2,FALSE) -> 01 | B143: =+VLOOKUP(H143,$K:$N,3,FALSE) -> 001 | C143: =+VLOOKUP(H143,$K:$N,4,FALSE) -> La Plata | D143: Sitio de la Memoria Arana | E143: 1 | F143: 8 | G143: 1 | H143: La Plata
A144: =+VLOOKUP(H144,$K:$N,2,FALSE) -> 01 | B144: =+VLOOKUP(H144,$K:$N,3,FALSE) -> 001 | C144: =+VLOOKUP(H144,$K:$N,4,FALSE) -> La Plata | D144: TIEMPO PERFECTO | E144: 1 | F144: 9 | G144: 1 | H144: La Plata
A145: =+VLOOKUP(H145,$K:$N,2,FALSE) -> 01 | B145: =+VLOOKUP(H145,$K:$N,3,FALSE) -> 001 | C145: =+VLOOKUP(H145,$K:$N,4,FALSE) -> La Plata | D145: UB MALVINAS | E145: 1 | F145: 18 | G145: 1 | H145: La Plata
A146: =+VLOOKUP(H146,$K:$N,2,FALSE) -> 01 | B146: =+VLOOKUP(H146,$K:$N,3,FALSE) -> 001 | C146: =+VLOOKUP(H146,$K:$N,4,FALSE) -> La Plata | D146: UDA ETCHEVERRY S/N La Plata Angel Etcheverry | E146: 1 | F146: 0 | G146: 1 | H146: La Plata
A147: =+VLOOKUP(H147,$K:$N,2,FALSE) -> 01 | B147: =+VLOOKUP(H147,$K:$N,3,FALSE) -> 001 | C147: =+VLOOKUP(H147,$K:$N,4,FALSE) -> La Plata | D147: UTT OLMOS | E147: 3 | F147: 33 | G147: 1 | H147: La Plata
A148: =+VLOOKUP(H148,$K:$N,2,FALSE) -> 01 | B148: =+VLOOKUP(H148,$K:$N,3,FALSE) -> 064 | C148: =+VLOOKUP(H148,$K:$N,4,FALSE) -> Magdalena | D148: AMFAB S/N MAGDALENA MAGDALENA | E148: 1 | F148: 15 | G148: 1 | H148: Magdalena
A149: =+VLOOKUP(H149,$K:$N,2,FALSE) -> 01 | B149: =+VLOOKUP(H149,$K:$N,3,FALSE) -> 064 | C149: =+VLOOKUP(H149,$K:$N,4,FALSE) -> Magdalena | D149: BIBLOTECA AMOR AL ARTE ATALAYA 000 ATALAYA ATALAYA | E149: 1 | F149: 9 | G149: 1 | H149: Magdalena
A150: =+VLOOKUP(H150,$K:$N,2,FALSE) -> 01 | B150: =+VLOOKUP(H150,$K:$N,3,FALSE) -> 064 | C150: =+VLOOKUP(H150,$K:$N,4,FALSE) -> Magdalena | D150: CEPT N°29 | E150: 1 | F150: 14 | G150: 1 | H150: Magdalena
... A173: =+VLOOKUP(H173,$K:$N,2,FALSE) -> 01 | B173: =+VLOOKUP(H173,$K:$N,3,FALSE) -> 134 | C173: =+VLOOKUP(H173,$K:$N,4,FALSE) -> Punta Indio | D173: Sociedad de Fomento Punta Indio s/n PUNTA INDIO | E173: 1 | F173: 1 | G173: 1 | H173: Punta Indio
A174: =+VLOOKUP(H174,$K:$N,2,FALSE) -> 02 | B174: =+VLOOKUP(H174,$K:$N,3,FALSE) -> 005 | C174: =+VLOOKUP(H174,$K:$N,4,FALSE) -> Avellaneda | D174: 46029 | E174: 1 | F174: 20 | G174: 2 | H174: Avellaneda
A175: =+VLOOKUP(H175,$K:$N,2,FALSE) -> 02 | B175: =+VLOOKUP(H175,$K:$N,3,FALSE) -> 005 | C175: =+VLOOKUP(H175,$K:$N,4,FALSE) -> Avellaneda | D175: Agrupación Juvenil | E175: 1 | F175: 15 | G175: 2 | H175: Avellaneda
A176: =+VLOOKUP(H176,$K:$N,2,FALSE) -> 02 | B176: =+VLOOKUP(H176,$K:$N,3,FALSE) -> 005 | C176: =+VLOOKUP(H176,$K:$N,4,FALSE) -> Avellaneda | D176: Agrupación Juvenil 1905 Avellaneda Piñeyro | E176: 1 | F176: 0 | G176: 2 | H176: Avellaneda
A177: =+VLOOKUP(H177,$K:$N,2,FALSE) -> 02 | B177: =+VLOOKUP(H177,$K:$N,3,FALSE) -> 005 | C177: =+VLOOKUP(H177,$K:$N,4,FALSE) -> Avellaneda | D177: ATE | E177: 3 | F177: 50 | G177: 2 | H177: Avellaneda
A178: =+VLOOKUP(H178,$K:$N,2,FALSE) -> 02 | B178: =+VLOOKUP(H178,$K:$N,3,FALSE) -> 005 | C178: =+VLOOKUP(H178,$K:$N,4,FALSE) -> Avellaneda | D178: Ateneo "Cristina Conduccion" | E178: 3 | F178: 68 | G178: 2 | H178: Avellaneda
A179: =+VLOOKUP(H179,$K:$N,2,FALSE) -> 02 | B179: =+VLOOKUP(H179,$K:$N,3,FALSE) -> 005 | C179: =+VLOOKUP(H179,$K:$N,4,FALSE) -> Avellaneda | D179: BIBLIOTECA AZUCENA VILLAFLOR | E179: 1 | F179: 21 | G179: 2 | H179: Avellaneda
A180: =+VLOOKUP(H180,$K:$N,2,FALSE) -> 02 | B180: =+VLOOKUP(H180,$K:$N,3,FALSE) -> 005 | C180: =+VLOOKUP(H180,$K:$N,4,FALSE) -> Avellaneda | D180: Biblioteca Hugo Chavez | E180: 1 | F180: 19 | G180: 2 | H180: Avellaneda
A181: =+VLOOKUP(H181,$K:$N,2,FALSE) -> 02 | B181: =+VLOOKUP(H181,$K:$N,3,FALSE) -> 005 | C181: =+VLOOKUP(H181,$K:$N,4,FALSE) -> Avellaneda | D181: CC CORAZON DE ALICIA | E181: 1 | F181: 18 | G181: 2 | H181: Avellaneda
A182: =+VLOOKUP(H182,$K:$N,2,FALSE) -> 02 | B182: =+VLOOKUP(H182,$K:$N,3,FALSE) -> 005 | C182: =+VLOOKUP(H182,$K:$N,4,FALSE) -> Avellaneda | D182: CENS n° 458 | E182: 1 | F182: 24 | G182: 2 | H182: Avellaneda
A183: =+VLOOKUP(H183,$K:$N,2,FALSE) -> 02 | B183: =+VLOOKUP(H183,$K:$N,3,FALSE) -> 005 | C183: =+VLOOKUP(H183,$K:$N,4,FALSE) -> Avellaneda | D183: Centro Aime Paine | E183: 5 | F183: 102 | G183: 2 | H183: Avellaneda
A184: =+VLOOKUP(H184,$K:$N,2,FALSE) -> 02 | B184: =+VLOOKUP(H184,$K:$N,3,FALSE) -> 005 | C184: =+VLOOKUP(H184,$K:$N,4,FALSE) -> Avellaneda | D184: Centro Comunitario ARCO IRIS | E184: 1 | F184: 18 | G184: 2 | H184: Avellaneda
A185: =+VLOOKUP(H185,$K:$N,2,FALSE) -> 02 | B185: =+VLOOKUP(H185,$K:$N,3,FALSE) -> 005 | C185: =+VLOOKUP(H185,$K:$N,4,FALSE) -> Avellaneda | D185: Centro comunitario Eva Peron | E185: 1 | F185: 22 | G185: 2 | H185: Avellaneda
A186: =+VLOOKUP(H186,$K:$N,2,FALSE) -> 02 | B186: =+VLOOKUP(H186,$K:$N,3,FALSE) -> 005 | C186: =+VLOOKUP(H186,$K:$N,4,FALSE) -> Avellaneda | D186: Centro Comunitario Hebe Bonafini | E186: 1 | F186: 17 | G186: 2 | H186: Avellaneda
... A364: =+VLOOKUP(H364,$K:$N,2,FALSE) -> 02 | B364: =+VLOOKUP(H364,$K:$N,3,FALSE) -> 062 | C364: =+VLOOKUP(H364,$K:$N,4,FALSE) -> Lomas de Zamora | D364: VIOLETA PARRA | E364: 3 | F364: 35 | G364: 2 | H364: Lomas de Zamora
A365: =+VLOOKUP(H365,$K:$N,2,FALSE) -> 03 | B365: =+VLOOKUP(H365,$K:$N,3,FALSE) -> 069 | C365: =+VLOOKUP(H365,$K:$N,4,FALSE) -> La Matanza | D365: 504 | E365: 1 | F365: 27 | G365: 3 | H365: La Matanza 1
A366: =+VLOOKUP(H366,$K:$N,2,FALSE) -> 03 | B366: =+VLOOKUP(H366,$K:$N,3,FALSE) -> 069 | C366: =+VLOOKUP(H366,$K:$N,4,FALSE) -> La Matanza | D366: ASAMBLEA PERMANENTE DE LOS DERECHOS 3780 san justo san justo | E366: 1 | F366: 19 | G366: 3 | H366: La Matanza 1
A367: =+VLOOKUP(H367,$K:$N,2,FALSE) -> 03 | B367: =+VLOOKUP(H367,$K:$N,3,FALSE) -> 069 | C367: =+VLOOKUP(H367,$K:$N,4,FALSE) -> La Matanza | D367: CAPILLA SAN CAYETANO 1601 lomas del mirador lomas del mirador | E367: 1 | F367: 11 | G367: 3 | H367: La Matanza 1
A368: =+VLOOKUP(H368,$K:$N,2,FALSE) -> 03 | B368: =+VLOOKUP(H368,$K:$N,3,FALSE) -> 069 | C368: =+VLOOKUP(H368,$K:$N,4,FALSE) -> La Matanza | D368: CARITAS | E368: 6 | F368: 133 | G368: 3 | H368: La Matanza 1
A369: =+VLOOKUP(H369,$K:$N,2,FALSE) -> 03 | B369: =+VLOOKUP(H369,$K:$N,3,FALSE) -> 069 | C369: =+VLOOKUP(H369,$K:$N,4,FALSE) -> La Matanza | D369: CATEDRAL DE LA FE 2857 san justo san justo | E369: 1 | F369: 13 | G369: 3 | H369: La Matanza 1
A370: =+VLOOKUP(H370,$K:$N,2,FALSE) -> 03 | B370: =+VLOOKUP(H370,$K:$N,3,FALSE) -> 069 | C370: =+VLOOKUP(H370,$K:$N,4,FALSE) -> La Matanza | D370: CENTRO CULTURAL MI ESPERANZA | E370: 1 | F370: 11 | G370: 3 | H370: La Matanza 1
A371: =+VLOOKUP(H371,$K:$N,2,FALSE) -> 03 | B371: =+VLOOKUP(H371,$K:$N,3,FALSE) -> 069 | C371: =+VLOOKUP(H371,$K:$N,4,FALSE) -> La Matanza | D371: CENTRO CULTURAL NESTOR KIRCHNER | E371: 3 | F371: 82 | G371: 3 | H371: La Matanza 1
A372: =+VLOOKUP(H372,$K:$N,2,FALSE) -> 03 | B372: =+VLOOKUP(H372,$K:$N,3,FALSE) -> 069 | C372: =+VLOOKUP(H372,$K:$N,4,FALSE) -> La Matanza | D372: CENTRO CULTURAL PIERINA DEALLESSI | E372: 2 | F372: 55 | G372: 3 | H372: La Matanza 1
A373: =+VLOOKUP(H373,$K:$N,2,FALSE) -> 03 | B373: =+VLOOKUP(H373,$K:$N,3,FALSE) -> 069 | C373: =+VLOOKUP(H373,$K:$N,4,FALSE) -> La Matanza | D373: CIRCULO ITALIANO | E373: 2 | F373: 47 | G373: 3 | H373: La Matanza 1
A374: =+VLOOKUP(H374,$K:$N,2,FALSE) -> 03 | B374: =+VLOOKUP(H374,$K:$N,3,FALSE) -> 069 | C374: =+VLOOKUP(H374,$K:$N,4,FALSE) -> La Matanza | D374: CLUB DEPORTIVO SOCIAL Y DEFENSORES DE QUERANDI | E374: 2 | F374: 37 | G374: 3 | H374: La Matanza 1
A375: =+VLOOKUP(H375,$K:$N,2,FALSE) -> 03 | B375: =+VLOOKUP(H375,$K:$N,3,FALSE) -> 069 | C375: =+VLOOKUP(H375,$K:$N,4,FALSE) -> La Matanza | D375: CLUB PEDRO CASCO | E375: 2 | F375: 40 | G375: 3 | H375: La Matanza 1
A376: =+VLOOKUP(H376,$K:$N,2,FALSE) -> 03 | B376: =+VLOOKUP(H376,$K:$N,3,FALSE) -> 069 | C376: =+VLOOKUP(H376,$K:$N,4,FALSE) -> La Matanza | D376: Colonia mi Esperanza | E376: 3 | F376: 85 | G376: 3 | H376: La Matanza 1
A377: =+VLOOKUP(H377,$K:$N,2,FALSE) -> 03 | B377: =+VLOOKUP(H377,$K:$N,3,FALSE) -> 069 | C377: =+VLOOKUP(H377,$K:$N,4,FALSE) -> La Matanza | D377: CONSTRUCTORA | E377: 1 | F377: 0 | G377: 3 | H377: La Matanza 1
... A1091: =+VLOOKUP(H1091,$K:$N,2,FALSE) -> 07 | B1091: =+VLOOKUP(H1091,$K:$N,3,FALSE) -> 045 | C1091: =+VLOOKUP(H1091,$K:$N,4,FALSE) -> General San Martín | D1091: UOM 4538 Villa Ballester Villa Ballester | E1091: 1 | F1091: 0 | G1091: 7 | H1091: General San Martín
A1092: =+VLOOKUP(H1092,$K:$N,2,FALSE) -> 07 | B1092: =+VLOOKUP(H1092,$K:$N,3,FALSE) -> 135 | C1092: =+VLOOKUP(H1092,$K:$N,4,FALSE) -> Hurlingham | D1092: 46255 | E1092: 1 | F1092: 12 | G1092: 7 | H1092: Hurlingham
A1093: =+VLOOKUP(H1093,$K:$N,2,FALSE) -> 07 | B1093: =+VLOOKUP(H1093,$K:$N,3,FALSE) -> 135 | C1093: =+VLOOKUP(H1093,$K:$N,4,FALSE) -> Hurlingham | D1093: Cea 707 | E1093: 2 | F1093: 56 | G1093: 7 | H1093: Hurlingham
A1094: =+VLOOKUP(H1094,$K:$N,2,FALSE) -> 07 | B1094: =+VLOOKUP(H1094,$K:$N,3,FALSE) -> 135 | C1094: =+VLOOKUP(H1094,$K:$N,4,FALSE) -> Hurlingham | D1094: CENTRO CULTURAL WILLIAM MORRIS | E1094: 1 | F1094: 13 | G1094: 7 | H1094: Hurlingham
A1095: =+VLOOKUP(H1095,$K:$N,2,FALSE) -> 07 | B1095: =+VLOOKUP(H1095,$K:$N,3,FALSE) -> 135 | C1095: =+VLOOKUP(H1095,$K:$N,4,FALSE) -> Hurlingham | D1095: CFP Camargo ¨Malvinas Arg¨ | E1095: 1 | F1095: 22 | G1095: 7 | H1095: Hurlingham
A1096: =+VLOOKUP(H1096,$K:$N,2,FALSE) -> 07 | B1096: =+VLOOKUP(H1096,$K:$N,3,FALSE) -> 135 | C1096: =+VLOOKUP(H1096,$K:$N,4,FALSE) -> Hurlingham | D1096: CFP Malvinas Argentinas Solis | E1096: 2 | F1096: 43 | G1096: 7 | H1096: Hurlingham
A1097: =+VLOOKUP(H1097,$K:$N,2,FALSE) -> 07 | B1097: =+VLOOKUP(H1097,$K:$N,3,FALSE) -> 135 | C1097: =+VLOOKUP(H1097,$K:$N,4,FALSE) -> Hurlingham | D1097: Consejo Escolar | E1097: 1 | F1097: 19 | G1097: 7 | H1097: Hurlingham
A1098: =+VLOOKUP(H1098,$K:$N,2,FALSE) -> 07 | B1098: =+VLOOKUP(H1098,$K:$N,3,FALSE) -> 135 | C1098: =+VLOOKUP(H1098,$K:$N,4,FALSE) -> Hurlingham | D1098: Desarrollo Social B Mitre | E1098: 1 | F1098: 21 | G1098: 7 | H1098: Hurlingham
A1099: =+VLOOKUP(H1099,$K:$N,2,FALSE) -> 07 | B1099: =+VLOOKUP(H1099,$K:$N,3,FALSE) -> 135 | C1099: =+VLOOKUP(H1099,$K:$N,4,FALSE) -> Hurlingham | D1099: Epa 702 | E1099: 3 | F1099: 54 | G1099: 7 | H1099: Hurlingham
A1100: =+VLOOKUP(H1100,$K:$N,2,FALSE) -> 07 | B1100: =+VLOOKUP(H1100,$K:$N,3,FALSE) -> 135 | C1100: =+VLOOKUP(H1100,$K:$N,4,FALSE) -> Hurlingham | D1100: Epa 703 | E1100: 2 | F1100: 55 | G1100: 7 | H1100: Hurlingham
A1101: =+VLOOKUP(H1101,$K:$N,2,FALSE) -> 07 | B1101: =+VLOOKUP(H1101,$K:$N,3,FALSE) -> 135 | C1101: =+VLOOKUP(H1101,$K:$N,4,FALSE) -> Hurlingham | D1101: Heroes de malvinas | E1101: 1 | F1101: 23 | G1101: 7 | H1101: Hurlingham
A1102: =+VLOOKUP(H1102,$K:$N,2,FALSE) -> 07 | B1102: =+VLOOKUP(H1102,$K:$N,3,FALSE) -> 135 | C1102: =+VLOOKUP(H1102,$K:$N,4,FALSE) -> Hurlingham | D1102: Iglesia Esmirna | E1102: 1 | F1102: 11 | G1102: 7 | H1102: Hurlingham
A1103: =+VLOOKUP(H1103,$K:$N,2,FALSE) -> 07 | B1103: =+VLOOKUP(H1103,$K:$N,3,FALSE) -> 135 | C1103: =+VLOOKUP(H1103,$K:$N,4,FALSE) -> Hurlingham | D1103: Iglesia Nuevo Tiempo (ex catedral de la fé) | E1103: 2 | F1103: 48 | G1103: 7 | H1103: Hurlingham
A1104: =+VLOOKUP(H1104,$K:$N,2,FALSE) -> 07 | B1104: =+VLOOKUP(H1104,$K:$N,3,FALSE) -> 135 | C1104: =+VLOOKUP(H1104,$K:$N,4,FALSE) -> Hurlingham | D1104: Iglesia Tiempo de Dios 1510 Morris Morris | E1104: 1 | F1104: 2 | G1104: 7 | H1104: Hurlingham
... A1240: =+VLOOKUP(H1240,$K:$N,2,FALSE) -> 08 | B1240: =+VLOOKUP(H1240,$K:$N,3,FALSE) -> 100 | C1240: =+VLOOKUP(H1240,$K:$N,4,FALSE) -> Morón | D1240: UNION FERROVIARIOS 290 Haedo | E1240: 1 | F1240: 0 | G1240: 8 | H1240: Morón
A1241: =+VLOOKUP(H1241,$K:$N,2,FALSE) -> 09 | B1241: =+VLOOKUP(H1241,$K:$N,3,FALSE) -> 132 | C1241: =+VLOOKUP(H1241,$K:$N,4,FALSE) -> José C. Paz | D1241: 159 | E1241: 1 | F1241: 23 | G1241: 9 | H1241: José C Paz
A1242: =+VLOOKUP(H1242,$K:$N,2,FALSE) -> 09 | B1242: =+VLOOKUP(H1242,$K:$N,3,FALSE) -> 132 | C1242: =+VLOOKUP(H1242,$K:$N,4,FALSE) -> José C. Paz | D1242: Asociación Huellas de Fuego | E1242: 3 | F1242: 49 | G1242: 9 | H1242: José C Paz
A1243: =+VLOOKUP(H1243,$K:$N,2,FALSE) -> 09 | B1243: =+VLOOKUP(H1243,$K:$N,3,FALSE) -> 132 | C1243: =+VLOOKUP(H1243,$K:$N,4,FALSE) -> José C. Paz | D1243: CENTRO COMUNITARIO JUNTOS POR EL BARRIO S/N José C. Paz | E1243: 1 | F1243: 0 | G1243: 9 | H1243: José C Paz
...
